text,binary_label,language,source,media
"Parce soltame ya, deja tu sapa hijueputa envidia",0,es,Colombian,twitter
Vendé a tu madre pa conseguir los 2.000 millones sapa HIJUEPUTA malnacida de mierda,1,es,Colombian,twitter
SAPA HIJUEPUTA VIDA 😭😭😭😭😭😭👎🏻😭👎🏻😭👎🏻😭👎🏻😭👎🏻😭👎🏻😭👎🏻😭👎🏻😭👎🏻👎🏻😭👎🏻😭👎🏻😭👎🏻😭👎🏻😭👎🏻😭👎🏻😭,0,es,Colombian,twitter
SAPA hijueputa te odio,1,es,Colombian,twitter
"Quiero un caneco de aguardiente por cada color de tapa y un man que me meta una culeada muy sapa hijueputa, pero así que me deje mal.",0,es,Colombian,twitter
"jajajaa reclamando respeto y mirele el vocabulario...jajaaj con razon les dan en la jeta y piden aceptación los ""normales"" jajajajaa",1,es,Colombian,twitter
¡Qué hijueputa desespero cancelar una sapa hijueputa línea de Movistar! ¡MALDITA SEA!,0,es,Colombian,twitter
"y usted sapa hijueputa metida , que puta mierda va hablar,aparte de metiche, entrometida, hablando chorradas",1,es,Colombian,twitter
Que calor tan sapa hijueputa xd,0,es,Colombian,twitter
"🤫mujerzuela mejor deje de mostrar el rabo en publico, eso no la deja pensar 💭",1,es,Colombian,twitter
"Como lo hizo sin sospechas y sin testigos, en qué momento esa sapa Hijueputa me convirtió en su amante 🎶",0,es,Colombian,twitter
Vamos todos a putiar a esa gonorrea vendido sapa hijueputa,1,es,Colombian,twitter
Que sapa hijueputa rabia.,0,es,Colombian,twitter
Llegará tu sapa hijueputa caída.,1,es,Colombian,twitter
En mi sapa hijueputa vida vuelvo a buscar a alguien,0,es,Colombian,twitter
PERRA SAPA HIJUEPUTA,1,es,Colombian,twitter
Una sapa hijueputa fiesta.,0,es,Colombian,twitter
"Gabriella Montez? Sí, una sapa Hijueputa.",1,es,Colombian,twitter
La movilidad en cali si que se volvió mucha la basurada tan sapa ¡Hijueputa! En todo este chochal todos los semáforos de las cras y la Av principales y la autopista la Simón Bolívar todos están dañados ésto si es el colmo de la desfachatez de la secretaria de móvilidad.,0,es,Colombian,twitter
Sapa HIJUEPUTA,1,es,Colombian,twitter
"Hoy no almorcé, me desmayé, me dió una migraña ni la sapa hijueputa y ni siquiera podía caminar de lo débil que me sentía. No sé que fue, pero que gonorrea maluquera.",0,es,Colombian,twitter
Hablame claro pues sapa hijueputa.,1,es,Colombian,twitter
"Uy gonorrea, qué sapa hijueputa locura anoche 🥴",0,es,Colombian,twitter
LLEGARÁ TU CAIDA SAPA HIJUEPUTA,1,es,Colombian,twitter
Esas llantas Michelin son llama puntillas oyó. Sapa hijueputa sal.,0,es,Colombian,twitter
Nos tenemos es que matar Sapa hijueputa,1,es,Colombian,twitter
Esa canción y se me reinicia la sapa hijueputa vida.,0,es,Colombian,twitter
De hoy no pasas sapa hijueputa,1,es,Colombian,twitter
"La sapa hijueputa Boda de ella? Si, tiene que ser la mejor",0,es,Colombian,twitter
"Sapa hijueputa casi se lo come con la mirada, ofrecida, regalada.",1,es,Colombian,twitter
"Uy sapa hijueputa, me dolió la cabeza 🤯",0,es,Colombian,twitter
Por mi muerase sapa hijueputa.,1,es,Colombian,twitter
En la sapa hijueputa vida vuelvo a comprar en Carulla.,0,es,Colombian,twitter
Siempre tienes hambre gorda sapa hijueputa,1,es,Colombian,twitter
Sapa hijueputa borrachiza me metí ayer. Cuánto la necesitaba.,0,es,Colombian,twitter
Te voy a matar,1,es,Colombian,twitter
Me duelen las nalgas de la pedaleada TAN SAPA HIJUEPUTA que me pegué ayer.,0,es,Colombian,twitter
Y yo te voy a matar a golpes,1,es,Colombian,twitter
"Voy a empezar 2018 endeudado pero que hijueputa hoy se acaba el año y el cielo puede esperar, sapa hijueputa",0,es,Colombian,twitter
Muerase usted sola habemos personas que vivimos muy bueno y somos felices .,1,es,Colombian,twitter
"Que traga tan sapa hijueputa, jajaja lo peor es que no la voy a volver a ver😔.",0,es,Colombian,twitter
Ese insecto lo odio,1,es,Colombian,twitter
"Justo anoche lo estaba viendo, me llamo mucha la atencion como movia las pinzas que tiene a los lados como si fueran dos manos, es un insecto impresionante!!!",0,es,Colombian,twitter
Más Mamerto sos vos baboso insecto que todo lo que hablas son estupideces y lo que te dicen que digas bobo HP,1,es,Colombian,twitter
Un insecto se llama bicho.. encontré mi muñeca para saludar bicho y tomar fotos. Gracias,0,es,Colombian,twitter
"la leche con la que cuajaron a este insecto, no tenías proteínas, será que hubo algún incesto??",1,es,Colombian,twitter
¿Alguien sabe qué insecto es este?,0,es,Colombian,twitter
"te puedes meter la opinión y el dedo, no, mejor la mano completa por el orto con dirección a tu cerebro. 😘 Con cariño y las mejores intenciones. Jajajajajajaja insignificante insecto.",1,es,Colombian,twitter
"Hola, por favor me ayudas. Tenemos una plaga de este insecto en casa y no sabemos qué es ni cómo combatirla. Vivo en colombia, Cali, Valle del Cauca, zona del Pacífico colombiano.",0,es,Colombian,twitter
Insecto,1,es,Colombian,twitter
Ya me sigues pequeño insecto 🦟,0,es,Colombian,twitter
Que clase de insecto eres,1,es,Colombian,twitter
Uno se hace el bobo y yo que me entero de todo.,0,es,Colombian,twitter
Hasta mi abuela en estado vegetal juega mejor que vos,1,es,Colombian,twitter
Lo que cuenta mancuso no es por cuestiones de falta de pauta… no se haga el bobo.,0,es,Colombian,twitter
Ya cállese bobo…deje de hablar estúpideces,1,es,Colombian,twitter
Yo bien complicada y en serio me termina gustando ese pedazo de bobo uy no,0,es,Colombian,twitter
Jajajaja Bobo hijueputa,1,es,Colombian,twitter
"No hay pregunta boba, es bobo el que no pregunta.",0,es,Colombian,twitter
Vaya que. Le den pene... Bobo hp,1,es,Colombian,twitter
No es bobo✨aferrándote a algo que en el momento te da felicidad por querer estar ahí ✨analiza seras feliz con su forma de tratarte su manera de vivir no ruegues es un casi algo no lo conoces bien mejor persona vendrá amor propio si no te amas a ti como vas a decir amar a otro,0,es,Colombian,twitter
"Malparido bobo, se nota que sos bien acosador",1,es,Colombian,twitter
"Ay no mor, usted tan grande y tan bobo, da 3 pesares",0,es,Colombian,twitter
Pobre bobo hijueputa....no sabe que escribir esta gonorrea drogadicto malparido,1,es,Colombian,twitter
Si saben qué tal bajada no es más que una guerra de marketing en la que quedo en medio un bobo útil no? 🫨,0,es,Colombian,twitter
Bobo hpta dudo mucho que Rosita so lo vaya a dar malparido,1,es,Colombian,twitter
Tranqui bichota todas hemos chupado una monda de un bobo JAJJAJAJA,0,es,Colombian,twitter
Ese mk tiene la cara de bobo más hpta,1,es,Colombian,twitter
"Odio esos videos, un bobo ahí X haciéndola pasar un momento súper incómodo",0,es,Colombian,twitter
"Bobo hpta, si vos",1,es,Colombian,twitter
"ya deja a la Kendall no te merece, y te hace parecer bobo",0,es,Colombian,twitter
De que hablas bobo si a tu madre la tengo al día ?,1,es,Colombian,twitter
ESTAMOS HARTOS NOS CREAN PUEBLO BOBO.. CLARO QUE HAY UNA MITAD SE HACEN LOS BOBOS POR 💰💶💶💶💵💵,0,es,Colombian,twitter
Y vos sos un bobo hijo de puta.,1,es,Colombian,twitter
Todos los días sale un bobo a la calle🎶,0,es,Colombian,twitter
"Que va tonto, saliste poeta como el tontorrón inicial o que?",1,es,Colombian,twitter
"Pues a mi el techno no me mata, pero el que diga que afterlife es un mal parche es un bobo",0,es,Colombian,twitter
Váyase a la gran puta mierda bobo hp,1,es,Colombian,twitter
"Yo no sirvo pa rogarle a nadie, no querés caminar conmigo? abrite bobo",0,es,Colombian,twitter
"No le hagan caso, es un bobo hp con 68 seguidores que paga verificación en twitter. 🤣",1,es,Colombian,twitter
Feminicidio!! Bobo oportunista,0,es,Colombian,twitter
"😂😂😂 Dizque doctorado en mi corazón 😂😂 Bobo hp 😂😂 en tu culo es que tiene un doctorado, guayaba hp 👬🤪💩",1,es,Colombian,twitter
"Jajajajaj hay que ser muyyyy descarado para decir esto, bobo",0,es,Colombian,twitter
"Viene a hablar, un bobo lleno de colada, que ni jugara fútbol",1,es,Colombian,twitter
"Ponga a CUALQUIER perro en un ambiente que le genere estrés a ver cómo reacciona, no importa la raza, cuando quieren morder solo lo harán, asi que deje de hablar tanta bobada.",0,es,Colombian,twitter
Bobo marica,1,es,Colombian,twitter
Petrogustavo no tiene la culpa de que las EMPRESAS PRIVADAS quiebren por su mala administración. ¡Bobo!,0,es,Colombian,twitter
Tiene una cara de bobo q no puede con ella,1,es,Colombian,twitter
"Bobo, para muchos la mamá está por sobre todas las cosas.",0,es,Colombian,twitter
Jajajajaajaj vaya a que le den por el culo bobo cagao,1,es,Colombian,twitter
Lo que ud propone es darle un arma a más hombres celosos para que anden por ahí matando. Seguro la vieja hubiera querido estar trabajando en la pizzería con un fierro en el cinto. Bobo. Por criticar al gobierno dicen cualquier estupidez.,0,es,Colombian,twitter
Deja de meter perico bobo hpta,1,es,Colombian,twitter
"El que no entiende un culo es ud, bruto, lea bien que ahí ni siquiera habla de situación militar definida sino de NO PORTAR. En cualquier caso, eso no tiene nada que ver con el crimen. Bobo",0,es,Colombian,twitter
Este le está ganando el puesto a bobo polo,1,es,Colombian,twitter
"Se habían demorado los Rambo de teclado en salir a decir ""yo hubiese hecho esto, yo habría hecho aquello"" y va uno a ver y son los pendejos que se asustan con un tote. Mero bobo",0,es,Colombian,twitter
"Imbecil, parásito, bobo hp",1,es,Colombian,twitter
"Ese bobo h.p que hizo chiste de la muerte de la DJ, la que empacaron en una maleta. Pena deberían darles en sacar una noticia de ese señor.",0,es,Colombian,twitter
Vos sos un bobo hijueputa de buena que si,1,es,Colombian,twitter
Tratar de bobo a un adulto mayor con bastón…,0,es,Colombian,twitter
Vaya duerma bobo,1,es,Colombian,twitter
ser adulto es aprender a hacerte cargo de las consecuencias de tus actos y pues nadie te va a salvar más que tú mismo 🤷🏽‍♀️,0,es,Colombian,twitter
"Hagamos una vaca para ayudarle a pagar, y le dejamos para unas 80 insultadas más a ese parásito",1,es,Colombian,twitter
"Esa sensación de que nadie te va a salvar, ni siquiera tu fuerza física, de los embates de tu espíritu",0,es,Colombian,twitter
Basura le queda poco inservible ya te va a llegar tu hora,1,es,Colombian,twitter
Nadie te va a salvar Tu eres el responsable de tu propia vida.,0,es,Colombian,twitter
A ti también ya te va a llegar tú hora así que prepárate si sigues jodiendo te irá peor,1,es,Colombian,twitter
Cállese más bien que yo me ilusiono cada semana,0,es,Colombian,twitter
"por que HUYES, COBARDE. Estas perdido y nadie te va a salvar.",1,es,Colombian,twitter
Cállese Jennifer que la alcaldesa no dijo nada de eso. Deje de politizar esta tragedia. Resultaste igualita a los políticos de siempre. Sos una decepción.,0,es,Colombian,twitter
Ya cállese bobo…deje de hablar estúpideces y vuélvase serio.,1,es,Colombian,twitter
El hpta del Uber se pone a hablar mierda y a manejar lento en uno de los barrios más peligrosos de Cali a las 2 a.m. Me daban ganas de decirle: SEÑOR CÁLLESE Y MANEJE RÁPIDO,0,es,Colombian,twitter
Mejor cállese usted que tiene más de un n pronombre en la bio. Su opinión no cuenta 🤣,1,es,Colombian,twitter
"Ajjajjaa cállese vieja sin vergüenza, estás ardida por qué se les está acabando la plática a sus jefes mañosos, recuerde que para dar un golpe de estado tienen que enfrentarse con muchos ciudadanos que escogimos este gobierno, asi que miedo no nos da ustedes payasos.",0,es,Colombian,twitter
Cállese vieja puta.,1,es,Colombian,twitter
"JAJAJAJ vea, cállese si ?",0,es,Colombian,twitter
Ya cállese señora,1,es,Colombian,twitter
"Papi, callese que acuérdese que los que mandan y aprueban hacer esos proyectos son las productoras, los guionistas solo hacen lo que el director les manda a hacer.",0,es,Colombian,twitter
"Cállese, lambón",1,es,Colombian,twitter
"Aíslese, si piensa en violentar a alguien. Cállese, si piensa crear una conversación tensa para justificar la explosión que quiere detonar. Váyase, si va a usar a los demás como su pelotita ""anti estrés"", y borre la indirecta innecesaria que va a escribir",0,es,Colombian,twitter
Cállese perra,1,es,Colombian,twitter
"La bellaca esta qué dice que ama la democracia cuando ganan, pero cuando la pierden no le gusta a mi el caso de ese coronel qué anda pregonando golpe de estado eso fue avalado por usted. Cállese mija trabaje vaga le pagan por trabaje se la pasa trinando pendejadas.",0,es,Colombian,twitter
"Cállese viejo marica, usted es un bobo triple hijueputa",1,es,Colombian,twitter
Señor usted no estuvo dentro de la uci así que mejor cállese,0,es,Colombian,twitter
Ese tipo cada que dice algo la caga más! Ya cállese señor!!! 🙄,1,es,Colombian,twitter
Jajajaja cállese. Esos curtidos no pudieron ni ganar una guerra 🤣😂,0,es,Colombian,twitter
Cállese burro,1,es,Colombian,twitter
"Yo no te voy a buscar , si te veo es por que se da",0,es,Colombian,twitter
Ya cállese señora!!!!! Ni callada se ve bien,1,es,Colombian,twitter
baby apaga el celular te voy a buscar a las 12,0,es,Colombian,twitter
Cállese ud me cae mal,1,es,Colombian,twitter
Te voy a buscar en mis sueños esta noche. 😻,0,es,Colombian,twitter
Te voy a buscar,1,es,Colombian,twitter
No busco ni el par de mis medias y te voy a buscar a vos jajajaj🤌🏻🤌🏻,0,es,Colombian,twitter
"no sé quien habra citado esto en candado pero q sepas q te voy a buscar, te voy a encontrar y te voy a matar",1,es,Colombian,twitter
Hoy te voy a buscar.,0,es,Colombian,twitter
"te voy a buscar y te voy a encontrar, cerdo",1,es,Colombian,twitter
Te voy a buscar siempre en el cielo porque pienso que en algún lugar también lo estarás viendo.,0,es,Colombian,twitter
te voy a buscar a la escuela,1,es,Colombian,twitter
te extraño pero no te voy a buscar nunca más,0,es,Colombian,twitter
Te voy a buscar y cuando te encuentre te voy a meter un traque,1,es,Colombian,twitter
"Cali es la sucursal del despilfarro y la corrupción,por eso hoy es la ciudad más abandonada y fea de Colombia en todos los sentidos,se perdió todo.",0,es,Colombian,twitter
"También se pego de esa perra fea , la otra bn dormida como no sintió",1,es,Colombian,twitter
"Un treinton me anda ligando diciéndome ""fea"" 🤡🤣 señor así se ligaba antes, ya no",0,es,Colombian,twitter
"Pensé que lo había visto todo, pero los ❤️ en las fotos de esa fea ya es mucho.",1,es,Colombian,twitter
La estética de los celulares cada vez está más fea que nunca,0,es,Colombian,twitter
"flaca, te voy a buscar y te voy a arrancar las colitas con UNA SIERRA ELÉCTRICA",1,es,Colombian,twitter
Que sirenita tan fea. La embarraron,0,es,Colombian,twitter
Pero tú eres una mujer promedio tirando a fea. Obviamente no atraes nada.,1,es,Colombian,twitter
"Que Hp cuenta tan caraaaaaaa y que comida tan fea, me sentí estafado en ese restaurante. 🙃🙃🙃",0,es,Colombian,twitter
"si te dicen una mentira ( que hermosa) Malo, si te dicen la verdad (Fea) es malo, en fin son muy difíciles porque tienen que ser así",1,es,Colombian,twitter
pero es fea la tipa que pecao,1,es,Colombian,twitter
"Yo no soy idiota como tú, vieja fea y pendeja.",1,es,Colombian,twitter
"Ese ya es otro cuento, la fea es la costeña 🤣",0,es,Colombian,twitter
parce que ceviche tan feo el que me acabé de comer 😪 o sea pagar por comida fea????,0,es,Colombian,twitter
"Uno se pone a ver los manes que critican a Shakira y la tratan de fea, vieja y no sé qué más y está más atractivo un gargajo de vicioso que ellos.",0,es,Colombian,twitter
"Confirmo, ahora que me estoy viendo Betty la fea me doy cuenta que Marcela también fue victima de Armando",0,es,Colombian,twitter
"Trans de Gorda fea y ridícula, tran de bruta incoherente",1,es,Colombian,twitter
Esa perra fea,1,es,Colombian,twitter
Travesti invertido deja de llorar que te vas a deshidratar 🤡,1,es,Colombian,twitter
Que? Entonces porque un travesti se viste de mujer 😵‍💫 porque se percibe como hombre? No tiene mucho sentido. Es diferente percibirse de un género y que le guste el mismo o el contrario o diferentes generos. Pero la identidad si hace parte de como nos vestimos.,0,es,Colombian,twitter
Travesti inmundo!,1,es,Colombian,twitter
"Travestí sumerce, que pretende ser machito, pero se hace llamar aleja. Fresca aleja, salga de ese closet donde aparenta tanto uribismo.",1,es,Colombian,twitter
Ayer comí tantas alitas BBQ que hoy amanecí travesti.,0,es,Colombian,twitter
"Anda a venderle fotos a toda esa manada de cacorros, travesti de vereda",1,es,Colombian,twitter
Ese momento de Raven me volvió travesti,0,es,Colombian,twitter
El del bus no entendió la hora travesti jijijiji,0,es,Colombian,twitter
CHAOOOO SAPA HPTAAAAA... MORITE CON TU MADRE HPTAAAAAA,1,es,Colombian,twitter
"Uy morite, cómo te vas a meter con mi Karol G",0,es,Colombian,twitter
"Dios mediante esta semana me acaban el nombre 🙄 Rudy, esto, Rudy lo otro, Rudy morite",0,es,Colombian,twitter
EDUARDO LUIS ESCORIA HIJUEPUTA MORITE,1,es,Colombian,twitter
Morite de hambre,1,es,Colombian,twitter
Vamos la puta que los parió !!! morite tesis,0,es,Colombian,twitter
morite maricona,1,es,Colombian,twitter
Jajajajaja morite VAR!,0,es,Colombian,twitter
Abrase hpta bobo no sps nadie morite hpta no mereces nada de nadie quien sos vos un pobre mk que nadie quiere,1,es,Colombian,twitter
Morite gonorrea malparido cagón hijo de puta.,1,es,Colombian,twitter
"Mi mejor época, morite FIFA19",0,es,Colombian,twitter
"Morite indio mugroso.! Vos no sos dueño de un hotel, dejá que otros progresen, malparido!",1,es,Colombian,twitter
El Niño que domo el viento ni que hijueputas. Morite ensayo de 5 páginas a mano.,0,es,Colombian,twitter
DE RESTO NO PASÓ NI MIERDA MORITE MOSQUERA QUE PUTAS HACES DE TITULAR,0,es,Colombian,twitter
"MORITE MALPARIDO DE MIERDA! MALDITO IMPEDIDO DE LA TRES MIL PUTAS MIERDA, MALDIDO ENGENDRO, ME CAGO EN TUS FAMILIARES Y EN TODA TU DESCENDENCIA HIJO DE TU GRAN PERRA MADRE!",1,es,Colombian,twitter
"Me enoja que me respondan siglos después estando en línea, o sea morite",0,es,Colombian,twitter
MORITE MATATE HACE CUALQUIER COSA ... LITERAL TE MORIS Y SOMOS FELICES!!,1,es,Colombian,twitter
Deje de hablar pendejadas muerase inutil,1,es,Colombian,twitter
"Moríte Gluten, sos el cáncer de las proteínas.",0,es,Colombian,twitter
"La gente anda muy obsesionada con “cuidar la energía” parce muérase entonces porque constantemente convivimos con energías densas, todo nos drena y bla bla bla bla. Pégame un cocacho cuando empiece a trinar así tan fanaticamente por favor. O ya lo hago? Jajajajajajajaja",0,es,Colombian,twitter
"Pues muerase , y así salvamos el planeta de un adefecio menos",1,es,Colombian,twitter
Muerase,1,es,Colombian,twitter
en pocas palabras sí puede viva y sino tiene dinero muerase lentamente en Colombia.,0,es,Colombian,twitter
MUÉRASE YA PORFA,1,es,Colombian,twitter
"muerase,le haría un bien al mundo.",1,es,Colombian,twitter
"Gordo Marik,usted no tiene derecho a opinar,nadie te quiere",1,es,Colombian,twitter
"Nadie te quiere Miranda , exepto el centro democratico.",0,es,Colombian,twitter
"El camaleonisimo gonoroy Barreras, nadie te quiere hombre,...bueno,...nadie decente…",0,es,Colombian,twitter
Yo se que nadie te quiere pero yo te amo huevo cocido de yema blandita,0,es,Colombian,twitter
Nadie te quiere mamarracho y nadie te va ha escuchar.,1,es,Colombian,twitter
Nadie te quiere tanto como el que te acepta en todas tus versiones.📌,0,es,Colombian,twitter
nadie te quiere bruja,1,es,Colombian,twitter
Én todo caso éso no sería problema tuyo como a tí nadie té quiere piensas qué a las demás tampoco buscá ayuda porque én serio qué la nesecitas,0,es,Colombian,twitter
"Deja de quejarte de la maldita vida, si sos tan sufrida, pues suicidate y deja de joder!",1,es,Colombian,twitter
¿Cuál es tu gracia? Suicidate.,1,es,Colombian,twitter
"Tú estás peor, tu vida no vale nada, suicidate.",1,es,Colombian,twitter
"Odio el maldito transporte público de mi ciudad, maldita la hora en que volví a esta mierda, cómo es posible que salga de casa a las 4:40 de la mañana y a esta hora este a medio viaje. Maldita sea.",0,es,Colombian,twitter
suicidate perro hijo de puta!!!! Igual nada se pierde.,1,es,Colombian,twitter
Si Las Feas NO Existieran el mundo seria mejor! Julieth Jaraba hagale un favor al mundo SUICIDATE YA!,1,es,Colombian,twitter
"Muerete, muerete, muerete, suicidate pedazo de maricon care monda",1,es,Colombian,twitter
Alguien me explica por qué ahora todo mi feed son personas diciendo que los Pitbull son una raza agresiva? 🙃 Agresiva yo que les quiero meter un traque para que se les acomode el cerebro,0,es,Colombian,twitter
Mañana que nadie me toque porque le voy metiendo un solo traque,0,es,Colombian,twitter
Que ganas de ir a Medellín y cascar a @bluxtay 😤,1,es,Colombian,twitter
"callese, No se haga cascar viejo",1,es,Colombian,twitter
te voy a cascar perro hpta,1,es,Colombian,twitter
"En mi narcoestado: cada oficial del ESMAD tendría adicionalmente en su dotación, un bolso de perico de 10, audífonos Bluetooth, música para cascar, incentivos por tranquilizar a la ciudadanía como de lugar. Porque la democracia escogió esa autoridad y pues toca.",0,es,Colombian,twitter
"Excelente, te felicito!!! Yo me fracturé el 5to metacarpiano de la mano derecha por cascar un Man que me cogió el culo en un bar, fue satisfactorio y la fractura la amé, fue mi como mi trofeo de batalla hp y el man se fue todo vuelto chica 👏👏👏💪💪💪",0,es,Colombian,twitter
No es broma! Cómo carajos se deja pegar dos veces del mismo man! A la primera el man tenía que estar encanado! O con restriccion! Pero bueno... allá ella cuantas veces más se va a dejar cascar!,0,es,Colombian,twitter
"También te va llegar tu hora rataaaa , te juramos que va llegar tu hora",1,es,Colombian,twitter
A vos te va llegar tu hora primero perro victimista.,1,es,Colombian,twitter
"Esos que se quieren matar, metanse a un cartel, es lo mismo pero no sabes cuándo va llegar tu hora, pero el propósito va ser el mismo",0,es,Colombian,twitter
Hija de re mil puta te juro por mi vida que vas a pagar si el karma no hace su trabajo te juro que te voy a matar yo misma,1,es,Colombian,twitter
Malparido de mierda te voy a matar,1,es,Colombian,twitter
"Si los feminicidas tuvieran un sello en la frente que dijera: “te voy a matar”, las mujeres no agendaríamos una segunda cita.",0,es,Colombian,twitter
"Mitad de clase un compañero se levanta (aparentemente sin motivo alguno) se dirige hacia los últimos puestos y agarra por la espalda el cuello de otro compañero, le hace una llave y grita ""te voy a matar, te voy a matar"" hicieron falta CINCO alumnos para poder separarlos",0,es,Colombian,twitter
Perra de mierda te voy a matar,1,es,Colombian,twitter
daniela te voy a matar,1,es,Colombian,twitter
"Pasó de ""volveré pronto, mi amor"" a ""perra de mierda, te voy a matar""",0,es,Colombian,twitter
gorda puta zorra te voy a matar cornuda de mierda,1,es,Colombian,twitter
"hoy se salvó el negro ese, un día no diré más nada y te voy a matar gonorrea",1,es,Colombian,twitter
tengo un compañero de la U que prácticamente me acosa y es rarísimo porque mientras el se hace el pendejo YO tengo que comportarme como un ser humano decente porque no tengo nada para decirle flaco como te VOY A MATAR,0,es,Colombian,twitter
En cualquier momento te voy a matar guerrillera hpta,1,es,Colombian,twitter
Te voy a matar te voy perforar los pulmones con tus costillas,1,es,Colombian,twitter
TE VOY A MATAR COMO SE TE OCURRE ROBARME UN BESO,0,es,Colombian,twitter
"Yo te voy a matar, dale amor al perrito.",0,es,Colombian,twitter
vas a volver y te voy a matar hijo de puta,1,es,Colombian,twitter
SUSANA MATATE ESTÁBAMOS EN PAZ VOY A PUBLICAR TUS FOTOS,1,es,Colombian,twitter
"Voy a publicar tus fotos perra, que ya sabemos a quien le diste",1,es,Colombian,twitter
ENCIMA PROFESORA VOY A PUBLICAR TUS FOTOS EN TODAS LAS REDES NO SE PUEDE TENER UNA PROFESORA ASI UNA VERGUENZA.,1,es,Colombian,twitter
srry paola voy a publicar tus fotos de florecitas,0,es,Colombian,twitter
Hdp voy a publicar tus fotos en ig también,1,es,Colombian,twitter
Voy a publicar tus fotos en pelota que me mandaste por falsa hp 😂😂,1,es,Colombian,twitter
Voy a publicar tus fotos con la camiseta de la empresa jajaja,0,es,Colombian,twitter
JAJAJAJAJJJjajajajaj peleate nomas commigo y voy a publicar tus fotos como Elias Dahmer a las redes 😏,0,es,Colombian,twitter
Jajaja ya voy a publicar tus fotos con la camiseta del Santa Fe,0,es,Colombian,twitter
"voy a publicar tus fotos de bebé, cuando sí te bañabas.",0,es,Colombian,twitter
Eres una tonta jajajajaja. Voy a publicar tus fotos🙊😂,1,es,Colombian,twitter
"La verdad es que me da rabia y vergüenza que en pleno 2022 todavía existan hombres dizque chantajeando a las mujeres con dizque ""voy a publicar tus nudes"", ¿Qué les dieron de tetero cuando bebés?, ¿Cloro o aserrín?",0,es,Colombian,twitter
"Mira puta, si llegas a regresar a con ese bicho voy a publicar tus nudes y las conversaciones cochinas que tengo en mi poder.",1,es,Colombian,twitter
"El día que alguien me diga “voy a publicar tus nudes” yo crearía un OF y las subo primero, porque mis nudes son todo menos feas.",0,es,Colombian,twitter
"Te voy a encontrar, zancudo de mierda. Y te voy a golpear tan fuerte, que desearás que no te haya golpeado tan fuerte.",0,es,Colombian,twitter
malparida estupida te voy a cascar hpta,1,es,Colombian,twitter
Un día de estos te voy a cascar para que te acordes de mi ois,1,es,Colombian,twitter
"""Y te voy a arrancar las orejas y te voy a patear y te voy a cascar y y y y"" Parece un hpta culicagado de colegio. Un rambo del teclado no más.",0,es,Colombian,twitter
Como así que volvío con el amor? Jaja te voy a cascar,0,es,Colombian,twitter
Te voy a cascar para que dejes de preocuparte tanto por esa pendejada,0,es,Colombian,twitter
Te voy a cascar Valentina Contreras 😒😒 a veces me dan ganas de meterte tu puño porque te pasas de fresca de veras y juliana ni se digaaaaa de lo fresca!!,0,es,Colombian,twitter
"Todas sus Actividades Espirituales son muy buenas, pero cuando finalmente se realice a Usted Mismo, llegará a la conclusión de que Todo es inútil, redundante y superfluo. La Experiencia, El Experimentar, y El Experimentador, Todo es solo Uno y lo Mismo. ""Yo Soy"" es Todo.",0,es,Colombian,twitter
Es inútil intentar detener la rueda de mi destino,0,es,Colombian,twitter
"El sufrimiento es inútil para solucionar una situación, pero absolutamente necesario para aprender hacerlo diferente 💡",0,es,Colombian,twitter
Boba hijueputa inútil,1,es,Colombian,twitter
"Pacho Santos se creía el líder de la oposición tuiteando todos los días hasta que salió Mancuso a decir que él financiaba y creaba grupos paramilitares ¡Malparido de mierda! Parece que el parásito, vividor, inútil y mantenido se quedó sin internet y sin celular ¡Rata hijueputa!",1,es,Colombian,twitter
Si a uno lo representa esa negra resentida y tan pobre intelectualmente es porque uno de verdad vale 3000 hectáreas de verga y es igual de inútil y lleno de carencias,1,es,Colombian,twitter
"No le deseo esto a nadie.Sentirse inútil, ganas de llorar constantes, qué el cuerpo pese como una roca, sobrepensar todo, insomnio, falta de apetito, dolores de cabeza y podría continuar...Sólo espero q quien esté así como yo, sea más fuerte q yo...",0,es,Colombian,twitter
Sufrimiento inútil que no va a llevar a nada.,0,es,Colombian,twitter
"Debemos tener mucho cuidado de no caer en una espiral, un tira y afloje inútil q solo nutre la polarización que harto daño nos ha causado como nación.",0,es,Colombian,twitter
Me estresa que le gente sea tan inútil 😭,0,es,Colombian,twitter
Nigeria tiene el PIB casi igual o hasta mayor que Colombia y aún así les parece inútil buscar relaciones con países de África.,0,es,Colombian,twitter
El expresidente inútil del golfo defendiendo el fiscal del golfo… Ojala algún día estén presos y haya un representante digno de ser fiscal..,0,es,Colombian,twitter
burra la gran puta de tu madre,1,es,Colombian,twitter
Ser tú madre es lo mejor que me ha pasado en la vida!!! Te amo mi Ana Milena ⭐️🙏💚 Feliz día a todas las mamitas!!!,0,es,Colombian,twitter
Entre las putas tu madre de primera!,1,es,Colombian,twitter
"Que el amor por tu madre sea igual de intenso hasta en su vejez.. 365, 24/7... ❤️‍🔥✍️🏾",0,es,Colombian,twitter
"Bro , ya lo hice pero con tú madre , aquí está tu padre al que tanto has buscado por tanto tiempo .",1,es,Colombian,twitter
De que hablas si a tu madre la tengo al día ?,1,es,Colombian,twitter
"Es muy hermosa tú madre, que el señor todopoderoso té la cuide siempre… 🌺🌺🌺",0,es,Colombian,twitter
tu madre la pongo en cuatro,1,es,Colombian,twitter
"Felicitaciones negro , a ti y a tu Madre .Los queremos mucho .",0,es,Colombian,twitter
jajaja tu mamá es una payasa,1,es,Colombian,twitter
pone a tu madre a jugar mejor inservible,1,es,Colombian,twitter
que prefieres estar con tú madre o tu equipo… hay prioridades… mil veces escogería estar con mi madre,0,es,Colombian,twitter
VENI HACELO PUES SAPO HPTA PA TIRAR A TU MADRE PEDAZO DE SAPA,1,es,Colombian,twitter
y yo merezco a tu madre en 4,1,es,Colombian,twitter
tu madre me la chupa,1,es,Colombian,twitter
"Fuerza Liliana de esta sale airosa, tu madre...... Animo",0,es,Colombian,twitter
Un Felíz día a tu madre que tuvo tres maravillosas damiselas. Tres reinas.,0,es,Colombian,twitter
"Cariño, mejor dale un beso grande a tu madre de parte de todos nosotros y otro gigantesco a ese papámamá que te acompaña a todo lado. Dejemos para el otro mes esto de las elecciones porque no hay candidato para nada.",0,es,Colombian,twitter
voy a matar a tu madre perro,1,es,Colombian,twitter
Quiero conocer a tu madre 😍. Vamos los tres a comer pollo y tomar consomé?,0,es,Colombian,twitter
jajajaja si la gran zorra de tu madre juega mejor que vos inutil,1,es,Colombian,twitter
"Deseo ser para ti más que tú madre tu amiga, tu apoyo, tu amor. Aún me parece un sueño que estes conmigo, abrir los ojos y saber que estás ahí, es lo mejor que me ha pasado, te amo, gracias por existir por ser el dador de mi título de mamá, que llevo con orgullo 🥹♥️ Te amo♥️",0,es,Colombian,twitter
"Así he de ver a tu padre y de paso a la rata imunda de tu madre,no lo dudes",1,es,Colombian,twitter
Honra a tu padre y a tu madre todos los días de tu vida. No un día en especial.,0,es,Colombian,twitter
Asco le debió dar a tu madre cuando te parió.,1,es,Colombian,twitter
"Siento mucho lo de tu abuelo, Jhoan. Él está en tu memoria a través de tu madre. Hay una justicia divina que escapa a nuestro entender.",0,es,Colombian,twitter
Instagram de tu madre?,1,es,Colombian,twitter
Gracias por tus respetuosas palabras. Admirable la educación que pudo darte tu madre. Saludos y un besito.,0,es,Colombian,twitter
Eso me dijo tu madre cuando la cogi.,1,es,Colombian,twitter
"sos una decepción para tu madre, matate mejor",1,es,Colombian,twitter
"tu madre te mantuvo solo por pesar, eso es lo quedas, pesar",1,es,Colombian,twitter
ahí vi a tu madre disfrazada…,1,es,Colombian,twitter
A tu madre hay que ponerle bozal en la vagina pa que no de engendros como vos,1,es,Colombian,twitter
Acabas de arriesgar la vida de tu madre y la de tu familia,1,es,Colombian,twitter
"Tarea de que imbecil, si tu solo eres el esclavo de tu madre",1,es,Colombian,twitter
"Si estás buscando qué preparar para festejar a tu madre en su día, acá te dejamos algunas recetas de tortas que puedes realizar fácilmente 🍰",0,es,Colombian,twitter
En 15 días pongo en cuatro a tu madre,1,es,Colombian,twitter
Un grupo de especialistas de Bucaramanga practicó un novedoso procedimiento médico a una bebé de seis meses de gestación en el útero de su madre. Con este se logró evitar que la niña sufriera de hidrocefalia y una malformación.,0,es,Colombian,twitter
"Bajo observación médica permanece la bebé de ocho meses que fue rescatada en Sahagún, #Córdoba, luego de ser extraída del cuerpo de su madre, quien murió en las últimas horas.",0,es,Colombian,twitter
"No conocí a Telésforo Pedraza, pero quienes sí lo conocieron dicen que era un tipo de buen humor. De su nombre decía que sus padres le pusieron “Telésforo”, porque su madre quería ponerle ‘teléfono’ y su padre ’semáforo’, así que mezclaron los dos.",0,es,Colombian,twitter
"Esto es DEMASIADO hermoso. Qué bien cantan los hijos de Shakira, se nota lo cercanos que son a su madre, heredaron su talento para la música. Gracias Shakira por hacernos parte de esto, sé que muchas madres e hijos se sienten identificados Ustedes tres.",0,es,Colombian,twitter
"Chan dice que normalmente se olvida de los días importantes, ¡pero le compró a su madre un collar que ella realmente quería con sus hermanos para el Día de la Madre de este año!",0,es,Colombian,twitter
"Después de más de 30 años de extraviada al ir a la tienda por un mandado, mujer se reencuentra con su madre después de una búsqueda incansable y gracias a una publicación en redes sociales donde la reconocieron y dieron aviso a la policía. Qué historia tan bella me hizo llorar!",0,es,Colombian,twitter
"Ahora bien, si la víctima de Unicentro hubiera estado armada, posiblemente el perpetrador en estos momentos también estaría muerto, pero el niño de 4 años hoy tendría a su madre viva.",0,es,Colombian,twitter
"“El que no quiere a su madre, la lleva a un restaurante mañana a almorzar”.",0,es,Colombian,twitter
Y q espera entonces pa largarse de acá y así no soporta mas basura como es usted chao mija q acá nadie la quiere more donde la aceptan cosa q veo difícil pero lárguese ya y no joda mas,1,es,Colombian,twitter
"A ""la camila esa"" nadie la quiere.",1,es,Colombian,twitter
"Odio eterno, ver a mi hija enferma.",0,es,Colombian,twitter
"Es como que, cuando estaba súper enferma, la gente me decía: eres muy fuerte, soportar todo esto… AMIGO HAY ALGUNA OTRA OPCIÓN?",0,es,Colombian,twitter
Vieja lesbiana y menopausica dejé de hablar basura,1,es,Colombian,twitter
"Quiero muuuuchoooo chocolate chocolateeee, si yo no fuera lesbiana me preocuparía vivir tan antojada.",0,es,Colombian,twitter
"Eres culo de marica , no comentas nada bueno",1,es,Colombian,twitter
Una queda en shock marica,0,es,Colombian,twitter
"ESA MALCAGADA, SE ESTA ES HACIENDO LA MARICA",1,es,Colombian,twitter
"Necesito llorar y sacarme esto ya, pero claro aquí la marica se come las emociones y no puedo llorar, ni moverse",0,es,Colombian,twitter
Negro tenía que ser,1,es,Colombian,twitter
Paola sos una perra hpta,1,es,Colombian,twitter
"Pues para cuando me recojan la mía , perra desvalorizada",1,es,Colombian,twitter
"En el pueblo donde vivo estan vendiendo casa horribles a 130 millones, de un solo piso... perra vida.",0,es,Colombian,twitter
Ex perra porque ya tengo marido,0,es,Colombian,twitter
DEJA DE SUBIR TODO A TUS ESTADOS PERRA,1,es,Colombian,twitter
"Ojalá fuera así de perra, pero me enculo fácil",0,es,Colombian,twitter
Olerle las orejas a mi perra,0,es,Colombian,twitter
Perra quejona,1,es,Colombian,twitter
Sapa perra esa,1,es,Colombian,twitter
"Quiéreme quiéreme quiéreme, como me quiere mi perra",0,es,Colombian,twitter
Perra hpta pecueca me cae tan mal,1,es,Colombian,twitter
Hace más de 20 años a mi y a mi perra nos atacaron 8. Los dueños de este tipo de perros deben ser más responsables.,0,es,Colombian,twitter
"Sisas, le voy a dar un traque a esa Sapa perra",1,es,Colombian,twitter
Soy tu perra papi,0,es,Colombian,twitter
"sos re perra, vacía y chismosa, gas",1,es,Colombian,twitter
La perra carrillo un histórico que ama la institución sacara de sus ahorros y prestara 5 mil millones noticia en desarrollo no paga 1 si no 2 quincenas,0,es,Colombian,twitter
Esta perra hijueputa esta buscando que yo la cague a trompadas,1,es,Colombian,twitter
"Una hora me dura la tristeza, después de eso, vuelvo a ser una maldita perra.🔥",0,es,Colombian,twitter
La perra de su mama tambien tiene la tetas escurridas,1,es,Colombian,twitter
Lo echaron de una organización que nadie en su perra vida había escuchado hablar.,0,es,Colombian,twitter
Yo no soy una mantenida perra,0,es,Colombian,twitter
Perra sarnosa,1,es,Colombian,twitter
"Corre, corre perra!!!!! Corre…",0,es,Colombian,twitter
una perra como tu debe estar siendo usada,1,es,Colombian,twitter
creo que unos simples dedos no sirven para una perra como tu,1,es,Colombian,twitter
"No digo que no, claramente el poder de la mordida es diferente. Pero todos los perros deberían salir con bozal. A MI me mordio un french hace dos años y otro perro peque hace meses. A mi perra, siendo cachorra, la atacaron labradores en diferentes ocasiones.",0,es,Colombian,twitter
Esta gran perra aguanta meterle su golpiza,1,es,Colombian,twitter
Malas energías las de esa perra,1,es,Colombian,twitter
"Estás mojigatas arrapastrosas creen que por que soy feminista, no me van a sacar la mierda y no haré con el culo de ellas un balero, perra ubíquese.",0,es,Colombian,twitter
Papi deja de hablar tanta mierda q a vos en tu casa ni te conocen perra hp,1,es,Colombian,twitter
"Que perra hp semana, quiero como estar arrunchada y perderme por este finde, pero bueeeeh",0,es,Colombian,twitter
Toda la Perra vida viviré con eso 🥺😢💔,0,es,Colombian,twitter
de todas las personas que existen tenia que ser esta perra,1,es,Colombian,twitter
ugh como odio a esta maldita hija de perra,1,es,Colombian,twitter
"Llora perra llora , perra",1,es,Colombian,twitter
Ve a comprarle la comida a la perra es lo que es,1,es,Colombian,twitter
"Dani si algo saben los rolos es montar alcaldes pecuecos que acaban hasta con el nido de la perra, no saben elegir ni la ropa que se ponen, la mamertería los tiene jodidos! A los paisas les gusta vivir bien, aman su tierra tienen dignidad La cagaron con pinturita y van a corregir",0,es,Colombian,twitter
"Peruano setenta hpta. Igualado peruano hijo de perra, aborto de mico.",1,es,Colombian,twitter
Le tengo una encuesta buena un grupo de WhatsApp al que pertenezco casi 200 personas y no encuentro ningún apoyo para Perra flaca y menos para sancocho.,0,es,Colombian,twitter
"En serio, desinstala twitter si a la primera que te dicen algo vas a chillar como perra XD",1,es,Colombian,twitter
"Una hijueputa perra me insultó porque a ella se le ocurrió la brillante idea de mandarme fotos del chocho, como si uno se las hubiera pedido, como si ver vaginas en fotos sirviera para algo.",0,es,Colombian,twitter
Yo quiero banear a esos hijos de perra que se portan mal 😡,0,es,Colombian,twitter
Esta perra no quiere pagar ni con la cuca,1,es,Colombian,twitter
Estupida la perra que te parió. Y mongolica la que tienes entre las patas. Inhala amoniaco a ver si se te despiertan esas neuronas y conectas una.,1,es,Colombian,twitter
"El corto animado ‘La Perra’ dirigido por Carla Melo Gampert, es la única producción colombiana que competirá en el Festival Internacional de Cine de Cannes 2023",0,es,Colombian,twitter
"Daniela Franco fue la encargada de darle mala imagen a todas las danielas, perra loca no perdonaba ni los desahuciados.",1,es,Colombian,twitter
"Ahora hay justificación para tood y toca tomarse el tiempo de analizar cada acción verdad por favor 🥱🥱🥱 total asco produce ver el vídeo , cuando jbalvin saco el vídeo de Perra también toca tomarse el tiempo de analizar 🤣🤣🤣🤡",0,es,Colombian,twitter
Costeño culo roto siempre serás una maldita perra,1,es,Colombian,twitter
Tu lo único que haces es hablar mir4da y andar con la perra alegre con el poco de machos atrás. Prostituta,1,es,Colombian,twitter
"Tenemos una perra pitbull y es demasiado amorosa y muy protectora con el hijo de mi prima, incluso tuve un perro criollo que era agresivo hasta el punto de morderme por lo mismo porque a ese lo eduque mal. es responsabilidad del dueño.",0,es,Colombian,twitter
es normal que yo a mi papá le diga marika y el a mi perra y ninguno de los 2 se moleste?,0,es,Colombian,twitter
Así se levanta mi perra 😭😭😭😭,0,es,Colombian,twitter
"usted tan perra y tan sufrida, no bb",1,es,Colombian,twitter
Necesito estar con mi perra y mi gata encima ya,0,es,Colombian,twitter
"Malparida perra hijueputa vida, maldito sea el día en el que Quackity metió a esos huevos al servidor",0,es,Colombian,twitter
"Nikki, la perra que sobrevivió sola durante meses en las calles de Detroit con un peluche como compañero",0,es,Colombian,twitter
Rata malparida aborto de momia gonorrienta,1,es,Colombian,twitter
Enseñemos que el aborto es matar al indefenso.,0,es,Colombian,twitter
Solo busca likes el aborto mal hecho,1,es,Colombian,twitter
No faltaba el macho que compara el aborto con una balacera jahsjahsjss,0,es,Colombian,twitter
"Defender la despenalización del aborto, no es apoyarlo. Para mí el aborto no está bien, pero tampoco que el Estado meta sus narices en algo que ni siquiera puede evitar.",0,es,Colombian,twitter
"Ese 70 hpta es un error, un aborto",1,es,Colombian,twitter
De que sirve que legalicen el aborto si usted ya nació,1,es,Colombian,twitter
"Hace unas noches soñé que me decían que estaba embarazada, en el sueño sentí felicidad y confusión porque después de un aborto voluntario y uno espontáneo la psique queda herida, solo pensé en que no quería más perdidas.",0,es,Colombian,twitter
jajajaja usted parece que nació y creció siendo un aborto de cucaracha.,1,es,Colombian,twitter
"Bueno, @richizuluaga es un aborto fallido, así que técnicamente no tiene madre",1,es,Colombian,twitter
"En qué se diferencia un ""feminicidio"" de un ""aborto""?",0,es,Colombian,twitter
Señora Elena ¿Por que no lo abortó?,1,es,Colombian,twitter
"¿Por qué eliminó el trino anterior? Desinformar es lo tuyo, aborto de chucha.",1,es,Colombian,twitter
"La Red Provida Latam, exige a la Alcaldía de Medellín dar otras opciones distintas al aborto",0,es,Colombian,twitter
"Pura agenda progre. Aborto, feminismo, cambio climático, lgtbxqy y z. Cambio, cambio. Xo el cambio puede ser xa bien o xa mal. "",Igualdad,"" q no se reproduzcan, q piensen igual. Les enseñan libreto y lo repiten como loros.",0,es,Colombian,twitter
Preguntarle a su madre por que no lo aborto y lo dejo crecer sin cerebro..jajaj,1,es,Colombian,twitter
Decir que legalicen el uso de armas así como se puede tener perros de raza “peligrosa” es como decir que por legalizar el aborto también se pueda empezar a matar gente a la ligera.,0,es,Colombian,twitter
Este es otro aborto de la naturaleza hp,1,es,Colombian,twitter
"Eso no es una generalidad, algun caso habrá pero no es la norma, un aborto no es un proceso lindo y ademas abortos recurrentes conducen a la infertilidad.",0,es,Colombian,twitter
Habló el aborto de mico.,1,es,Colombian,twitter
Malparida aborto de mico Ojalá te maten por habladora de MIERDA,1,es,Colombian,twitter
Ese aborto de la naturaleza pagará con enfermedad y miseria de la justicia divina nadie escapa,0,es,Colombian,twitter
"Mi esposo y yo diferimos, sobre aborto, matrimonio igualitario y adopción por parejas del mismo sexo. Estamos de acuerdo en que No estamos de acuerdo y eso nunca a sido problema en nuestra convivencia, tenemos unos debates hasta cheveres, en política si pensamos igual",0,es,Colombian,twitter
"Me intentas dar celos, vos un aborto de mico a mi?",1,es,Colombian,twitter
"Uy no, si va a tuitear que sea con ortografía aborto de mico.",1,es,Colombian,twitter
Doblegado aborto de mico hp callate!!!!,1,es,Colombian,twitter
"Sos un bobo grande, retrasado. Cuanto le pagan por hacer el ridículo?",1,es,Colombian,twitter
"Una última cosa antes de ir al trabajo, ya sabía que Goku en DBS es un retrasado, pero no tan exagerado y por pendejo perdió contra Frost (el Freezer del universo 6) Una cosa es ser alguien de buen corazón y otra cosa es ser un pelotudo.",0,es,Colombian,twitter
Me he retrasado un poco con los próximos videos en el canal pero estoy contento con los resultados. Se vienen cositas interesantes dentro de poco 😳,0,es,Colombian,twitter
"este que me dice que el dualismo mente-cuerpo es real y que la mente puede existir por fuera del cuerpo, debe ser 1. Uribista. 2. retrasado.",1,es,Colombian,twitter
Ay que ser muy retrasado en la vida para salir con lo que salis vos,1,es,Colombian,twitter
"Lo dicho de este subnormal, retrasado sólo hablar mierda 💩💩 claro porque el Real Madrid los títulos los a ganado con jugadores de la cantera sin gastar un dólar pendejo, la tienes hasta la tráquea payaso tarado.",1,es,Colombian,twitter
Payaso ridiculo retrasado mantenido paraco y sicario .,1,es,Colombian,twitter
Por qué siempre hay un retrasado usando estos bots?,1,es,Colombian,twitter
si ya se acabó mercurio retrasado pq me sigo sintiendo triste,0,es,Colombian,twitter
"desde las 12:30 esperando en el aeropuerto por su hpta vuelo retrasado me lo cambian para mañana a las 6:15 am, y son las 11:30 pm y aún no me dan ingreso a esta mierda de hotel a la cual ustedes me envían",0,es,Colombian,twitter
Increíble que haya que explicarle eso 🤡 ¿usted es retrasado mental?,1,es,Colombian,twitter
"Si hay RM en el perfil, positivo para retrasado mental",1,es,Colombian,twitter
"Como pagan la seguridad social, retrasado?",1,es,Colombian,twitter
"Ah jajajajajajajajaja, venga don retrasado, pero por lo menos ponga Jaime Bukele en su cédula y hasta en el tarjetón, porque ya es copiar la ""idea"" de otro muy de frente",1,es,Colombian,twitter
En fin... UN RETRASADO MÁS.,1,es,Colombian,twitter
En su cabeza se habra sentido muy intelectual el retrasado 🧐,1,es,Colombian,twitter
Di que eres retrasado sin decir que eres retrasado 🤡,1,es,Colombian,twitter
"Es oh al iniciar, aprende a escribir retrasado.",1,es,Colombian,twitter
Este retrasado sigue con lo mismo?,1,es,Colombian,twitter
Usted más retrasado aún que lee los trinos de una persona que acusa de enferma.,1,es,Colombian,twitter
"Retrasado Mental, salga de su burbuja",1,es,Colombian,twitter
Osea ya sabemos que eres retrasado mental,1,es,Colombian,twitter
"Rizaz, entiendo que eres retrasado mental, pero no abuses, hay instituciones para gente como tu.",1,es,Colombian,twitter
"También hay psiquiatras que no te dicen más de lo cualquier otra persona que se te atraviese en la calle pudiera decirte, que servirte de algo, no pagarías por ello y posiblemente Ya te lo había dicho antes de acudir a ellos. Te tratan como 1 niñito o 1 retrasado mental",0,es,Colombian,twitter
Pero no era poner en situación de vulnerabilidad a los colombianos crear paramilitarismo para matarlos. Es retrasado mental o se hace.,0,es,Colombian,twitter
"Esto es una opinión bastante personal. No todo el mundo debe estar de acuerdo con lo que digo o pienso, por si quiere aparecer algún vigilante retrasado a refutarme lo de arriba.",0,es,Colombian,twitter
"Claro bruto, retrasado, subnormal si crees la mentira que Cristiano es el que más Champions a ganado.",1,es,Colombian,twitter
llegó el retrasado mental de turno,1,es,Colombian,twitter
El que se fue y Bogdan no sirve pa ni verga. No fue capaz de hablar esos bultos el solo siempre retrasado a sensei. Más pendiente en no caerse que en adelantar en la prueba.,0,es,Colombian,twitter
"Joda retrasado, y sigue la perra. 🤣 Animal",1,es,Colombian,twitter
Qué se puede esperar de semejante retrasado que a duras penas sabe hablar 💩💩,1,es,Colombian,twitter
"yo creo que con solo apreciarlo aprende suficiente, y si lo roba mas vale que valga la pena, si no no haría algo asi, q si tiene ese cuadro 10 mins o 1 hr sea el equivalente a los años q se va comer en prisión, o que vaya al museo y ya ni que fuera retrasado pues",0,es,Colombian,twitter
"Por que tienes que ser retrasado mental para no entender la diferencia de cuidado qué hay que tener entre un animal y un ser humano. Si tú no entiendes eso básico, no se de verdad como explicártelo desde un principio lo he dicho.",0,es,Colombian,twitter
Las preguntas sobre la vulnerabilidad de las contribuciones al fondo han retrasado la creación e implementación del esfuerzo de ayuda para Venezuela.,0,es,Colombian,twitter
"JAJAJAJ en que momento dije eso.. Y es cierto, cuando adoptas NO eres el padre del hijo. cumples con la figura del padre, más no eres el padre. Debes ser retrasado para creer que engendraste a quien adoptaste",0,es,Colombian,twitter
"Retrasado delincuente mentiroso, serán con la plata que le dieron los narcos para la campaña del narcogobierno petrista…",1,es,Colombian,twitter
"Y su pareja debe ser muy retrasado para pensar que usted es un humano y no una ameba con la forma de un maíz pira, un pitbull, cualquier pitbull es y será un mejor ser que usted babosa desagradable.",1,es,Colombian,twitter
Callen a este enano de circo 🎪,1,es,Colombian,twitter
"toyota supra enano, ud sabe",0,es,Colombian,twitter
Prefiero seguir enano. Gracias,0,es,Colombian,twitter
"Sin palabras que voy, busco a ese anciano y lo rompo.",1,es,Colombian,twitter
Cuando eres un enano no pasa Jajajajaja,0,es,Colombian,twitter
"Hoy Twitter Nacional es el reguero de historias de malapagas, estafadores y gente depravada cegada por Satanás (enano predicador dixit)",0,es,Colombian,twitter
Alejo. Los jugos y los sanduches en El Enano son espectaculares.,0,es,Colombian,twitter
Yo sin saber que es enano capado 😳,0,es,Colombian,twitter
enano carechimba!,1,es,Colombian,twitter
acomodado hp enano marica,1,es,Colombian,twitter
Nos ganamos el baloto con el enano,0,es,Colombian,twitter
"Enano verde ,eso es lo q yo digo como cuando le roban a nacional nadie salta ,eso era gol de Aguirre ha",0,es,Colombian,twitter
Enano desagradable.…,1,es,Colombian,twitter
bueno usted es el mejor ejemplo para explicar que puede ser mujer hombre gato enano o lo que sea lo que importa es la honestidad y la coherencia en el discurso cosas que no tuviste con tu electorado,0,es,Colombian,twitter
Enano ha sido el Yunior toda la vida y vienen a decir.. Disque un grande!!,0,es,Colombian,twitter
"Enano de mierda, cebo y petardo",1,es,Colombian,twitter
"Entre más enano, más sapo",1,es,Colombian,twitter
*El enano Baez*,0,es,Colombian,twitter
"Pero si es la verdad... De lejos ha sido el mejor. La economía creció, el desempleo bajó, firmó el tratado de la Habana, le hizo 🖕🏼al enano del mal…",0,es,Colombian,twitter
"Es increíble que Pinto que dirigió a Costa Rica,que dirigió Keylor Navas Hp haya aceptado a un enano de Arquero y a un suplente que mide 2 metros pero tapa como uno de 1 metro…",0,es,Colombian,twitter
Acá tengo un vecino un enano culibajito tiene un pitbull el care Monda ese lo suelta cada vez que se le da la gana como es mozo de los policías por qué cada nada llegan a visitarlo no le dicen nada ese animal es un caballo llega al parque de los niños. Yo tuve dos y es su natural,0,es,Colombian,twitter
"Que Mantilla no debió haberse ido así, faltando un partido. El enano si.",0,es,Colombian,twitter
"Lo del enano, no tengo argumento para contrarrestar pero, lo del tal estadio propio: éste se empezó a construir con plata ajena, con plata q Ever Celin Navas le robó a la Universidad Santiago de Cali y por lo cual ese señor salió por la puerta grande pero de atrás…",0,es,Colombian,twitter
Usted es un excremento completo,1,es,Colombian,twitter
"Qué complejo tan tenaz: enano, feo, medio trigueño, parado de payaso, mano enroscada, mirada perdida",1,es,Colombian,twitter
Te voy a violar pendejo de mierda,1,es,Colombian,twitter
"Cuando digo que te voy a violar con odio no lo digo en broma, puta.",1,es,Colombian,twitter
"Eso es tan torcido en la ley, cuando se encuentra una mujer en esa situación, ¿Acaso el agresor aclara su intención? ""Solo te voy a violar, no te voy a matar ni a desaparecer tu cadáver, para que si mañana piensas denunciarme midas tus palabras"" las leyes del lado del criminal.",0,es,Colombian,twitter
Ojalá la navaja q uses para cortarte este oxidada y te termines matando pendeja traumada de mierda,1,es,Colombian,twitter
te voy a violar puta mal cogida,1,es,Colombian,twitter
y si se me ocurre te voy a violar,1,es,Colombian,twitter
"Le he dicho ""te voy a violar"" a mi padre pensando que era mi hermano",0,es,Colombian,twitter
Te voy a violar el culo f,1,es,Colombian,twitter
La tipa: te voy a violar El rubios: no le digas a goku,0,es,Colombian,twitter
"hay cada raro de los que me reaccionan, estan o los que tienen cara de te voy a violar o los que tienen cara de que no la ponen ni en remojo",0,es,Colombian,twitter
Toma aire q te voy a violar la garganta,1,es,Colombian,twitter
Me acuerda a un fanfic donde shaina se apareció y le dijo a Seiya te voy a violar y te va a gustar,0,es,Colombian,twitter
creo q te voy a violar,1,es,Colombian,twitter
puta chismosa te voy a violar,1,es,Colombian,twitter
te voy a violar solo con mi mano te voy a meter mis dedos uno por uno para que sientas lo que es el placer y me pidas por favor que te meta la verga que ya no aguantas mas,1,es,Colombian,twitter
"puta de mierda, te voy a violar",1,es,Colombian,twitter
te voy a violar pendejo te voy a torturar,1,es,Colombian,twitter
"Si vas por la calle y te digo ""zorra te voy a violar"", no me respondas y traga saliva.",1,es,Colombian,twitter
"Te voy a violar pendejo, te voy amarrar a la cama y te voy a torturar",1,es,Colombian,twitter
Eso te calienta verdad que te traten como una puta pero antes de que me saques mi leche te voy a violar hasta qué e me canse y pidas a gritos mi leche,1,es,Colombian,twitter
te voy a encontrar y te voy a romper la cabeza hija de puta,1,es,Colombian,twitter
"Sé que estás ahí, oportunidad de viralizarme con un video para luego facturar de una forma que de miedo, y te voy a encontrar.",0,es,Colombian,twitter
Te voy a encontrar Cenicienta.,0,es,Colombian,twitter
te voy a encontrar hijo de puta,1,es,Colombian,twitter
ya te voy a encontrar persona para cerrar los domingos,0,es,Colombian,twitter
Ganas de trabajar se que estás ahí afuera y te voy a encontrar,0,es,Colombian,twitter
desubicada hija de puta ya te voy a encontrar me cagaste la vida,1,es,Colombian,twitter
Sé que andas por ahí atardecer de nubes rojas...Y te voy a encontrar,0,es,Colombian,twitter
"No sé dónde te venden, pero te voy a encontrar y te voy a devorar. 🤤",0,es,Colombian,twitter
"mujer sos bien de puta, te voy a encontrar.",1,es,Colombian,twitter
"Ey vos... te voy a buscar, te voy a encontrar y te voy a dominar la mitad de la cancha.",0,es,Colombian,twitter
HIJA DE PUTA UN DÍA TE VOY A ENCONTRAR Y VAS AMANECER EN PEDACITOS,1,es,Colombian,twitter
De que sirve tener autos de “lujo” 1 casa inmensa creerte superior a todo el resto si vas a tratar mal a un Animalito ahí demuestras lo mala persona que puedes ser si entró a tu Jardín🐶 es porque estaba buscando donde cobijarse del frío y la lluvia Negrito te voy a encontrar 🙏,0,es,Colombian,twitter
"las ganas d estar full enamorada, en un vínculo sanisimo, muchos mimos e interés. Sé k estás ahí y te voy a encontrar bebito",0,es,Colombian,twitter
HIJO DE PUTA TE VOY A ENCONTRAR Y CON UN LÁPIZ ABRIRÉ TU ESTÓMAGO,1,es,Colombian,twitter
No recuerdo tu nombre pero te voy a encontrar alla a donde esteees,0,es,Colombian,twitter
Perra inmunda quiero q sepas q te voy a encontrar y te voy a dejar calva,1,es,Colombian,twitter
te voy a encontrar buscándome entre habitaciones por haber borrado esos mensajes comprometedores,0,es,Colombian,twitter
"Se que estás ahí persona que tiene contactos en una empresa y me va a hacer entrar, y te voy a encontrar",0,es,Colombian,twitter
se que andas por ahi amor de mi vida que me acompañe a degustar hamburguesas ya te voy a encontrar,0,es,Colombian,twitter
"Todavía entro a casa y pienso que te voy a encontrar en la ventana esperando a que te abra. Mi donna, que difícil dejarte ir💫 tanto te amo",0,es,Colombian,twitter
Se que estas ahí trabajo hibrido con posibilidades de crecimiento que valore mi experiencia en el rubro y te voy a encontrar!,0,es,Colombian,twitter
me da igual quien seas te voy a encontrar y te voy a descuartizar,1,es,Colombian,twitter
TE VOY A ENCONTRAR Y TE VOY A MATAR BASURA!,1,es,Colombian,twitter
"Sé que estás ahí futura amiga que te guste leer, que estés enfocada en ti, que nos apoyemos mutuamente en nuestro crecimiento personal, que te gusten los planes de ir a desayunar como señoras y tomar vinito Y te voy a encontrar 🫵🏼",0,es,Colombian,twitter
"El ""Bukele"" colombiano que quiere ser alcalde de Cali, plagiando las ideas de un presidente . Así es el uribismo, sin ideas, sin títulos y con plagios.",0,es,Colombian,twitter
Ya empezó la turba uribista a decir que la suspensión del gas es culpa de Petro y no por un daño en el gaseoducto Mariquita - Cali de la empresa TGI en Cerro Bravo.,0,es,Colombian,twitter
"Que impotencia ver todos los días a estas ""bellezas"" haciendo de las suyas en Cali... Ocurrió en sector de López. Un hombre trabajaba tirando volantes en las casas, cuando le llegó.",0,es,Colombian,twitter
Cómo engañar a unos incautos en redes y hacerles cómicamente creer que Cali es una República independiente donde se puede copiar el “modelo Bukele” Compártanle esta información a este señor para que no siga haciendo el oso.,0,es,Colombian,twitter
Por supuesto que votamos por que se dañara una tubería de gas que abastece Cali y una parte del Valle.,0,es,Colombian,twitter
De regreso a Cali por la vía al mar. Clima nublado y bastante frío. Cientos de caleños empiezan a llegar a la ciudad en este puente festivo. Km 18,0,es,Colombian,twitter
"En Cali, nada nos distrae de nuestro objetivo.Invito a todos los Progresistas a ir a los barrios a hablarle a nuestros amigos sobre la importancia de las reformas y a no dejarse distraer en discusiones sin fin..",0,es,Colombian,twitter
"Desde Argentina nos informan que el connacional retenido por sacar bandera Palestina, en partido sub-20 entre Israel y Colombia, en La Ciudad de La Plata, ya fue puesto en libertad por las autoridades de este país. Agradecemos enfoque en DDHH a tratamiento de este tipo de casos.",0,es,Colombian,twitter
"Viejos descarados, cuándo el pueblo los necesitó para pelear por sus derechos, se acomodaron del lado de los corruptos y ahora cuando ya no pueden ni toser salen, realizan concentraciones, trotan, hacen escándalo",0,es,Colombian,twitter
"Les comparto este mensaje en este día de la memoria, en este día de la dignidad , día en el que conmemoramos la lucha de los pueblos negros, afrodescendientes, raizales y palenqueros en Colombia 🇨🇴.",0,es,Colombian,twitter
"Colombia es una picadora de empresas por una mala distribución tributaria, a cambio lo que ofrece es explotación laboral, ese fue el ""contrato"" que los gobiernos hicieron con las empresas, quiere decir que si quiere algo diferente deberia bajar el IVA y la renta corporativa.",0,es,Colombian,twitter
El mejor entrenador de nóminas millonarias.,0,es,Colombian,twitter
"La prostitución es el trabajo más antiguo del mundo, hasta en la edad de cristo habían prostitutas, eso no es solo en Colombia o de izquierda, Dios mio, habla por hablar ud y si de droga se trata eso va mas por la derecha que lleva gobernando añoooos, matando y traficando! Lea!",0,es,Colombian,twitter
"Tranqui, yo no te voy a hacer daño como ella lo hizo",0,es,Colombian,twitter
"Ojalá Dios, algún día te perdone por todo el daño que quisiste hacerme, que te de paz en el alma y la limpie, porque sos una persona tan oscura, que todo lo que tocas, le querés hacer daño y te voy a vencer todas las veces que intentes lastimarme, porque yo estoy con Dios. 💫",0,es,Colombian,twitter
"no te voy a pegar porq no te quiero hacer daño, esto solo es una advertencia",1,es,Colombian,twitter
"yo estoy re loca, ya tengo pensado el daño que te voy a hacer jaja",1,es,Colombian,twitter
"te voy a hacer daño, te vas acordar",1,es,Colombian,twitter
"fuiste el motivo de muchos momentos felices, pero ya no, ya no vamos a recuperar eso que que se nos perdio desde el momento en que nos empezamos hacer daño sin darnos cuenta, siempre te voy a desear lo mejor y me voy a alegrar por ti",0,es,Colombian,twitter
"no sé si esto es ser buen corazón o idiota pero, me puedes hacer el daño más horrible del mundo y yo te voy a perdonar y hacer como si no hubiera pasado nada. Ay Eddie, aprende a defenderte mejor, eso pasa cuando no supiste poner límites desde una edad pequeña.",0,es,Colombian,twitter
"Ya te mostré mi lado lindo, ahora ve preparando un psicólogo por que te voy a hacer daño",1,es,Colombian,twitter
te voy a hacer tanto daño q te arrepentirás de no haberme contestado los mensajes,1,es,Colombian,twitter
Algún día te voy a hacer tan mierda q lo mejor q podés hacer es dejar de respirar,1,es,Colombian,twitter
"Cariño cómo te voy a fallar a ti si eres lo q más quiero en esta vida, mi mamá me enseñó q a tu felicidad no le puedes hacer daño así q me es imposible hacerte daño",0,es,Colombian,twitter
"No te voy a hacer daño Precioso, yo ya fui al Psicólogo",0,es,Colombian,twitter
Te voy a hacer la vida imposible,1,es,Colombian,twitter
"Me podes hacer daño de miles de forma, pero siempre te voy a ayudar en lo que pueda y te voy a dar los mejores consejos por tu bien!",0,es,Colombian,twitter
Como pongas otra indirecta yo si que te voy a hacer daño hdp,1,es,Colombian,twitter
"Ya te dije que no te voy a hacer daño, vamos a ver unos capítulos para recuperar mi estabilidad emocional temporalmente y podrás marcharte con tu dinero",0,es,Colombian,twitter
"Y créeme que te voy a extrañar, pero prefiero ser directa y decir las cosas a qué en un futuro te pueda llegar a hacer daño, eres el mejor chico que pude conocer, gracias por tanto en tan poco tiempo 😴💓",0,es,Colombian,twitter
"si estás conmigo, yo te voy a dar lo mejor de mí, voy a tratar de hacer todo lo posible para poder hacerte feliz, es verdad, puede ser que muchas veces me equivoque en algunas cosas, que me enoje por cosas sin sentido, pero jamás sería capaz de lastimarte o hacerte daño",0,es,Colombian,twitter
Para que?? Para que te des cuenta que solo te amo a ti? Para que después veas lo vulnerable que me vuelvo en tus brazos y sepas que me puedes hacer daño? Para eso? Para saber que aún si me engañas te voy a perdonar xq ya no se vivir sin ti? Para eso quieres revisarlo?,0,es,Colombian,twitter
te voy a encontrar burro hp,1,es,Colombian,twitter
Te voy a encontrar y te voy a cagar a palos hdp,1,es,Colombian,twitter
Quemen a ese mongólico.,1,es,Colombian,twitter
mongolico de la verga 🤮,1,es,Colombian,twitter
Este hpta con esa cara de mongolico,1,es,Colombian,twitter
Quien es esa zorra falsa,1,es,Colombian,twitter
SE ADUEÑO DE LA CASA ESTA ZORRA.,1,es,Colombian,twitter
Igual que tu onlyfans zorra hijuelaperra,1,es,Colombian,twitter
"Groupie zorra, estuvo súper cool😛🤙🏻",0,es,Colombian,twitter
Que rico que es chuparle el culo a una puta zorra,0,es,Colombian,twitter
con la zorra de tu madre tal vez,1,es,Colombian,twitter
"Puta zorra, te pica el culo",1,es,Colombian,twitter
Lo que pasa es que tú eres una zorra.,1,es,Colombian,twitter
"Es que feminicidio abarca más allá que el simple acto de matar. En este caso ella interpuso varias denuncias por maltrato familiar y amenazas de muerte. En dónde el señor se dirigia a ella como ""zorra"" ""prostituta"" ""perra""""basura"" (según las denuncias).",0,es,Colombian,twitter
"Ay no ahora usted, copia barata de la zorra esa",1,es,Colombian,twitter
Ustedes xq son tan zorras?,0,es,Colombian,twitter
Esas son las peores … la más zorras son las que más critican,0,es,Colombian,twitter
"Si ven una zorra con mallas en la feria del libro, soy yo. Me saludan y gastan Pola. 😌",0,es,Colombian,twitter
Halloween la unica noche del año donde las chicas podemos vestir como auténticas zorras y ninguna otra puede criticar,0,es,Colombian,twitter
Soñé con ese man que solo he visto una vez en mi vida. Soñé que éramos amigos y que me aconsejaba como ser más “Zorra”. Definitivamente mi inconsciente me está enviando un mensaje bastante claro.,0,es,Colombian,twitter
"La vaca dice: Muuu El gato dice: Miau La zorra dice: Te juro amor, solo es un amigo",0,es,Colombian,twitter
Halloween dejó de ser una celebración para niños y se convirtió en una competencia animal entre machos para ver cuál se droga más y entre hembras para ver cuál se ve más zorra.,0,es,Colombian,twitter
Ay no esta zorra se pone tan pesada a esta hora siempre,1,es,Colombian,twitter
Miserable pervertida zorra maloliente,1,es,Colombian,twitter
ud es una vieja zorra,1,es,Colombian,twitter
Vos dejar de andar de zorra,1,es,Colombian,twitter
Eso mismo también lo dice la zorra que lo parió,1,es,Colombian,twitter
"Habla como cotorra, lambe como perra, qué es: una zorra llamada clara",1,es,Colombian,twitter
"En la casa de la zorra de tu gran puta madre, pedazo de mierda.",1,es,Colombian,twitter
"Escoria no digas que eres valluno, eres una vergüenza nuestra, porque no te aborto esa zorra que te parió!!",1,es,Colombian,twitter
Mi papá me pilló en una movida y me dijo que era una zorra. No se como sentirme al respecto.,0,es,Colombian,twitter
Maldita zorra.,1,es,Colombian,twitter
Te amo maldita zorra.,0,es,Colombian,twitter
"Jajaja el no me mintió a mi, pero según el soy una zorra por creerle a un mentiroso",0,es,Colombian,twitter
"Dicen que mi casa es un prostíbulo, que mis perritos hacen escándalo cuando llegó, que soy puto y puta, zorra y ninfóman@, que amo a los animales y odio a mis vecinos, que soy vicioso, que horrible por recoger perros...pero también dicen que ayudó mucho a las personas.",0,es,Colombian,twitter
"Yo no voy a bloquear a nadie de mi familia. Ya saben que fumo, tomo y soy bien zorra.",0,es,Colombian,twitter
Sapa perra zorra burra,1,es,Colombian,twitter
"Si de esta escapo y no muero, no más zorras en mi gallinero.",0,es,Colombian,twitter
Bien ladrona la zorra y sigue rondando el gallinero.,1,es,Colombian,twitter
Y también una zorra a domicilio,0,es,Colombian,twitter
"Hablan los que llevan meses haciendo campaña con Roy, Benedetti, Bedoya y otros impresentables de la política tradicional, incluidas figuras vinculados con el paramilitarismo...Babean pensando en la oportunidad de recibir a los electores de Fico. Pero están verdes dijo la zorra",0,es,Colombian,twitter
Denuncio cuando sus patrones las Ratas Char ya tenian el robo en sus cuentas bancarias.zorra de gallinero.,0,es,Colombian,twitter
Eso es mandar la zorra a cuidar las gallinas. Q hps. En cada órgano y ministerios de este desgobierno pasa lo mismo. Corrupción rampante y narcoparamilitarismo asesino.,0,es,Colombian,twitter
"Tiene cara de matón de vereda, se cree protagonista de novela, se le moja la canoa, feminicida en potencia o mongolico seguro, ahora más idiota la vieja que se meta con ese neandertal.",1,es,Colombian,twitter
Mongolico quédese jalando el ganzo que usted es un baboso,1,es,Colombian,twitter
"Este mongolico no se cansa, vaya a mamarrrr",1,es,Colombian,twitter
jaja el que se crea esa noticia es un mongolico hijode puta,0,es,Colombian,twitter
"Lastima su mamá lo pario por el culo y lo dejo caer jajajajajajaja que hpta más tonto, bruto, y Mongolico,vaya y se limpia las babas aguevado",1,es,Colombian,twitter
"jaja no llore más Mongolico, jajaj parido por el culo jaja care mierda",1,es,Colombian,twitter
"Lavate la boca para hablar, mongolico",1,es,Colombian,twitter
Las garroteras que le dan a este mongolico? Como disfruto,1,es,Colombian,twitter
Polo polo es mongolico fruto de la cochinada de padres que lo engendraron . Ya saben. no a tener hijos entre primos o te salen polo.polo,1,es,Colombian,twitter
"El mongolico de twitter, Alejandro Cortes",1,es,Colombian,twitter
Escriba bien mongolico,1,es,Colombian,twitter
Nunca había visto un Man tan fastidioso mk no soy capas de ver más de 5 segundos se esté mongolico,1,es,Colombian,twitter
Este man es mongolico??? O q hptas jaja,1,es,Colombian,twitter
"Mi amigo el mongolico que dice ""cualquiera menos Petro"" 🤦🏻‍♂️",0,es,Colombian,twitter
"Les faltó la foto del mongólico de Arrieta, me hace extrañar a Jhonatan Pérez, eso ya es mucho decir.",0,es,Colombian,twitter
cómo siempre hablando estupideces vos mongólico.,1,es,Colombian,twitter
A leguas se nota que usted es un mongolico,1,es,Colombian,twitter
Quién putas se deja meter 7 SIEEEETE goles en un partido de FIFA?!!! Es un mongólico o es el Tolima?,0,es,Colombian,twitter
Mano me volvieron a insultar por mongolico???,0,es,Colombian,twitter
Muy mongolico mami,0,es,Colombian,twitter
Residuo fecal dice el mongolico este.... jajajaja da pesar este retrasado.,1,es,Colombian,twitter
"Mañana jugamos contra el hijo mongólico, si el de las infinitas maratones.",0,es,Colombian,twitter
Aprenda a escribir primero no tiene sentido la pendejada que escribe es mongolico o que,1,es,Colombian,twitter
me haces como falta mongolico,0,es,Colombian,twitter
jaja la tienes clara😌 te quiero más que a hijo mongolico❤️,0,es,Colombian,twitter
Hpta care mongolico,1,es,Colombian,twitter
"Soy el único que responde todas las encuestas de Twitter, como mongolico?",0,es,Colombian,twitter
Hay q ser atonlondrado para escribir esto,1,es,Colombian,twitter
Uno es como todo mongolico cogiendo las cosas en serio.,0,es,Colombian,twitter
niño rata gorda con problemas de vista el chiste se cuenta sólo y le va al rayados y se rie en twitter como mongólico,1,es,Colombian,twitter
usted donde hizo ese curso de mongólico que le quedo muy bien,1,es,Colombian,twitter
ACABO DE LEER Y CONTÉ MAL EL CHISTE...!!! SOY UN MONGÓLICO,0,es,Colombian,twitter
"Mi novia y sus piropos ""te escuchas como un mongólico """,0,es,Colombian,twitter
DiCaprio no conquistó a la academia haciendo de mongólico y eso nos indica que paila. Que no va a ganar nunca.,0,es,Colombian,twitter
"Uno es como todo mongólico cuando se enamora, qué vergüenza.",0,es,Colombian,twitter
Bobito??? Eso es un cumplido para este pelmazo mongólico,1,es,Colombian,twitter
Parce me tiene mamado todos los rt que le dan a suso el paspi con ese hablado como de mongolico!,0,es,Colombian,twitter
"Aun sigo aca como un mongolico esperando al P75, el problema es el trancon de la 50 con quinta",0,es,Colombian,twitter
Porque la gente es tan mongolica para hacer un pedido?,0,es,Colombian,twitter
Ustedes también tienen una prima Mongolica ? Yo pensé que en mi familia no pasaba esto.,0,es,Colombian,twitter
"Esa cara de mongólica que tiene, lo dice todo.",1,es,Colombian,twitter
Para cuándo abren investigación por ñeñe política por corrupción en contratos anticorrupción y a la mongolica del Atlántico,0,es,Colombian,twitter
Tengo un celular inteligente con una batería mongólica,0,es,Colombian,twitter
"y yo cual mongólica no si tenés razón, en fin resulta q fulanito le dijo ve quiero volver con tefa ayudame",0,es,Colombian,twitter
Me Da Rabia Esas Mujeres Que Se Comportan Como Una Total Mongolica,0,es,Colombian,twitter
"Me perdonarán lo mongólica, pero esto me dio mucha risa:",0,es,Colombian,twitter
"Haber gran H....P me sobran 5 mil pesos de lo que invertí por venir a Tunja, si quieres te los regalo malparido, porque tú madre repartiendo CULO y vos más pendiente de América en vez de ver cómo sacas a tu mugroso equipo de la quiebra, deja de abrir cuentas falsas maricon",1,es,Colombian,twitter
"Lo que tu eres, es un fanboy otaku mugroso.",1,es,Colombian,twitter
"Cállese, volvolardo mugroso",1,es,Colombian,twitter
Sirvan de algo por una vez y gánenle a ese mugroso país.,0,es,Colombian,twitter
"Hable bien, mugroso",1,es,Colombian,twitter
"No es que esté jodidamente inmerso en un gran viaje 'existencialista', sino qué he trascendido a llegar a convertirme casi en un mugroso 'hippie filosófico' sin muchas bases doctrinales",0,es,Colombian,twitter
Típico perfil de mugroso petroburro,1,es,Colombian,twitter
Pinche virus mugroso vete que tengo muchas ganar de verlo,0,es,Colombian,twitter
"""no tan mugroso"" jajajajajaja hoy me hiciste estallar varias veces",0,es,Colombian,twitter
Quien le enseñó a los mamertos que ser mugroso y vivir entre el hollín es una gran manera de protestar,0,es,Colombian,twitter
"malparido don nadie y PROVINCIANO DE MIERDA, perro mugroso y piojoso",1,es,Colombian,twitter
"sos un delincuente, eso es lo que sos",1,es,Colombian,twitter
"ya te dí en la jeta una vez, no vaya ser que lo tenga que hacer otra vez",1,es,Colombian,twitter
dejá respirar por la herida fanático mugroso !,1,es,Colombian,twitter
La foto es prestada o el reloj y el traje? El mentón no es el mismo que exhibe en el perfil. Allí si se ve mugroso.,0,es,Colombian,twitter
viejo decrépito y mugroso,1,es,Colombian,twitter
"Y el mugroso recibo para que es?!, entonces para que hay aperturas si van a multar... cuál es la lógica?!",0,es,Colombian,twitter
Quien se encarta con ese mugroso!!Si sin hacerle nada chilla,1,es,Colombian,twitter
"ud es una porqueria que ha llegado a lo más bajo que puede llegar a ser alguien, sos pura basura, mugroso",1,es,Colombian,twitter
deje de ser chillón perra mugrosa,1,es,Colombian,twitter
caerás más temprano que tarde porqueria,1,es,Colombian,twitter
"JAJAJAJA yo próximamente ""ábrete pinche mugroso!""",0,es,Colombian,twitter
"Que tan psicópata tienes que ser como para saber que trataste mal a alguien y regresar como si nada? Oshhhh, ábrete mugroso.",0,es,Colombian,twitter
No este gobierno mugroso hasta cuando debemos de aguantar estas infamias,0,es,Colombian,twitter
"Haga lo q haga, este malpa será un mantenido de Petroño y nunca dejará de ser mugroso",1,es,Colombian,twitter
Que solución busca ud señor antes los muertes que causa este gobierno mugroso.,0,es,Colombian,twitter
"CERDO, MUGROSO Y MAL OLIENTE",1,es,Colombian,twitter
Muchos quisiéramos largarnos de este mugroso país pero solo por ser colombianos muchos países nos niegan la entrada. No es tan fácil salir como decirlo pero ganas no faltan.,0,es,Colombian,twitter
Tome valeriana mugroso.!,1,es,Colombian,twitter
"Él es Kyle, también conocido como Kyle Federico, Feo, Gamin, Gay, Mugroso, Callejero, Cosa con ojos.",1,es,Colombian,twitter
Dejen de darle pantalla a un mugroso uribista que lo único que hace es servir de mal ejemplo para otros mugrosos uribistas,0,es,Colombian,twitter
"Que asco ese mantecoso,mugriento,vende humo,que mama del erario lo mismo que esa sucia de mujer que tiene y después hablan de amor al prójimo, de reconciliación y de paz. Fuera mugroso,sucio,con esos dientes llenos de sarro y esa cabeza grasienta. Asqueroso!",1,es,Colombian,twitter
Ya se bañó? Ya se cepilló ese sarro?. Se lavó ese pelo grasiento y mugroso?,1,es,Colombian,twitter
Laváte esa jeta podrida y cortáte esa barba sucia.! Mugroso.!,1,es,Colombian,twitter
Socialista mugroso de la guerrilla,1,es,Colombian,twitter
No sé por qué le cogí tanto fastidio a ese mugroso,1,es,Colombian,twitter
Parque del Perro Mugroso,0,es,Colombian,twitter
"Vivir es como cuando en la infancia salías a jugar: “Quedas revolcado, raspado y mugroso pero con una sonrisa en el alma”.",0,es,Colombian,twitter
"en MAL llamadas ""tascas"" Cali, hay diversos platos, con PARTÍCULAS de POLVO MUGROSO",0,es,Colombian,twitter
maldito mugroso como te adoro!!!!!,0,es,Colombian,twitter
Mi mugroso hermoso y travieso,0,es,Colombian,twitter
jaja estaba limpio cuando se perdió. La señora dijo que estaba untado de grasa y todo mugroso,0,es,Colombian,twitter
ahhh Buenoooo jajajaja te llevare a un lugar hippie y mugroso jajajaja,0,es,Colombian,twitter
ve este mugroso!!! .l.,1,es,Colombian,twitter
Ya no me conmueven la elecciones. Ya no espero nada de ningún Mugroso que salga en la TV.,0,es,Colombian,twitter
andar mugroso con pereza y sueño todo el dia.,0,es,Colombian,twitter
"Tengo cosas mas importantes que hacer , que verme ese mugroso partido *Lluvia de Unfollows *",0,es,Colombian,twitter
"Ojalá este mugroso GPS detectara mi ubicación, esta mas perdido que yo !",0,es,Colombian,twitter
"Acabo de ver un vídeo donde un mugroso le pega a un niño :'( :'(...No tengo hijOs,pero tengo un sobrino qué amo con el Alma",0,es,Colombian,twitter
Esperando al mugroso bus,0,es,Colombian,twitter
mugroso,1,es,Colombian,twitter
"Mano la próxima sabe que tiene que hacer?? Exacto, invitarme mamahuevo",0,es,Colombian,twitter
mamahuevo ceniciento,1,es,Colombian,twitter
"Claro que cuenta. Siento que el ""mamahuevo"" es de uso muy frecuente en algunos jóvenes, esa sería otra palabra.",0,es,Colombian,twitter
El que grita en protesta... DUQUE MAMAHUEVO!,0,es,Colombian,twitter
"Cuando dicen extranjeros, se refieren a ese grupo de ciudadanos turistas escandinavos que dicen “mamahuevo”",0,es,Colombian,twitter
"búsquese una vida mejor, a ver si le rinde! Deje el desespero mamahuevo",1,es,Colombian,twitter
mucho mamahuevo sos vos,1,es,Colombian,twitter
mequetrefe mamahuevo,1,es,Colombian,twitter
"Mamahuevo solo tengo 3 dolares y una compra de un comic de Batman,que carajos estás buscando",0,es,Colombian,twitter
Saliste un mamahuevo de chamos asesinos,1,es,Colombian,twitter
quemen a este perro,1,es,Colombian,twitter
mariquito mamahuevo,1,es,Colombian,twitter
"Así es, quedará entre los 4 primeros, y Venezuela que? Última no? Pero última, no joda! Mamahuevo!",0,es,Colombian,twitter
"hay q aclarar de tu último video.. q aqui en colombia no decimos ""mamahuevo"" ese ea un término mas venezolano.",0,es,Colombian,twitter
El gobernador del Magdalena es un Mamahuevo Lameculo,1,es,Colombian,twitter
Pues ve y buscate a un negro que te complazca mamahuevo,1,es,Colombian,twitter
yo jalaba mucha risa con ese mamahuevo,0,es,Colombian,twitter
POR QUÉ NO TE CALLAS MAMAHUEVO!,1,es,Colombian,twitter
Por eso su mujer le mete cacho soplamonda,1,es,Colombian,twitter
"Celébralo Curramba, no joda Soplamonda",0,es,Colombian,twitter
Analfabeta los hijos de su madre.,1,es,Colombian,twitter
Usted si es un perfecto petardo opine cuando sepa analfabeta de mierda sopla monda,1,es,Colombian,twitter
"Impresionante! Pero no era analfabeta, sino con una educación muy precaria.",0,es,Colombian,twitter
"RENUNCIE VIEJA BRUTA,ANALFABETA",1,es,Colombian,twitter
"Una sociedad analfabeta e ignorante conlleva a esto. Cada día hay más zanganos vagos , queriendo vivir del que trabaja.",0,es,Colombian,twitter
Bandido populista!,1,es,Colombian,twitter
Analfabeta autoritaria,1,es,Colombian,twitter
Esperemos a ver mamaburra analfabeta que podrá saber un actor de quinta que no fue capaz de tener una empresa sólida vivía de las mentiras de la televisión bandido fascineroso apátrida,1,es,Colombian,twitter
Usted no sabe que es eso mamaburra desagradecido analfabeta ventrilocuo o solo sigue el guion que le dan los jefes malnacido,1,es,Colombian,twitter
Ya le pagaste a Bruno Díaz? Asesino,1,es,Colombian,twitter
Q vas a hablar analfabeta,1,es,Colombian,twitter
"Muchos esclavos de África fueron vendidos a esclavistas por otros negros. Hoy María Fernanda Cabal utiliza a un hombre negro y analfabeta para humectar su espalda ¿tendrá alguna discapacidad la señora Cabal? ¿Por qué no se aplica el humectante ella misma, teniendo dos manos?",0,es,Colombian,twitter
"Para ser bodega, estaría con cuenta recién creada, además alabando al hijueputa guerrillo. Simplemente insulto petristas, mono analfabeta, ah y lambón.",1,es,Colombian,twitter
No hay mayor racismo que el que cree que toda crítica que se hace en contra de la analfabeta e inepta Francia Márquez es por su color de piel.,1,es,Colombian,twitter
Eso mismo pensamos de ud! Un asesino! Patrocinador del terrorismo! Y mala paga compulsivo! Andando tan campante y ahora creyéndose candidato a una alcaldía! BANDIDO,1,es,Colombian,twitter
Analfabeta usted.,1,es,Colombian,twitter
Este analfabeta ya no sabe a quien mas culpar del desastre petrista! Y pretende ser alcalde! Pendejo,1,es,Colombian,twitter
Hay Bobo hpta lea bn analfabeta de mierda estoy diciendo que eso no es formalidad como lo hacen creer a toda hora,1,es,Colombian,twitter
Positivo para analfabeta digo uribista,1,es,Colombian,twitter
"al menos abrí el link de la noticia y leé, bobo hp, analfabeta 😡",1,es,Colombian,twitter
"Petrista imbécil, todo le aplauden a este analfabeta.",1,es,Colombian,twitter
Lea la noticia analfabeta,1,es,Colombian,twitter
"Primero aprende a escribir antes de dirigirte hacia mi persona por favor, más respeto analfabeta",1,es,Colombian,twitter
"Lo que está clarísimo es que eres un subnormal analfabeta que no sabe diferencias el español en tre “tonto” y “mono” 😂😂😂, que pena ajena que das",1,es,Colombian,twitter
Mamaburra analfabeta quiere acabar con la salud de los colombianos a eso se hizo elegir soplamonda a realizar daños mal amigo traicionero si habla muerda de caracol quien le calmo él hambre y la demando que podremos esperar de un ficticio como usted,1,es,Colombian,twitter
Ojalá no se le muera el resto de la familia por sus pemdejadas!,1,es,Colombian,twitter
! Inepto analfabeta y bruto!,1,es,Colombian,twitter
Analfabeta malparido no merece ni q lo escupa. No se vuelva a dirigir a mi hasta q no corrija ese analfabetismo insultante !,1,es,Colombian,twitter
hoy puede q este arriba pero todo lo que sube cae!,1,es,Colombian,twitter
"Hpta, es que no merece otra palabra, analfabeta de mierda",1,es,Colombian,twitter
"Uy, perdón. El analfabeta que puso O dios mio en vez de Oh dios mío, XD Si escribo rápido es porque tengo 2% de batería y tengo que malograr tu día un poco más.",0,es,Colombian,twitter
"Lo mas triste es que habrá el ignorante, analfabeta, bruto, burro que le coma cuento.",0,es,Colombian,twitter
Mientras tanto la minoría y analfabeta oposición.,0,es,Colombian,twitter
Votando por mermelada. El Congreso Colombiano es Analfabeta.,0,es,Colombian,twitter
Para que discute con un analfabeta económico,0,es,Colombian,twitter
"Que horror, quedé como mero analfabeta que ni sabe hablar, y sumándole a los retenedores",0,es,Colombian,twitter
"ya vieron el caos tan hp que se armó por dos días sin gas, ahora imagínense cuando dependemos del gas de Venezuela y al analfabeta de maduro le de por cerrar la llave o algún problema técnico se presente",0,es,Colombian,twitter
"Y esto solo demuestra lo estúpido que es usted jajajajja, definitivamente estos no ven más allá, de lo que ve esta negra analfabeta y oportunista",1,es,Colombian,twitter
Las propuesta del extremismo analfabeta.,0,es,Colombian,twitter
Quién le dijo que fumar marihuana te hace analfabeta y desempleado viviendo con los papás? Cuanta ignorancia.,0,es,Colombian,twitter
"En su mayoría, el promedio uribista es analfabeta, homofobico, Xenofobo y Bobo HP como tu perfil. Insulso Hijueputa",1,es,Colombian,twitter
Busque y me muestra porfa 👀 yo soy bien analfabeta,0,es,Colombian,twitter
"Otra vez tenemos que aguantar los comentarios de odio y veneno de la iletrado y analfabeta, obesa, vulgar, ordinaria",1,es,Colombian,twitter
"Señor, seguir tratando a los que no piensan como tú de analfabeta no te dan la razón de forma mágica. Y si en vez de andar inventando formas de hacerse el inteligente con comentarios de poco esfuerzo, ofrece un argumento o explicación?",0,es,Colombian,twitter
nefasta loca reloca que sufre de sicopatia multiple. Estas perdida en la droga,1,es,Colombian,twitter
"El PSG es una casa de señoritas, Pero sin señoritas. El Barca es la cueva de Ali Baba y los 40 ladrones! Quien no sepa eso, es porque vive en una cueva,es totalmente boludo,analfabeta y tonto del culo!!!",0,es,Colombian,twitter
"El colmo de los colmos. Es un ""abogado"" analfabeta",0,es,Colombian,twitter
que vergüenza vos un inepto analfabeta,1,es,Colombian,twitter
esta mujercita incendiaria de la izquierda radical...con el raspao de peinado y sus siniestras compañias.. de guerrilleros enemigos de colombia??,1,es,Colombian,twitter
esta pobre filosofa analfabeta esta completamente perdida. no sabe donde esta parada,1,es,Colombian,twitter
completamente analfabeta y resulto multimillonaria de la noche a la mañana,1,es,Colombian,twitter
"Vive en una mansión, con piscina y cancha de tenis, no tiene carro pero si helicóptero , se gasta 60 millones semanales en gasolina, y se queja de la oligarquía, pero ella es oligarca. La hipocresía al fin.",1,es,Colombian,twitter
si perdemos la patria lo perdemos todo. esta señora analfabeta incita a colombia a una guerra civil y destrucion total. el cuentito de paz total es narcoterrorismo . apatrida irresponsable.,1,es,Colombian,twitter
Clásico economista analfabeto! Hace coro con la analfabeta Minminas!,1,es,Colombian,twitter
"Y tampoco le da un diploma universitario a ud, analfabeta hijueputa",1,es,Colombian,twitter
"padre de Mon Rivera el rey del trabalenguas! Juglar analfabeta, compositor prolífico!",0,es,Colombian,twitter
No hay nadie mas analfabeta quien prefiera una guerra que respetar la democracia.,0,es,Colombian,twitter
"El arma más letal de la derecha, es la generacion del miedo, y que sobre cae en el pueblo más analfabeta de los territorios",0,es,Colombian,twitter
"UD parece analfabeta , habla mierda por hablar",1,es,Colombian,twitter
"también me reí con ese término de ""educación nutricional""... en ese sentido, yo soy entonces una analfabeta",0,es,Colombian,twitter
"En esta sociedad, alguien que no ha terminado ni la primaria acude a defender sus derechos y es tildado de analfabeta y poco apto para hacerlo; por otra parte, una persona con título""profesional"" refuta para hacer valer sus derechos es tildado de Irrespetuoso, grosero",0,es,Colombian,twitter
Hay q reconocer q Rodol Loco no es ningún bruto,0,es,Colombian,twitter
Lo q no se puede separar es la voluntad de un ladrón frente al erario de un pobre país como Colombia dentro del cual el 90% es analfabeta. Se lo robara a manos llenas.,0,es,Colombian,twitter
¿En realidad crees que un “analfabeta” logre conectar ideas con un texto escrito?,0,es,Colombian,twitter
"Que mentira tan fresca si no han podido desde la época de la colonia y estamos en el 2021 y la corrupción es más desaforada, van arreglar el país así como así? Por eso quieren un país analfabeta para enrredarlos pero no es asi por eso estan revoloteando desdé ahora",0,es,Colombian,twitter
"Palabras que influyen para ser mejor, no para desacreditar tu carácter, soy un analfabeta con experiencia… Los intelectuales son los que no viven.",0,es,Colombian,twitter
"Se va a reclamar verdad?, ví la pelea y el nipón lejos de ser el ganador, es más ni lo creía ganar, se veía en su cara. Al final se veía casi desmayado, sin postura de guardia... incluso para una analfabeta del boxeo, como yo, se escapa que nos robaron.",0,es,Colombian,twitter
"Hay si se multiplican las venereas como la Bruta de la Cabal, la Loca Valencia, la sin sentimientos Holguín y el analfabeta de Macias",1,es,Colombian,twitter
"Nuevamente, el Killer Luis Alberto Suárez Díaz, demostrando que Josep Maria Bartomeu Floreta es un analfabeta en materia futbolística.",0,es,Colombian,twitter
"Un símbolo de un genocida? No estoy de acuerdo con los actos de vandalismo pero no podes desconocer la historia real, un analfabeta que mato una cantidad inconmensurable de nativos, destruir la estatua no cambia la historia pero defender “el patrimonio” no se puede con sofismas",0,es,Colombian,twitter
"A mí lo que más me sorprende de los informes de gestión de Natalia Bedoya es la manera como están escritos. Ella dice ser especialista y que está cursando una maestría, pero su escritura se acerca más a la de una analfabeta.",0,es,Colombian,twitter
por eso tiene una sociedad analfabeta ignorante para manipular,0,es,Colombian,twitter
"Hay dos clases de uribistas, el rico que se ha beneficiado para hacerse más rico y pobre casi analfabeta que se ha dejado lavar el cerebro del castrochavismo, no se en que lado estará usted, abri los ojos cuando pude ir a una universidad y darme cuenta que Uribe es un criminal",0,es,Colombian,twitter
Colombia país d politicos mafiosos corruptos guerrilleros para militares y un pueblo analfabeta,0,es,Colombian,twitter
El motivo es una juventud q no quiere trabajar y una política anacrónica q no da espacio al buen empleo al estudio solo una sociedad analfabeta acostumbrada ala violencia d los politiqueros corruptos como Uribe,0,es,Colombian,twitter
"Esa es una reforma que hay que hacer,si el gobierno no se opone a que unos vivos se aprovechen de las creencias del pueblo casi analfabeta pues que no deje que unos mercaderes de la fe se enriquezcan y los obligue a que paguen fuertes impuestos.",0,es,Colombian,twitter
"y por lo que ami concierne,seguiré analfabeta en esos asuntos.",0,es,Colombian,twitter
"Hija de puta ya te nombraron presidente por ese logro que Cualquier analfabeta la pide y la entregan sin tanto escándalo aterrice atembada ,yo tengo el perfil suyo,es: Tonta, bobalicona ,atolondrada, desadaptada social, idiota útil, escoria,carroñera,si quiere más se le tiene",0,es,Colombian,twitter
Vea hablo la analfabeta funcional que también sale a defender a otra bestia barbaridad ud la embarra 💩 por boqui suelta inhumana indolente xenofoba y ademas se revuelca en la💩 saliendo a mencionar a la familia de la bestia de Uribe Noguera que horror que bestialidad junta ud,1,es,Colombian,twitter
"Panamá era parte de nosotros e igual de ignorantes, ¿que los hizo ricos? El libre mercado... Un analfabeta manejando un taxi en Panamá puede ganar más que un profesional colombiano.",0,es,Colombian,twitter
"Este payaso es muy estúpido mano, bruto analfabeta con plata, que más se puede esperar de ese pelele",0,es,Colombian,twitter
Sabe porque la gente d Colombia es tan indisciplinada porque los mal llamados padres d la patria son corruptos ladrones acesinos delincuentes ambiciosos i son los estudiosos corrompidos entonces cómo pedir a un pueblo analfabeta disciplina,0,es,Colombian,twitter
Analfabeta,1,es,Colombian,twitter
"Esto Lo Aprovechan Los Politicos 😫🤦‍♀️""PUEBLO ANALFABETA ES VICTIMA DE SU PROPIA IGNoRANCIA😲",0,es,Colombian,twitter
"Recuerdo cuando me reconocí como un “analfabeta emocional”, mi vida transcurría entre estados de alegría y bienestar a los que llamaba: bien y tristeza o malestar a los que llamaba: no tan bien.",0,es,Colombian,twitter
Jaaa sin argumentos los chivos solo violencia SOS un analfabeta roto estudia primero termina la primaria pendejo,1,es,Colombian,twitter
"Al candidato Chonto en Cali le comprobaron que su diploma de bachiller es falso,su nivel académico es inferior al de Macías que es casi analfabeta.",0,es,Colombian,twitter
"Este sí es mucho analfabeta! Tome haloperidol y si no tiene plata y quien se lo formule ,acuda al pegante.! Idiota!",1,es,Colombian,twitter
"No sabe leer, no sabe contar, no sabe escribir y ahora no se quiere informar. Eres el claro ejemplo de un analfabeta con teléfono.",1,es,Colombian,twitter
"De que sirve jactarse y decir que se es la hinchada más grande si hay tanto ""analfabeta"", ante la primera adversidad quieren mandar todo río abajo, asi no es sres, calma, las disculpas; Que el dueño, los jugadores de la B, el técnico, la Dimayor, seamos serios, no jodamos tanto.",0,es,Colombian,twitter
"Los “Progresistas” se jactan de ser muy preparados, pero todavía no sabemos en qué, por que siendo analfabeta mucha gente con buen corazón y 5 dedos de frente Si saben que es Progreso!",0,es,Colombian,twitter
"Lo interesante es que pueden ser 40 cualquiera. El próximo que sea analfabeta porque hay que ser ""democráticos"".",0,es,Colombian,twitter
"Da miedo toda esta cultura de los traquetos ""de bien"" En este moridero analfabeta",0,es,Colombian,twitter
Que es incansancio me puede explicar soy analfabeta,0,es,Colombian,twitter
"Un Mamerto Es aquel ser que conoce la historia de su país, que tiene mente propia, que sabe investigar y no le come entero a rcn y caracol. En cambio Un Uribestia Es aquel ser patan, belicoso, bruto, adoctrinando, analfabeta que sigue ciegamente a Uribe sin mentalidad propia",0,es,Colombian,twitter
"Y te parece poquito lo que están viviendo los Venezolanos, humillados x un dictador, analfabeta, muriendo de hambre sin medicinas, eso no es vida prefiero morir peleando y no sometido a a semejantes narcotraficantes.",0,es,Colombian,twitter
Porqué será que petro no se ha dado cuenta que es un pobre imbécil analfabeta?,1,es,Colombian,twitter
"si es tan bueno vivir en esos paises. porque no emigra para ellos. acá ni falta que hace. con tanto ""analfabeta "" de pronto se le pega algo.",0,es,Colombian,twitter
ESTE POBRE ANALFABETA RECIBE LO QUE LE DEN,1,es,Colombian,twitter
Cretino descerebrado analfabeta chofer de bus chofer de un pais,1,es,Colombian,twitter
Insecto tetra triple hijode puta analfabeta,1,es,Colombian,twitter
QUE MÁS SE PUEDE ESPERAR DE UN ILETRADO ANALFABETA COMO VOS.,1,es,Colombian,twitter
A usted toca darle es de baja,1,es,Colombian,twitter
"sos una escoria, un cancer",1,es,Colombian,twitter
"Maldito mil veces, escoria",1,es,Colombian,twitter
La peor escoria de este país .,0,es,Colombian,twitter
"Una familia que se ha robado el departamento? Una familia que tienen asesinos, narcos y ladrones del erario público es una escoria de la sociedad",0,es,Colombian,twitter
Eso es poco y más una escoria andante como este,1,es,Colombian,twitter
"CatresetentatripleHP Bastardo,basura,pedazo de escoria humana.",1,es,Colombian,twitter
Pura escoria humana anda por aquí,1,es,Colombian,twitter
Serás recordada como una escoria traidora,1,es,Colombian,twitter
Eso no quita lo ESCORIA de persona que eres,1,es,Colombian,twitter
Mano dura con la escoria que hace de Cali un infierno para las personas honradas y trabajadoras.,0,es,Colombian,twitter
"Viejo hdptaa eso ya no es un ser humano, eso no merece llamarse humano, es una puta escoria de mierda, que el karma, el universo la vida la naturaleza se encarguen de ese hpta.",1,es,Colombian,twitter
Por mi parte habría una escoria menos en el país porque esa gonorrea se muere.,1,es,Colombian,twitter
"Una ESCORIA, LACRA DELINCUENTE",1,es,Colombian,twitter
Te vamos a quemar pinche muñeca de plástico derretida! Escoria Mal Nacida! Huele Feo,1,es,Colombian,twitter
Que más podemos esperar de tanta escoria,1,es,Colombian,twitter
Corrupto e inservible ministro de defensa es la peor escoria que tiene Colombia,1,es,Colombian,twitter
estoy seguro que usted está es confundido debe estar hablando de su madrecita terroristas qué son felices con el incesto y con la pedofilia.,1,es,Colombian,twitter
Venga gran mil hijo de las mil putas si es tan barón cosa que no creo haga el hijuputa favor de renunciar ya que usted maldita escoria,1,es,Colombian,twitter
No sea tan triple hijuputa. La verdad uno ya se cansa de estos hptas sádicos vendidos.,1,es,Colombian,twitter
Que va sapo hp pedazo de escoria,1,es,Colombian,twitter
vos solo representas una palabra: Escoria!,1,es,Colombian,twitter
"ARRODILLADO TRIPLE HIJUEPUTA, LAMECULOS INUTIL, NO SERVIS PARA NADA",1,es,Colombian,twitter
Cinico infeliz. Miserable doble moral. Por escoria como usted es que el país cada día está peor.,1,es,Colombian,twitter
Navarro pedazo de escoria. Mocho inservible.,1,es,Colombian,twitter
"Ese equipo de mierda de la b, empataron cagando a chico en cuadrangulares y están más pendientes del Cali q de ellos mismos, definitivamente q escoria de gente",0,es,Colombian,twitter
Lo qué pasó con Vini en debería ser repudiado por todo el mundo. Españoles racistas son la escoria de Europa.,0,es,Colombian,twitter
"Lo dicho señores detras de todo el CAOS MUNDIAL Y GOBIERNOS SOCIALISTAS ESTA EL SR. SOROS, el mismo que ni el sr Tesla quiere, ese sujeto es la ESCORIA DE LA HUMANIDAD NOS ODIA A TODOS Y QUIERE ACABAR CON LA SOCIEDAD ACTUAL, POR MEDIO DE SUS FUNDACIONES",0,es,Colombian,twitter
"Es que los hombres maltratadores son unos hp y la peor escoria del mundo,que solo merecen estar bajo 3 metros de tierra.",0,es,Colombian,twitter
"Hablame pedazo de hijueputa guerrillero hijo de las tresmil putas, por aqui te dejo un recordatorio de lo hablabas antes, puta escoria malviviente",1,es,Colombian,twitter
"Los insultos hablan más de quien los profiere. Desde tu radical posición ideológica y tu baja estatura intelectual no podrías ofrecer un argumento mínimo para debatir con Laje. Por cierto: Extremistas quienes piden constituyente o golpes de estado, son la misma escoria.",0,es,Colombian,twitter
Mucho hijo de mil Putas. Sos una escoria de ser humano,1,es,Colombian,twitter
"Escoria de la politica,traicionan El pueblo q los eligio.",0,es,Colombian,twitter
"Hubieran esperado que llegara el cti de una vez, que van a salvar una escoria así!!",0,es,Colombian,twitter
"Asesina, violadora, malparida, perra. Rata, escoria, carroña.",1,es,Colombian,twitter
Como ocurre en Alemania. Siguen siendo escoria,0,es,Colombian,twitter
"la izquierda solo es degenerados,asesinos,narcos vioñadores extorsionares,secuestradores,corruptos,inmorales,viciosos,etc Escoria pura",1,es,Colombian,twitter
Gobierno decadente. Escoria,0,es,Colombian,twitter
"La U es un partido miserable y vendido,ni un voto por esa escoria de partido",0,es,Colombian,twitter
"Malparido vos escoria de mierda 💩, que vives dando culo al guerrillerillo ojibrotado de petrochanda.",1,es,Colombian,twitter
"Tu te vendiste a él, no ?que esperabas de una escoria como esas? Perra Asquerosa.",1,es,Colombian,twitter
"Si trataron como una escoria a Jesús siendo el hijo de Dios segun en la Biblia, que se puede esperar el trato que uno recibe siendo uno un simple mortal, aún así sigo las pisada de Mi Dios, no lo que proclama una sociedad",0,es,Colombian,twitter
Cada día estoy más segura que los llamado cristianos son la peor escoria que habitan este planeta. No son capaces de respetar las diferencias de los demás.,0,es,Colombian,twitter
Debería denunciar a su mamá por parir a semejante escoria,1,es,Colombian,twitter
"Escoria no digas que eres valluno, eres una vergüenza nuestra, porque no te aborto esa zorra que te parió!!",1,es,Colombian,twitter
"El que pordebajea a las empleadas de servicio. No es escoria, es basura humana",0,es,Colombian,twitter
El cinismo y el descaro del uribismo y el centro demoníaco no tiene límites. En el gobierno Duque callaron y alcahuetearon toda los actos de corrupción. Pero en el actual de Petro todo lo critican y nada les gusta. Son una escoria.,0,es,Colombian,twitter
"Que falta hace un grupo de limpieza social, cómo el de años atrás, que limpiaban la ciudad de toda esa escoria que atracaba",0,es,Colombian,twitter
Hay vainas peores como por ejemplo tu rata malparida basura escoria!,1,es,Colombian,twitter
Todos esos politicos son una escoria de lo peor. La podredumbre política.,0,es,Colombian,twitter
"El llamado partido de la U, es escoria, sólo le importan los puestos. Allí no hay Doctrina, Valores y menos Principios. En esa misma condición censurable están los vendidos partido Liberal y Conservador. Dan grima el grado de abyección y servidumbre al PACTO DE LA PICOTA.",0,es,Colombian,twitter
"Los tombos todos, absolutamente todos son escoria para una institución q supuestamente fue creada en defensa de la nación.",0,es,Colombian,twitter
"Pobre bobo pedófilo triplehijueputa, solo la escoria como usted sale con estas babosadas",1,es,Colombian,twitter
La escoria se nutre de nuestros recursos y viven como oligarcas,0,es,Colombian,twitter
"La escoria cuando conoce el buen vivir se creen superiores, pero la mona de seda se vista muy na se queda!! Gracias Marbelle un abrazo fuerte",0,es,Colombian,twitter
"Que porqueria esta rata asquerosa, hay que desprestigiarlo para que la gente no vaya a esa clínica de esa escoria.",1,es,Colombian,twitter
Lo mejor que uno puede hacer es bloquear toda esa escoria y seguir sin que te afecte.,0,es,Colombian,twitter
"Usted vote en blanco. Hay que respetar que hay personas con más tolerancia a la frustración como para aguantar 4 años más entre la misma carroña, porque a la opción ""anticorrupcion"" le aterrizó toda la escoria que se derrotó en primera vuelta. En el desayuno se sabe el almuerzo.",0,es,Colombian,twitter
"Porque les dice la verdad? La prensa en Colombia salvo algunas excepciones no sirve de nada, todos estan parcializados hasta con campañas politicas, no comunican la verdad, menos mal este señor les dice en su cara la escoria que son.",0,es,Colombian,twitter
"Uy espera... los venezolanos, son escoria y fueron a delinquir. A un país inservible, menos atractivo que la misma Venezuela, con una ciudadanía ignorante, mal educada y ladrona. Esta bueno tu chiste.",1,es,Colombian,twitter
"No entiendo por qué la dejarían abandonada, los humanos son la peor escoria del mundo 💔",0,es,Colombian,twitter
"Cómo dice ella no hay nivel, no hay comparación, Es decir son la misma escoria",0,es,Colombian,twitter
"Tiene que tener cuidado con quién ese está relacionando,.mijita! Pilas! Esa escoria no representa la sociedad o sus mayorías. Igual, siga optimista.",0,es,Colombian,twitter
"Este es un problema heredado, antes se ha podido trabajar con SU MESÍAS QUE PROMETIÓ NO DEJAR GOBERNAR aliados con toda la escoria para acabar con el país….. después FUNGIR DE SALVADORES. SON UNA PESTE!",0,es,Colombian,twitter
La escoria junta de nuestra sociedad y politica,0,es,Colombian,twitter
"Jajajaja me dio risa pero tiene hasta razon, cuando se jugaba contra la escoria y se gritaba el ""paisa paisa HP"", Cadavid referente, capitán y mas paisa que el frijol.",0,es,Colombian,twitter
HIJUEPUTAS Y MIL VECES HIJUEPUTAS ! SOMO LA PEOR ESCORIA DEL UNIVERSO.,0,es,Colombian,twitter
Que es este guayabo tan estupido que tengo Dios mío,0,es,Colombian,twitter
Tuve que quemarme con tu infierno para conocer la bondad de mi corazón. Y te perdono y me perdono por todo lo estupido que fuimos .,0,es,Colombian,twitter
No sea estúpido útil del uribismo muchacho.,0,es,Colombian,twitter
De buena que usted es estupido y retrasado,1,es,Colombian,twitter
"Ese guerrillero y esa negra solo están empeñados en que nos peleemos entre nosotros , para seguir teniendo gente votando por ellos pero es más estupido de nosotros seguirles el juego de dejarnos envenenar y generar más odio sin existir verdaderamente, nos quieren divididos",1,es,Colombian,twitter
estupido vividor y PARASITO,1,es,Colombian,twitter
Habla el aparecido hijo BASTARDO de la familia santos. El estúpido menos importante por su limitación cerebral.,1,es,Colombian,twitter
Que comentario tan estúpido e irrespetuoso del comisionado de Paz. O el señor es insensible o metió la pata hasta el cuello!!!,0,es,Colombian,twitter
Que estupido eres,1,es,Colombian,twitter
"Que alguien tenga la certeza de que es indispensable en mi vida es lo más estúpido porque soy la persona más solitaria, básicamente no sé que es el afecto familiar y la mayoría del tiempo no quiero saber de nadie.",0,es,Colombian,twitter
Sos estúpido.,1,es,Colombian,twitter
Estupido y sensual gallardo…,0,es,Colombian,twitter
"ese viaje fue un capricho estupido y carisimo, no hay forma de justificarlo asi inventen lo que sea, se llevo a todas sus amigas y el novio por cuenta del estado",0,es,Colombian,twitter
ESTÚPIDO CAG0N!,1,es,Colombian,twitter
Es lo más estupido que he visto en la vida!! 🤡 y queda demostrado que Adrian tiene muy malos gustos.,0,es,Colombian,twitter
"Cuando eres bipolar te das cuenta lo estúpido que de oye cuando alguien dice ""ay soy tan bipolar """,0,es,Colombian,twitter
Se puede ser tan estúpido en la hp vida?,1,es,Colombian,twitter
"Comentario estúpido el suyo, no vio lo que escribió en su tweet.",1,es,Colombian,twitter
"Osea que si a mí no me gusta el vecino de al lado porque vive haciendo rumbas,entonces tengo el derecho a matarlo, no sea tan estúpido mijo ojalá cuando a algún familiar se lo maten también use está justificación para no sentir odio por los asesinos",0,es,Colombian,twitter
"A usted le queda el dicho, ninguna clase de evidencia es suficiente para un estúpido.",1,es,Colombian,twitter
Hay 5 imágenes de Taylor y su 5to álbum es 1989 (ya se que es estupido pero quiero ser de los inteligentes que aportan en algo 😭),0,es,Colombian,twitter
El cerebro de este estúpido no le da para pensar,1,es,Colombian,twitter
"Uno tiene que ser muy estupido para ser una mierda de ""amigo"" y después preguntarse por qué no le duran las amistades.",0,es,Colombian,twitter
O soy muy estupido o la inteligencia artificial de los enemigos del tears of the Kingdom es brutal.,0,es,Colombian,twitter
¿Esto es real?¿Este estúpido cree que no tiene que comer?,1,es,Colombian,twitter
Tenía que ser negro para ser tan imbecil! ESTUPIDO!,1,es,Colombian,twitter
Le pagan por ser un estupido de tiempo completo?,1,es,Colombian,twitter
sos un estúpido ignorante,1,es,Colombian,twitter
este man es estúpido definitivamente.,1,es,Colombian,twitter
Yo ni cuenta que el gas había llegado y aquí yo bien estupido bañándome con agua fría,0,es,Colombian,twitter
Nadie más estúpido que yo.,0,es,Colombian,twitter
Eso pasa cuando se eligen en listas cerradas. Cualquier ESTUPIDO puede ser senador,0,es,Colombian,twitter
Tu tambien pedazo de estupido vete de la vida que das asco,1,es,Colombian,twitter
NO FALTÓ EL ESTÚPIDO URIBISTA QUE CULPÓ DIRECTAMENTE AL PRESIDENTE DEL INCENDIO DE COMBUSTIÓN LATENTE.,0,es,Colombian,twitter
jaja el propio estupido,1,es,Colombian,twitter
Me parece muy estúpido que cojan de noticia que las personas usen leña para cocinar.,0,es,Colombian,twitter
"Es tan corta la vida y tan larga la muerte, da tristeza ver seres humanos denigrando por color de piel, por ideologías, nos creemos mejor y superior a los demás. No hay mayor estúpido que el que cree sus propias mentiras.",0,es,Colombian,twitter
"Yo creo que uno de los parches más estúpidos y de gente imbécil que hay, es irse con un computador a un Juan Valdez",0,es,Colombian,twitter
que pendejo tan estúpido,1,es,Colombian,twitter
Estupido rematado tu infame odio te hace vomitar porquerias,1,es,Colombian,twitter
"Quede estupefacto con la intelectualidad suya, me asombra su imbecilidad, poca informacion y esto es un signo de ser estupido y tarado, lo dicho en cada casa de ricos hay un bobo, y en los Gomez es usted!",1,es,Colombian,twitter
Q estupido eres…,1,es,Colombian,twitter
"Lo que vos decís no nos parece polémico, siempre nos parece estúpido, porque vos sos medio bobo y pa colmo nos lo compartis.",1,es,Colombian,twitter
Este señor se merece un premio Oscar ...por el papel de estúpido que interpreta..,1,es,Colombian,twitter
Es por mucho lo más estúpido que he leído,1,es,Colombian,twitter
"Y borras Twits, aparte de estúpido, cagón",1,es,Colombian,twitter
Si lo hicieron y no es insulto decirle estúpido por qué realmente lo es.,1,es,Colombian,twitter
"Usted, su cara de estupido y nariz de porra nos hacen reír mucho en twitter",1,es,Colombian,twitter
"Este estúpido que representa a los de siempre, a los que han esclavizado ahora viene a dar clases de solidaridad.",0,es,Colombian,twitter
"Este bobo cree con el discurso de que va a ser como el presidente de el salvador va a ganar la alcaldía de cali, este man si es muy estúpido como si la solución solo fuera hacer una mega cárcel, a leguas que solo dice eso a ver si a si gana!!!",0,es,Colombian,twitter
Es increíble como la gente le quiere ver la cara de estupido a uno😮‍💨,0,es,Colombian,twitter
Le hecha la culpa a alguien por gobierno de décadas. Porque alguien tan estupido tiene ese puesto?,0,es,Colombian,twitter
Veo a este estúpido con sus propuestas y me acuerdo de María Antonieta de Austria. Guarden este Tweet.,0,es,Colombian,twitter
"Polémico no, estupido si.",0,es,Colombian,twitter
Mucho estupido en esta red,0,es,Colombian,twitter
"Tan estúpido y básico que esto es vender humo.UD puede hacer la cárcel, y si no hay reforma a la justicia, que??? Aterricé y aterricen, esto parece una propuesta como cuando en el colegio el que quería ser personero prometía piscina.",0,es,Colombian,twitter
que cara de estúpido y mente de pollo tenez pedazo de estiercol,1,es,Colombian,twitter
"Y este solo demuestra lo estúpido que es usted jajajajja, definitivamente estos no ven más allá, de lo que ve esta negra analfabeta y oportunista",1,es,Colombian,twitter
"Sería lo más estúpido que haga Mbappe, él no va a ser otra víctima de la xenofobia y menos del racismo.",0,es,Colombian,twitter
¿Le damos el premio a la tarada del año de una vez o esperamos algo más estúpido por parte de algún ürigueva?,0,es,Colombian,twitter
"Así como la del estúpido aquel que dejaron sentado esperándolos para una reunión. Y que así y todo les despejo el caguan, y le daba culillo ir a verificar lo que allí pasaba, eso sí fue un VERDADERO FRACASO.",0,es,Colombian,twitter
"Me parece que está loca, desadaptada, ya no sabe cómo ser más disfuncional",1,es,Colombian,twitter
Desadaptada 😡 ridícula 🤦🏽‍♀️ que vergüenza,1,es,Colombian,twitter
"Así 3l país entre en pánico, lo buscarán de nuevo y crecerá su popularidad. Sigue siendo el muro de contención contra la izquierda violenta y desadaptada.",0,es,Colombian,twitter
"Pero es que ella no ha sido absuelta, la juez* solo indicó que no es procedente una orden de captura en su contra, el proceso continúa y será juzgada. Indiscutiblemente es una desadaptada, pero los jueces deben actuar bajo el imperio de la ley, No de los periodistas.",0,es,Colombian,twitter
"Ya cogieron a esa desadaptada ! Ojalá NO la suelten a primera hora, con el cuento que: “NO es un peligro para la sociedad”..",0,es,Colombian,twitter
mejor estudie vaga desadaptada,1,es,Colombian,twitter
Desadaptada. Resentida. Envidiosa!,1,es,Colombian,twitter
Las aerolíneas deberían tener la foto enmarcada de ésta desadaptada y no permitirle volar en ninguna de sus rutas.,1,es,Colombian,twitter
"Esta vieja en decadencia ya ha posado de ""rara"", de extraña. Una estúpida narcisista que no acepta que el tiempo pasa y ya le pasó su 1/4 de hora. De formación intelectual cero,pero se cree un genio. Vieja desadaptada. Bien dice: sin definir",1,es,Colombian,twitter
"hoy encontré 2 perritos abandonados en la calle, lo que pasó en Casanare con el toro y ahora un perrito con el hocico amarrado! Gente tan desadaptada! Desgraciados",0,es,Colombian,twitter
Trapearé el piso con esta desadaptada,1,es,Colombian,twitter
"Sos una sinvergüenza, desadaptada, oportunista con entrañas de camaleón y más peligrosa que cualquier tipo de víbora",1,es,Colombian,twitter
"Mundo bonito, gente desadaptada.",0,es,Colombian,twitter
"Y luego dicen que la hinchada del América es la más desadaptada y hampona de todas, Y VEA",0,es,Colombian,twitter
"Y pensar que años atrás te hacías tatuajes, incrustabas piercings y te pintabas el pelo cual malandra desadaptada. Hoy no se borra el pasado",0,es,Colombian,twitter
Modo desadaptada social activado.,0,es,Colombian,twitter
Como siempre esta desadaptada,1,es,Colombian,twitter
Ésta Desadaptada imita a la Feminista Radical Española Irene Montero? Son tan Estúpidas qué piensan que no sabemos que es una copia Ridícula de la Líder de las Feministas Radicales Españolas,1,es,Colombian,twitter
"Ahí demuestra su nivel argumentativo, UD no construye ideas solo impone, por eso este país está lleno de Narcos y gente desadaptada que no sabe pensar. A pesar de explicarle que el centralismo nos tiene así como estamos. Es por qué no sabe cómo se maneja el país realmente.",0,es,Colombian,twitter
Cuando antes había pasado esto?? Solo ahora que en el gobierno hay mariguaneros y toda clase de gente DESADAPTADA,0,es,Colombian,twitter
"Gracias por todo, perdonen lo malo, esa gente desadaptada no nos representa en Cali.",0,es,Colombian,twitter
Sos asqueroso miserable desadaptado,1,es,Colombian,twitter
"Borracho, ególatra, politiquero, falso, desadaptado",1,es,Colombian,twitter
Sos un hpta desadaptado social,1,es,Colombian,twitter
"Que se les perdió en la 70? El problema es de parte y parte por tanto desadaptado qué hay hoy en día; el fútbol es mucho más que un color de una camiseta. RESPETEN GAMINES, NI PERDÓN NI OLVIDO.",0,es,Colombian,twitter
"Aquí el desadaptado y resentido es ud, pedazo de HP bobo, ni leer sabés.",1,es,Colombian,twitter
Oigan a este desadaptado de familia con antecedentes turbios.,1,es,Colombian,twitter
"Todo mal en este video. Un desadaptado que traspasa la ""seguridad"" de un estadio y agrede a un jugador de fútbol es aplaudido por una buena cantidad de hinchas en la tribuna?",0,es,Colombian,twitter
"Esto me da mucha rabia y tristeza, personas que están cumpliendo con su trabajo, que en este caso es el mejoramiento de andenes, para que llegue un desadaptado que no debe ir por ahí y tras de eso lo mate!! No es justo!",0,es,Colombian,twitter
"Quiero a mi Metro pero necesitan tener vigilancia camuflada (Undercover) en el sistema como sucede en otros metros. No puede ser que en hora pico AM,la columna vertebral movilidad 2da ciudad más importante 🇨🇴,se detenga x 1 hora por desadaptado que hizo mal uso palanca emergencia",0,es,Colombian,twitter
"Este si es un desadaptado, este señor necesita tratamiento psicológico o hasta psiquiátrico",1,es,Colombian,twitter
"Acá no es válido comparar, porque el señor Mujica es un socialista moderado, un hombre bonachón con ideales por y para el pueblo, y por el contrario Petro es un desadaptado beligerante con ideas retrógradas de malos líderes que quisieron aprovecharse de las necesidades del mismo.",0,es,Colombian,twitter
este man es un desadaptado una basura de persona,1,es,Colombian,twitter
desadaptado animal.,1,es,Colombian,twitter
Este tipo es no solo un corrupto sino un descarado desadaptado mentiroso que se lava las manos como Poncio Pilatos ESUN lastre un desatre como personas como mandatarios CARCEL PARA ESTE PAYASO 🤡 DE IVAN DUQUE Y SU CONCIERTO PARA DELINQUIR,0,es,Colombian,twitter
"Tranquilo pedófilo desadaptado, usted solo compite con Andrés Patraña en pedofilia",1,es,Colombian,twitter
"Siga soñando que eso fue lo único que realizó en su periodo nefasto y traqueto, tiene 8000 razones para ser el mismo desadaptado, vicioso y degenerado, los carroñeros todos entraron al pacto",0,es,Colombian,twitter
"Que más ome Marta chores no falta el desadaptado que siempre mete a la policía de todo lo malo que pasa, esa región es así es su idiosincrasia ser ventajosos, escandalosos, ladrones y corruptos cartagena es el peor destino de Colombia por esa razón",0,es,Colombian,twitter
"Lleva tres meses el izquierdopata de gabrielboric y ya chile no lo quiere, un desadaptado de la primera línea de chile, tenemos la película en Chile, Venezuela, Nicaragua, Cuba y aún viendo esa realidad quieren votar por el guerrillero que nos llevará por el mismo camino",0,es,Colombian,twitter
"Que triste que haya tanto desadaptado que no sepa vivir la fiesta del fútbol, el balón nunca se debería manchar con sangre",0,es,Colombian,twitter
Nos llevó el putas y nos dejó caer... Hasta mejor será una hecatombe bien tesa que aguantar tanto malparido desadaptado..,0,es,Colombian,twitter
"Oigan pues a este desadaptado, le hizo daño ese porro",1,es,Colombian,twitter
Yo no entiendo a este maldito enano desadaptado y su mozo Perdomo,1,es,Colombian,twitter
"no entendés por las buenas, te va tocar por las malas",1,es,Colombian,twitter
Perro desadaptado hijodeputa,1,es,Colombian,twitter
"Tal vez será la mejor manera de librarnos de tanto desadaptado y vándalo de la colombia humana,sacarlos a una manifestación en plena pandemia y con el esmad bien protegido con trajes de bioseguridad y en las tanquetas nuevas",0,es,Colombian,twitter
"Si sabes que entre todos te vamos a cerrar la cuenta, ¿cierto?. Desadaptado.",1,es,Colombian,twitter
"Ánimo hermano, no coma cuento, aquí hay mucho desadaptado.",0,es,Colombian,twitter
Desadaptado pusilánime si estas en desacuerdo en lo que opinas por que no cojea tus chicos y te largas a hacer estorbo en otra parte,1,es,Colombian,twitter
"No le pare bolas a esos pocos desadaptado q no saben q todos somos iguales sean negros, blancos, amarillos, ojos negros, cafés o claros, peló lacio o crespo, altos o bajos, bonitos o feos todos morimos la única diferencia es q a unos los crean y a otros los entierran, palante",0,es,Colombian,twitter
"ud es tóxico para la humanidad, ud es un desadaptado, incendiario, resentido",1,es,Colombian,twitter
"No exagere, no siga apoyando el odio y a tanto desadaptado. UD no es pues de los ""decentes""? Y que hablan por el pueblo?? El pueblo somos los que trabajamos a diario, no los vagos y encapuchados que UD abandera",0,es,Colombian,twitter
Por que ud es un bobo atolondrado que solo dice estupideces,1,es,Colombian,twitter
"Un claro ejemplo de lo que es ser caquista una completa bestia asno, burro, atronado, ahuevado, enchimbao idiota útil, vividor, mantenido, poseído, adoctrinado atolondrado",1,es,Colombian,twitter
No se puede ser más idiota .el guerrillero zoquete no aprende ... Ve pendejo cuántos. Te tomaste para escribir mierda pendejo atolondrado,1,es,Colombian,twitter
"Entonces esperaba que le dijeran, nooo es que pensamos que su gobierno es atolondrado y nos clavó con impuestos que inviabilizaban nuestro flujo de caja. Obvio le sacarán excusas. No se porque se empeñan en insultar la inteligencia de la gente, y sobre todo este “experto”",0,es,Colombian,twitter
"Para ser de izquierda hay que ser, ademas de ignorante, ATOLONDRADO.!",0,es,Colombian,twitter
Seguro que a este bobo le pagan por echar cepillo ?será tan idiota que hasta creerá realmente lo que DICE? Qué jijueputa taan ATOLONDRADO!!,1,es,Colombian,twitter
Esa cree a todo el mundo atolondrado como ella,1,es,Colombian,twitter
"ja ja ser KKISTA es ser burro, asno, atolondrado, ahuevado, poseído, vividor, mantenido, zángano, vividor, poseído, jajajaja no producen si no RISITAS",1,es,Colombian,twitter
"“Atolondrado” según la RAE, es aquella persona que procede sin reflexión. ¿A quien creen ustedes que mejor se le acomoda ese adjetivo?",0,es,Colombian,twitter
¿Qué pasó? Si hace tres días estaba atolondrado.,0,es,Colombian,twitter
Mucho bobazo. Este atolondrado quiere entrar pisando duro con sus comentarios que a nadie le importan. Que pelmazo.,1,es,Colombian,twitter
"Pura paja, atolondrado inútil, ya hasta las mentiras se las creen ellos mismos. Muchos pendejos!",1,es,Colombian,twitter
Tenés cara de borracho atolondrado,1,es,Colombian,twitter
"Mire atolondrado... Le están hablando de la señora Marta, que es del séquito de Álvaro... Ojalá ya si entienda, tarado…",1,es,Colombian,twitter
oíste atolondrado haga algo pues mk,1,es,Colombian,twitter
nunca falta un atolondrado que no entiende,1,es,Colombian,twitter
"Asintomático para SARS cov 2, pero lo dejo atolondrado.",0,es,Colombian,twitter
Mucho atolondrado.,1,es,Colombian,twitter
Este atolondrado no ha hecho sino ESTORBAR el progreso cuestionando a cada momento a muy buenos funcionarios y haciéndoles perder a ellos y al pais preciosos y necesarios días para ir a defenderse de mociones estúpidas de censura y acusaciones infundadas. Elejidos para JODER.,1,es,Colombian,twitter
Vergüenza te debe dar a vos atolondrado. Aprende a hablar soquete!,1,es,Colombian,twitter
Pobre tonto!!! Atolondrado!!!,1,es,Colombian,twitter
Deja de desinformar atolondrado.Repites como lora mojada y repites mal. No entiendes lo que lees.,1,es,Colombian,twitter
"Hablé con un uribista sobre la situación de Álvaro iban y me dijo,palabras más palabras menos ""eso es mucho atolondrado""lo decía mi abuelita cuando no hacían las cosas bien",0,es,Colombian,twitter
"Así es, ese grupo compuesto por Julio Sánchez, Matador, Daniel Samper, Daniel Coronel se echan cepillo mutuamente y ahora aparece este otro atolondrado, Santos Rubino, como si no estuviéramos jartos de ese apellido",0,es,Colombian,twitter
Periodista? subestimas la profesión y sobreestimas a este atolondrado.,1,es,Colombian,twitter
AJA a mi me daria mucha pena tener un novio asi de atolondrado como ese maricon ¡GAAAS!,1,es,Colombian,twitter
"VALLA REPORTE A SU PUTA MADRE, ¿NO SABE QUE MÁS PUEDE INVENTARSE O QUE? DEJE DE SER TAN ESTÚPIDAMENTE ATOLONDRADO",1,es,Colombian,twitter
Como amaneció el pueblo cruel y atolondrado ?,0,es,Colombian,twitter
Alex a veces es como atolondrado parce,0,es,Colombian,twitter
Ojo con este atolondrado que con esa cara de bobo es más peligroso que un barbero con ataques epilépticos.,1,es,Colombian,twitter
En Twitter desde el 2011 y no has trinado nada de autoría.Zoquete atolondrado!,1,es,Colombian,twitter
Ese planteamiento de Guimaraes Hasta ahora nos saca de la final. Ramos ídolo y todo pero ya no le da para los 90 minutos. Ese atolondrado de novoa se comió el primero contra chico tenía que salir a cortar ese Man no sirve ni para estorbar en el arco,0,es,Colombian,twitter
"Vas mejorando en tus insultos apreciado zurdosky atolondrado, pero aún no superas ese pobre IQ que has dejado entrever. Leer ayuda, estudiar empodera y trabajar dignifica, un par de cirugías, un buen corte de pelo y un trabajo harán de ti un ciudadano más presentable! Ánimo!",1,es,Colombian,twitter
"Maleja es cansina pero cuando compite le mete toda, ella Karol y Emily son lo único bueno que tiene Gamma porque Leticiano, Skirla y Duvan no aportan nada y menos el atolondrado de Brayan.",0,es,Colombian,twitter
"Este zumbambico no cuestiona el fraude, cuestiona el como fue que los pillaron 🤦‍♂️ Hagame el Alvaro Uribe favor 🤡💩🐁🐀 No disimulan para que lado es que esta este atolondrado",0,es,Colombian,twitter
"Si ve, no sabe debatir, sino insultar. Por mi puede decir lo que quiera, pero más atolondrado son ustedes que viven en una burbuja.",0,es,Colombian,twitter
"no sabe ese atolondrado que el Estado no hace la guerra .La hacen las organizaciones criminales que atentan contra la sociedad . Y el Estado en cumplimiento de su función constitucional , tiene la obligación de responder a esas agresiones con las Fuerzas Legítimas .",0,es,Colombian,twitter
"Amanecí atolondrado, Juaaassss",0,es,Colombian,twitter
¿ educado o atolondrado ?,0,es,Colombian,twitter
A veces llega nuestro atolondrado existencialismo.” Cuando nos da por cuestionar cada momento d esta fantasía,0,es,Colombian,twitter
Edwin cada vez confirma que es el atolondrado mas grande que a entrado a la casa estudio,0,es,Colombian,twitter
Asi o mas atolondrado mk! Yo no se que putas tengo!,0,es,Colombian,twitter
"El dueño de este Pasquin es como atolondrado ... ojo que anda buscando que lo lean ,no abran esa basura",0,es,Colombian,twitter
La pelada toda tierni corriendo y esperándolo mientras el man seguía hablando conmigo Uno a esa edad es bien atolondrado.,0,es,Colombian,twitter
Mala hora para ese consejo su mama lo fuera tomado para no tener un hijo tan estúpido y atolondrado,1,es,Colombian,twitter
"Este hombre vive haciendo el ridículo, dónde está lo falso? 😂😂😂 Ah sí en su publicación. No le da ni un poquito de vergüenza señor? Andar quedando como un atolondrado a toda hora, que pena ajena de verdad",0,es,Colombian,twitter
¿Por qué tan lameculos amiga?,1,es,Colombian,twitter
Lameculos,1,es,Colombian,twitter
"Que lameculos los que voten por el mago, no entendieron que los saco a todos no solo en la competencia sino que los manipulo a todos...el verdadero survivor es juan del mar",0,es,Colombian,twitter
"Como no, lameculos",1,es,Colombian,twitter
"Papá no se quien eres, pero déjate de ser lameculos de esa señora, respétate tú mismo. Buen día.",0,es,Colombian,twitter
Asumo con orgullo de clase mi voto por Petro. Pero decir que soy cómplice es un insulto que no permito. COMPLICES los lameculos de todos los delincuentes que han desgobernado el país para enriquecer y mantener el statu que de la rancia oligarquía criolla que se ha robado al pais,0,es,Colombian,twitter
"LAS FUERZAS DEL ESTADO SE CONVIRTIERON EN LOS LAMECULOS DE LOS NARCOTRAFICANTES, POR ESO LOS GENERALES Y COMANDANTEN SALEN CON MANSIONES Y HACIENDAS SIN JUSTFICACIÓN",0,es,Colombian,twitter
Léelo bien Lameculos,1,es,Colombian,twitter
jajaj pobre Lameculos Baboso!!!,1,es,Colombian,twitter
"Estos hptas lameculos ni para mentirosos sirven los malparidos, poniendo tuis de una cuenta falsa diciendo que es el senador, de tanto lamer culo se les atrofia el cerebro.",0,es,Colombian,twitter
"Viejo sinvergüenza,solo dando noticias mal intencionadas y mentirosas,yo no sé cómo un lameculos como vos llegó a ese puesto",1,es,Colombian,twitter
Esto es noticia en los noticieros lameculos?,0,es,Colombian,twitter
El propio lameculos.,1,es,Colombian,twitter
La diferencia es que uno es tu patrón y vos un lameculos,1,es,Colombian,twitter
Este man si es que no oculta lo LAMECULOS que es.,1,es,Colombian,twitter
parece que a este lameculos mantecoso no le gusta,1,es,Colombian,twitter
jaja mediocreeeeeee lameculos,1,es,Colombian,twitter
"jaja la experta en lameculos dando clases como se debe arrodillar, no le da ni vergüenza a esta tipa, siempre queda en ridículo.",1,es,Colombian,twitter
jajaja y te haces llamar activista político jajaj compa ni a payaso llegas. hp lameculos descerebrado,1,es,Colombian,twitter
"Calvo payaso, el niño de 45 que llora porque le hacen bullying, ridículo el lameculos del establecimiento",1,es,Colombian,twitter
Habla una lamboba soba chaquetas y lameculos,1,es,Colombian,twitter
Rebuznó un pobre lameculos,1,es,Colombian,twitter
"Pues no vaya, lameculos…",1,es,Colombian,twitter
"Partido de los lameculos. Toda su historia ha sido el más apegado a mamar de la teta del estado. Una partida de leguleyos mediocres con doctorados para robar y vivir del más pendejo. Sus gobiernos dejaron la matanza de las bananeras, el asesinato de Gaitán, el frente nacional…",0,es,Colombian,twitter
Se cayó la geta por qué no habla si no basura pague lo que debe mediocreeeeeee lameculos,0,es,Colombian,twitter
Porque usted es un lameculos oportunista,1,es,Colombian,twitter
Lameculos nivel Dios,1,es,Colombian,twitter
"No. Petro sí sigue con la esencia de su lucha, por eso es presidente y el otro es apenas un lameculos de la clase política tradicional, mafiosa y corrupta.",0,es,Colombian,twitter
falta que diga que Garavito sea el director del icbf aberrantes estos hijueputas lameculos les cuento que no le precluye el proceso al patrón tendrá que pagar ese hp paraco,0,es,Colombian,twitter
"Lameculos malparida, tenes que cuidar la mermelada",1,es,Colombian,twitter
"Vicky, más lameculos que periodista.",1,es,Colombian,twitter
"Los lameculos de las bodegas petristas salen en jauría a defender como sea al inepto descerebrado que los respresenta, aunque sea un imbecil para ellos es un mesías ""nazi""",0,es,Colombian,twitter
Que catre hpta tan aburridor esta gonorrea mierdero . Lameculos petrista,1,es,Colombian,twitter
"Los bodegueros mandando a estudiar y a leer,unos hps que no conocen la historia y mandando a leer,unos lameculos que no saben que pasó en la época en q pablo escobar era el q mandaba,pablo escobar,el mismo que financio al M19 de donde salió el engendro q hoy destruye a Colombia",0,es,Colombian,twitter
"Que susto con ese no pues me voy a esconder, esos lameculos del petrismo dan es risa",0,es,Colombian,twitter
Lameculos cagamisiles vaya q se lo culee un rabino,1,es,Colombian,twitter
Lameculos y usted aprovecha para meter el cuchillo como delincuente que es,1,es,Colombian,twitter
Trafuga vendido lameculos de petro,1,es,Colombian,twitter
Dejar de decir payasadas lameculos,1,es,Colombian,twitter
"Acá se volvió normal. Ahí están Polo Polo, Scaff, Boreal, Nati Bedoya, Jonathan Ferney. Y lo que nos esperan cuando elijan a los Briceño, Portilla y demás lameculos…",0,es,Colombian,twitter
Un guerrillo como usted es que que debería estar en la cárcel o en otro lado lameculos,1,es,Colombian,twitter
"Te pusieron una tarea, desviar la atención de tu amo que va a juicio mientras el lameculos de Barbosa hace su torcido en la fiscalía y vuelve a pedir preclusion del caso.",0,es,Colombian,twitter
"Rodeenlo ustedes Manada de lameculos impresentables, a los buenos funcionarios como el fiscal Barbosa es que hay que rodear.....Desgraciados corruptos",0,es,Colombian,twitter
Payasa además de lameculos que más hace ?,1,es,Colombian,twitter
"ajjaja alguien q crea el lameculos es la solución, seguramente le falto ácido fólico durante su gestación.",0,es,Colombian,twitter
"No sé necesita salir de Twitter para tener salud mental, tan solo dejar de ver comenté periodistas lameculos , así de sencillo",0,es,Colombian,twitter
"Claro, con semejante lameculos montado por el cerdito, esclavo del sociopata narcoparamilitarasesino de uribe, quieren hacer lo posible por desaparecer las pruebas contra ese hampón…",0,es,Colombian,twitter
"Risa, para no llorar, 🤣🤣🤣 así como saliste como una lok disparada cuando te mostraron tus disfraces. Lameculos",1,es,Colombian,twitter
"Venga, Penélope, ¿Qué se siente ser un lameculos todo el hp día?",1,es,Colombian,twitter
No zombie lameculos hjueputa,1,es,Colombian,twitter
La responsabilidad es del guerrillero y la negra hijueputa y ud lameculos de ellos RESENTIDO HIJUEPUTA,1,es,Colombian,twitter
"Hp digo jp otro polo polo lameculos que llegaron a tan importantes cargos gracias a la ignorancia que reina en el país de ver tanto influencer estúpido e ignorante que habla barrabasadas, por eso los gobiernos no invierten en educar al pueblo lo quieren así estúpido e ignorante",0,es,Colombian,twitter
"Los pogres resentidos, atenidos y mantenidos le cambian el nombre a todo para confundir al populacho, ahora le dicen RACISMO a la CORRUPCIÓN. Estos mamertos lameculos dan risa ... o lástima ?",0,es,Colombian,twitter
"Estos hptas lameculos ni para mentirosos sirven los malparidos, poniendo tuis de una cuenta falsa diciendo que es el senador, de tanto lamer culo se les atrofia el cerebro.",0,es,Colombian,twitter
"No, lo relevante es que los imbéciles lameculos de la derecha, le dan incluso poderes sobrenaturales a su odiado Petro, su fanatismo y estupidez enfermiza los aleja de toda lógica, desean con pasión que el país esté en caos para que sus amos aparezcan como ""salvadores"".",0,es,Colombian,twitter
"Con su lengua, porque de lameculos si que sabe usted.",1,es,Colombian,twitter
"NOOOO lameculos ! Cuanto te pagan por tw, trabaja flojo",1,es,Colombian,twitter
Una vergüenza para este país es que haya tanto sapo petronio como ud. Un desgraciado lameculos de petronio,1,es,Colombian,twitter
"eso no le compete a un alcalde, pelotudo de mierda paramilitar, a ver si por lo menos lees algo de lo que le compete a un alcalde, batracio lameculos",1,es,Colombian,twitter
"Presidente?, que yo sepa el Presidente es Gustavo Petro Urrego. Lambona, lameculos, chupamedias, lustrabotas. A esta burra lo único que le falta es rebuznar y caminar en cuatro patas.",1,es,Colombian,twitter
¿Ser consultor político digital o bodeguero lameculos de la derecha es un trabajo?,0,es,Colombian,twitter
Se podrá ser más lameculos en esta vida?,0,es,Colombian,twitter
"Difícil precisar cuál de los 4 candidatos es el mas arrogante, y eso sin invitar Carrasquilla, a Zapateiro, a Duque y a otros tantos lameculos como PoloPolo.",0,es,Colombian,twitter
Esos lameculos petristas no dejan de sorprendernos... Antes decían que los supermercados quebraban a los tenderos de barrio... Y ahora...,0,es,Colombian,twitter
Siii claro mamerta ese cuento solo lo creen los petristas lameculos pero en realidad las personas están más hambrientas y falta de oportunidades este desgobierno tiene a la gente más necesitada pasando física hambre,0,es,Colombian,twitter
Que se puede esperar de esos HP lameculos chupaguevas lamezuelas servirles del uribismo,0,es,Colombian,twitter
Jajaja estos lameculos chupaguevas lamezuelas servirles del uribismo ciegos brutos e ignorantes critican a Petro por tratar de arreglar el mierdero que dejó Duque pero aplauden todos los robos y atropellos del Uribismo.,0,es,Colombian,twitter
Donde están los tinterillos lameculos qué se regalaban por unos cuantos likes defendiendo bandidos de primera línea para que apoyen la señora y hagan valer sus derechos como persona que fue víctima de malos tratos? Donde estáran?,0,es,Colombian,twitter
Lo más indignante es qué ningún dizque abogado tinterillo lameculos hasta ahora se ha ofrecido para respaldarla y en protesta social se reragalan en cantidades como petateras para defender bandidos de primera línea a cambio de de un par de likes cierto,0,es,Colombian,twitter
"Igual de predecibles a los periodistas lameculos que les ordenan lo que tienen que decir o sino los tiran. Ustedes son una Vergüenza para el país, en parte son causantes de la gran polarización que hay en Colombia.",0,es,Colombian,twitter
"Juanita así como va, va a terminar como la lameculos de Claudia Gurisatti",0,es,Colombian,twitter
Ese tipejo viene de familia de corruptos 0 votos para ese lameculos,0,es,Colombian,twitter
Jajajaja baia baia ahora hay que meterle la ficha al Bukele alimentado a punta de chontaduro. Un man que es más conocido por ser un Lameculos que por otra cosa. Báilame ese trompo con la uña viejo Miller.,0,es,Colombian,twitter
Vivo en cali y me informo día a día d el que sucede en la ciudad y lo que vivimos es la falta de educación producto de padres malcriando jóvenes que salen a dañar la ciudad. Eso no se soluciona con cárcel como dice el lameculos que habla hasta paisa,0,es,Colombian,twitter
"Vergüenza ajena, pero a ese bodrio de apellido Cabal ya la conocen por su ignorancia supina, su desprecio por los pobres los negros y los indígenas. El Espectador lameculos más cerca del pasquín El Tiempo,presentando el recorrido bulloso de la iletrada q aún se refiere la Urss.",0,es,Colombian,twitter
Hasta donde llega el periodismo lameculos q le preocupa q baje el desempleo hp,0,es,Colombian,twitter
"Saquese los pelos de la lengua, lameculos",1,es,Colombian,twitter
"Puro lavaperro, lameculos acompaño en esa marcha al matarife",0,es,Colombian,twitter
Usted se cayó de la cama cuando era bebé? O porque ese pensamiento que le sale tan del culo? Lameculos,1,es,Colombian,twitter
"Jajajaja seguí de Lameculos y ni ellos te ayudan, por qué son una mentira como vos.",1,es,Colombian,twitter
Que LAMECULOS tan impresentable…,1,es,Colombian,twitter
"Amiga, deja solo a ese payaso si le pagan por hacerte sufrir ya sería millonario",0,es,Colombian,twitter
"Este hpta bobo dice que es lider de un MOVIMIENTO SOCIAL, pero es un payaso!",1,es,Colombian,twitter
Todo un payaso sos,1,es,Colombian,twitter
Yo opino que sos un payaso,1,es,Colombian,twitter
Te dijo la verdad payaso 🤡,1,es,Colombian,twitter
"No se payaso hp, así de desesperado esta malparido",1,es,Colombian,twitter
"jaja payaso, nadie te cree",1,es,Colombian,twitter
"Si no fueras tan chillon y payaso, a lo mejor!",1,es,Colombian,twitter
"Higuita fué un payaso en el arco que le arruinó un mundial a la selección y nunca hizo nada relevante en ella. La selección del pibe, Rincón y Asprilla ganó algunos partiditos y nada mas.",0,es,Colombian,twitter
jajajaja este payaso es tan bruto que se cree sus propias bobadas,1,es,Colombian,twitter
Este payaso hoy se metió todo el bazuco qué pudo.,1,es,Colombian,twitter
El propósito de este payaso es hacer el ridículo y cada vez caer más bajo,1,es,Colombian,twitter
"La payasada bien montada, bueno, ni también hecha, aquí salio el otro payaso 🤡 😂",0,es,Colombian,twitter
PAYASO PEDERASTA!!!,1,es,Colombian,twitter
"Payaso aquel que justifica lo injustificable, Con este Narcogobierno y lo que le hicieron a la niñera !!!",0,es,Colombian,twitter
"Ay deje de ser delicado bobo hpta, vendido te mal pa ri do de 💩, te quiero ver hablando esas mismas chimbadas cuando esa loca cabal hace lo mismo... Payaso hpta",1,es,Colombian,twitter
El ministro es como payaso dice que la sra firmó un consentimiento preguntamos quién no firma un consentimiento bajo presión y en estado de indefensión y temiendo por su vida ?,0,es,Colombian,twitter
"Ay ya sabemos gran malparido que usted es un machista igualito a ese payaso, valientes con las mujeres, y detrás de un teclado, pero con otro hombre son severas cagalastodas bobo hpta",1,es,Colombian,twitter
Payaso quien no firma un consentimiento bajo presión y en esta de indefensión?,0,es,Colombian,twitter
Este payaso va a hacer lo mismo que Chávez. Veremos cómo le sale la vuelta,0,es,Colombian,twitter
"este payaso, si es el propio enemigo de la democracia",0,es,Colombian,twitter
Definitivamente tenemos un payaso en el gobierno,0,es,Colombian,twitter
"Repugnante lo que le hicieron a la chica, denunciar al payaso que se pasó de guache en hacerle eso, eso no es gente normal",0,es,Colombian,twitter
Payaso,1,es,Colombian,twitter
Que les asombra de este PAYASO?,1,es,Colombian,twitter
Tras de payaso mentiroso,1,es,Colombian,twitter
"Bueno, ya entenderás que vos no tenes ninguna autoridad para hablar, sobre ""tener vida propia"" payaso regresate al circo de dónde te saliste.",0,es,Colombian,twitter
Que Man tan payaso 🤡. Este es de esos típicos bandidos que tiran la piedra y esconden la mano. Este es un cabecilla de la primera línea. Terrorista!!!,1,es,Colombian,twitter
"Y en Cali, en vez de tener orden, autoridad, lo que tenemos es un alcalde payaso 🤡🤡, que le quito autoridad a diferentes entidades, y que la gente falta de cultura hagan lo que quieran.",0,es,Colombian,twitter
"Si me me dijeran que me van a pagar por decirle a usted baboso, pelmazo, bueno para nada, inepto, mediocre, mentiroso, payaso, le aseguro que diría que no, eso es ganarse la plata muy suave diciendo verdades.",1,es,Colombian,twitter
"Cumpliendo con la agenda que te imponen tus jefes. Cierto, payaso de mierda?",1,es,Colombian,twitter
Q chimba ver como le dan varilla por BRUTO! 😂😂😂 digno representante de la izquierda enchimbada. Jajajaja payaso hijueputa,1,es,Colombian,twitter
Nones relator es un payaso con micrófono,0,es,Colombian,twitter
Baboso vende humo. Nadie te cree payaso!!!,1,es,Colombian,twitter
Que se puede esperar de un payaso como Barbosa. Un completo idiota que encontró su cargo en un paquete de chitos,0,es,Colombian,twitter
Mucho hpta usd se hizo elegir odiando la derecha y a uribe. Ahora lo defiende 🤣🤣 payaso,0,es,Colombian,twitter
Ese Jarlan es un Hijo de Puta payaso! 🤮,1,es,Colombian,twitter
"Payaso y todo, mejor informado que usted, bodeguero.",1,es,Colombian,twitter
"Tenemos a Chucky al frente de la ciudad, un muñeco diabólico payaso y corrupto.",0,es,Colombian,twitter
Un baboso que escribe estupideces y que se ufana de ser un buen payaso.🤡,0,es,Colombian,twitter
El pobre serás vos payaso. No necesito nada de nadie. Pendejo hp.,1,es,Colombian,twitter
"12 años vos con con esa foto de perfil. Habla pues cuándo y dónde o te da culillo, payaso.",1,es,Colombian,twitter
Q bonito ya no les tenemos miedo y lo mejor aún no les creemos payasos setentahptas,0,es,Colombian,twitter
"Así daban a Javier Milei el candidato a la presidencia de Argentina, lo daban de un economista payaso y loco y hoy arrasa todas las encuestas de intención de voto y puede llegar a ser el próximo presidente de Argentina.",0,es,Colombian,twitter
Cómo vas a decir que lleva 3 años arrastrándose si hace dls años te quitó un título y el año pasado estaba metiendo a Tolima en una final? Eres payaso?,0,es,Colombian,twitter
"Usted, que con su reforma laborarlos de 2002, quito los recargos nocturnos, dominicales y de festivos, sin generación de empleo, nos viene a hablar de eso??? No sea tan miserable! Payaso!",0,es,Colombian,twitter
Si su mamá se lo hubiera tragado usted no existiría pero bueno nada que hacer payaso,1,es,Colombian,twitter
"Ridículo, payaso!",1,es,Colombian,twitter
"Se encontró 3 goles en 7 minutos, payaso.",0,es,Colombian,twitter
Usted espera ser reelegido? Jajajajajajja aaaaa jajajajajajaja esto es un circo 🤡 jajajaja pobre payaso ríe por no llorar.,1,es,Colombian,twitter
Viejo payaso 😂,1,es,Colombian,twitter
Yo hago uno del peor payaso que no hace reír ni a una hiena.,0,es,Colombian,twitter
"A si se pasean los ladrones en Cali bailando como este payaso 🤡, la ciudad en manos de la delincuencia común y este inservible bien gracias!!!",0,es,Colombian,twitter
Esperemos cuando los demanden conque vas a salir payaso.,1,es,Colombian,twitter
"25 de mayo día del payaso .pues ese día es de todos, piensa cuantas veces,tienes el corazón en llanto pero muestras una mueca de risa y tus ojos muestran gran tristeza ,así que ese día es repetitivo",0,es,Colombian,twitter
se las metió un payaso esos que andan jodiendo con los links de whatsApp?,0,es,Colombian,twitter
El primer tontazo q salió con eso fue el payaso triste de daniel samper,0,es,Colombian,twitter
"Bobo hpta, al equipo que lo hizo grande la B, tiene la misma cantidad de títulos del circo aquel del cual se cree el payaso que más hace reír.",0,es,Colombian,twitter
Asombroso que todo el entorno del payaso es una mierda. Tan raro.,0,es,Colombian,twitter
Payaso hijo de puta,1,es,Colombian,twitter
este payaso da risa comparando un estudio de seguridad con un delito,1,es,Colombian,twitter
Como todo payaso 🤡 🤡 seguidor del hipnotizador de idiotas.,1,es,Colombian,twitter
Payaso hpta el chiste se cuenta solo que cuenta más real malparido bodeguero extranjero.,1,es,Colombian,twitter
jajaja payaso de quinta y tu te convertiste en la bodega más paga de los petroburros,1,es,Colombian,twitter
Paso básicamente porque no estuvieron presentes y ni la chica a hablado.En el momento donde tratas que tú argumento tome más fuerza insultando quedas como payaso,0,es,Colombian,twitter
"claro, aun no tengo el asterisco como bolsillo de payaso 👀",0,es,Colombian,twitter
Ahora dizque el defensor de los humildes. Payaso arribista!! Sinverguenza,1,es,Colombian,twitter
"40 años de gobierno de derecha y nunca acabaron con nada, ni lograron nada y ahora esperas que alguien lo haga en nueve meses, 🤦 dejé de ser tan payaso, madure a ver si entiende que todos buscamos lo mismo, paz y un país donde se pueda progresar de manera justa.",0,es,Colombian,twitter
"Deje ser payaso, le recuerdo q el pueblo es todo colombia no los 11 mm q votaron por el tal cambio, además de los votos comprados",0,es,Colombian,twitter
Lo de payaso se lo regalo no sea ordinaria. Lo del servicio de Internet y televisión no hay entre la 3 norte y la 2 norte con 44,0,es,Colombian,twitter
"Q pereza caliescali con ese amarillismo siempre se sobre nota el Uribismo, del titular de esta cuenta, siempre en sus publicaciones tirándole al presidente y su primera dama, que de malo tiene ahora q este ruliendose un hueso cuando eso es algo informal y algún payaso la filmó",0,es,Colombian,twitter
"Ade amiga date cuentaaaaa. Ahi no es, alejate de ese payaso no cometas el error de ana plis!!",0,es,Colombian,twitter
"jajaja disque se cayo la confianza en el gobierno, mucho pendejo opinando a lo bien, payaso es que son",0,es,Colombian,twitter
"Periodista ni que nada, ése es un payaso de 40 o 42 o bueno ya debe tener 50.",0,es,Colombian,twitter
"Ese Fico es otro payaso deplorable,inepto,charlatán de plaza.",0,es,Colombian,twitter
Este PAYASO no dice nada bueno pero igual nos hace reír mucho,1,es,Colombian,twitter
"Va a criticar al futbolista con más títulos en la historia del país?, Payaso.",0,es,Colombian,twitter
"Pana le está mostrando HECHOS!!! O sea vos en vez de atacar el argumento atacas el interlocutor, aquí el payaso sos vos que no sos capaz de debatir sino de insultar sin un solo argumento sobre el tema en cuestión.",0,es,Colombian,twitter
Pues andate para allá payaso burro ignorante,1,es,Colombian,twitter
"Jamás, en Cali se quema porque todos sabemos quién es, lo que apoya y que es mentira que un alcalde pueda construir una mega cárcel de la nada. A enredar al duende este payaso.",0,es,Colombian,twitter
"Pero el es un personaje público yo lo sigo , eso no me impide decir que el es un payaso 🤡 que no es imparcial y el sesgo político es evidente , pero sobre todo es un payaso 🤡",0,es,Colombian,twitter
"Jajajaja, el payaso gobierna desde Twitter y desde el balcón, cuando no ebrio, bajo el efecto de otras sustancias o medicamentos.",1,es,Colombian,twitter
Jajajaja ahí esta el payaso terrorista el cambio es un circo de dementes y psicópatas,1,es,Colombian,twitter
INEPTO PAYASO FRACASADO PERDEDOR,1,es,Colombian,twitter
Yo les voy a enseñar a tener presencia en línea sin verse como un completo payaso.,0,es,Colombian,twitter
"el informe dice claramente que ella dudaba pero su novio le dijo que él se los había enviado, lo cuál no era cierto pero por payaso la embarró",0,es,Colombian,twitter
Este tipo es un verdadero payaso 🤡,1,es,Colombian,twitter
Se hace la paja este payaso cada vez que ocurren estas desgracias.,1,es,Colombian,twitter
"No tiene ni idea de comprensión de lectura, mucho menos sabe escuchar... payaso!",1,es,Colombian,twitter
que se puede esperar de Queijeiro igual? es otro payaso mediático más,0,es,Colombian,twitter
"Que gracioso es ver a este imbécil metiendo a la gente pobre para generar alarma, cuando en las imágenes que comparte no se ven mencionados. Los activistas de robledo son bien patéticos y ridículos.",0,es,Colombian,twitter
Mucho imbecil,1,es,Colombian,twitter
"Es un estúpido, a lo mejor la madre es una kilos mortales, imbécil.",1,es,Colombian,twitter
Tenés esa cabeza llena de Mierda,1,es,Colombian,twitter
No podes ser tan imbécil.,1,es,Colombian,twitter
Estoy mamado de tanta gente imbécil,0,es,Colombian,twitter
"Es cierta mi hipótesis, desde Musk tuitero que paga chulo azul es un ímbecil asegurado.",0,es,Colombian,twitter
"Tuitero con bandera de Ucrania, ímbecil asegurado",0,es,Colombian,twitter
"¿Cómo puede ser alguien tan imbécil? Decir que el nazismo es comunismo... Válgame Dios, eso ni un niño de quinto de primaria lo dice.",0,es,Colombian,twitter
Dale Reinaldo rueda no tiene nada de responsabilidad seguí chupandosela por tu club pedazo de imbécil,1,es,Colombian,twitter
Imbécil la diferencia es que en el salvador se arrestan delincuentes a ca se les rinde pleitesía bobalicon.,1,es,Colombian,twitter
Devolvete a primaria imbecil,1,es,Colombian,twitter
"Que tipo más imbecil Barbosa,,la verdad nos merecemos estos satrapas,delincuentes.",0,es,Colombian,twitter
"Que hpta vieja tan bruta, y abogada?, que miedoooo. Esta petrista si es la campeona, jajajaa. Mucha imbecil",1,es,Colombian,twitter
"Uyy, este bobo hp cada vez me deja más perplejo, cada día supera más su grado de imbecil",1,es,Colombian,twitter
Deje su trauma imbécil,1,es,Colombian,twitter
"Eres el unico negro hijueputa, imbécil, tarado, verguenza de la raza, que solo habla mierda, esperando que lo claven los uribistas!",1,es,Colombian,twitter
"Horacio el tipico machito imbecil que piensa que la mujer debe ir en la cocina, gas de tipo la verdad dios me libre de un hombre como ese en mi vida. Es que no es bueno para nada, ni esposo, ni padre y muchooo menos arquitecto, como que solo es bueno pa robar",0,es,Colombian,twitter
Me estresan esos hijueputas que viven sufriendo por lo que la gente publica y atención ✨lo sigue✨no es más fácil que dejes de seguir o bloquear pedazo imbecil?,0,es,Colombian,twitter
Que risa q de verdad aquí haya gente tan imbécil.,0,es,Colombian,twitter
"Q fastidio las reacciones de Instagram, que es eso de “😂” ??? ríase bien imbecil",0,es,Colombian,twitter
No sé como existe gente tan recontra imbecil cómo este man jajaj y lo peor es que ya se reprodujo,1,es,Colombian,twitter
"Jajaja pobre imbecil, déjame adivinar, te caíste de la cuna cuando eras bebe y quedaste estupido de por vida?",1,es,Colombian,twitter
Ya dejen de darle fama a este imbecil que literal es lo único que quiere lograr con sus comentarios de mierda. Cada tanto tiene que decir estupideces para que lo noten otras personas aparte de los pubertos raritos que consumen su contenido,0,es,Colombian,twitter
"Uno pensaría que El Tiempo es un medio de comunicación donde uno puede encontrar noticias importantes como las confesiones de mancuso o vainas asi, no semejante estupides de un imbécil que a nadie le interesa",0,es,Colombian,twitter
Usted es un pobre cobarde y un imbécil,1,es,Colombian,twitter
"Por supuesto que el Presidente llama la atención y por supuesto que nos hace hablar de él. Es el tipo de cosa que ocurre cuando tu Presidente es un completo imbécil, un redomado idiota.",0,es,Colombian,twitter
Jajajaja siga soñando calvo imbecil 🙊,1,es,Colombian,twitter
Imbécil.,1,es,Colombian,twitter
Ustedes dijeron que la inversión extranjera se iba a ir del país. Los payasos son ustedes pedazo de imbécil.,1,es,Colombian,twitter
"Que bien lo que hizo el otro vehículo. Y el imbecil ese se enoja, ahh !!!",0,es,Colombian,twitter
Que pereza tener que seguir aguantando a semejante imbécil. La madre y padre de esta los debieron haber castrado.,1,es,Colombian,twitter
Que imbécil este hptaaaa,1,es,Colombian,twitter
"Jajajaja, que está tomando? Ahora sí se terminó de tostar este imbécil",1,es,Colombian,twitter
Cállate imbécil que nadie te cree una mierda,1,es,Colombian,twitter
A lo bien que sos el propio imbécil…,1,es,Colombian,twitter
"Jajajajaja pobre imbécil, no ha podido comprender que Colombia ya no le come cuento, solo el se cree sus propias mentirás, es hora de que deje de meterse tanta porquería en el coco y piense para donde lleva el país, deje las alucinaciones y ""PIENSE""",0,es,Colombian,twitter
"Si imbécil, que no alcance para el mercado es pura percepción",0,es,Colombian,twitter
"Cuál escándalo imbécil, escándalo lo que viene contando Salvatore Mancuso, la fiscalía, lo de Petro es puro bochinche de la prensa uribista que todavía no pueden aceptar de la derrota",0,es,Colombian,twitter
"Deja de encasillar que no todos serán así,por un imbécil de estos no nos representa como comunidad",0,es,Colombian,twitter
"Pues ya que ella es doble moral etc etc, yo no hago parte de esa mayoria y si dire que West es un imbécil de igual manera la gente que defiende las porquerias que dice el machista, misógino, xenófobo, homofóbico, etc etc... Buenas noches.",0,es,Colombian,twitter
"¿Que espera imbécil? El modelo de la impunidad y permisividad de Colombia, pedazo de hp basura. Sobachaquetas de mierda",1,es,Colombian,twitter
A mi me da es como pena lo imbécil que me vuelvo por alguien,0,es,Colombian,twitter
"Dizque nunca jugó mejor que el rival, lo ven?… es que son hijuputas. La expulsión de cadavid fue en el area del DIm y porque cortó un ataque. Imbecil.",0,es,Colombian,twitter
"Cual violencia? Karma instantáneo, el que nada debe nada teme… cierto? No creo que el cucho tenga ningún problema en comerse el mismo pollo que le dio al perrito sino está envenenado…. O que quiere, que le tire flores a un imbecil como ese?",0,es,Colombian,twitter
Yo si soy la propia imbecil jsjsjsjsjsjsjsjsjs,0,es,Colombian,twitter
Tremendo imbecil.,1,es,Colombian,twitter
No falta la o el imbécil que sale con comentarios nada que ver... Vaya a qué le den !,1,es,Colombian,twitter
Severo imbécil,1,es,Colombian,twitter
Es imposible llegar tan viejo a ser tan imbecil y ruin. Señor usted está rompiendo records,1,es,Colombian,twitter
Que repita la madre que parió semejante imbécil,1,es,Colombian,twitter
"Los colombianos no, Barbosa usted es el imbécil.",0,es,Colombian,twitter
Hay que ser muy imbécil y adoctrinado,1,es,Colombian,twitter
"La libertad de expresión no es sólo para los ""periodistas"". Daniel Samper Ospina es un IMBÉCIL y tenemos todo el derecho a expresarlo donde nos de la gana.",0,es,Colombian,twitter
La gente si es imbécil defendiendo a semejante corrupta.,0,es,Colombian,twitter
A mi porqué me sale los tuits de esta imbécil?🙃🙃🙂,1,es,Colombian,twitter
"En pocas palabras, eres un imbécil 😅",1,es,Colombian,twitter
"La vieja estaba bien hasta un cierto punto, él tipo se comportó como ella dice un completo imbécil y ella no se sintió cómoda, se lo expresó y se fue. Si vas a una cita y te comportas como un imbécil no pretendas que la vieja se quede por educación, de hecho fue bastante educada.",0,es,Colombian,twitter
UD PUEDE SER MUY ZORRO PERO SIGUE SIENDO EL MISMO IMBECIL.,1,es,Colombian,twitter
"En eso estoy de acuerdo con el fiscal, el comisionado de paz es un imbécil y debería ser removido de su cargo",0,es,Colombian,twitter
"que estupida eres, demuestras lo imbecil que eres, hasta fastidiosa te conviertes…",1,es,Colombian,twitter
Imbécil él si cree que va a quedar impune ante tantos delitos qué ha cometido.,0,es,Colombian,twitter
"Oiga atorrante adolescente de 70 años, las cifras dejan su Twitt muy mal parado, cuado será que va dejar de ser un imbécil?",1,es,Colombian,twitter
Pobre imbécil jajajaja con la estupidez que sale 🤣🤦🤡🤡🤡 la ignorancia es cosa muy HP de verdad 🤣 no hagas el ridículo más de verdad con cosas que no tenés ni idea,1,es,Colombian,twitter
"El único imbecil es Francisco Barbosa, cuando cree que los colombianos no nos damos cuenta la clase de charlatán y tramposo que es el.",0,es,Colombian,twitter
Los colombianos sabemos que el imbécil es usted Francisco Barbosa ¡te vas a podrir en la cárcel! Cada vez es más sospechoso su ataque al gobierno.,0,es,Colombian,twitter
"No creo que te guste que un desconocido te duerma, y te lleve a tu casa para metertela en contra de tu voluntad, imbécil.",0,es,Colombian,twitter
El único imbécil fue el que dejó al fiscal más inepto de la historia. Una fiscalía que defiende a los acusados y revictimiza a las víctimas. Asco.,0,es,Colombian,twitter
"El monopolio de la cocaína lo domina Las FARC, la misma con la que simpatiza su presidente y hasta ud, que su fanatismo no se lo deje ver es otra cosa, así que no se haga el imbécil y no nos achaque ese bulto.",0,es,Colombian,twitter
Aparte de imbecil y tarado también esta loco,1,es,Colombian,twitter
Vos el mayor imbécil,1,es,Colombian,twitter
Este imbécil a esta hora se le tuerce el teclado,1,es,Colombian,twitter
"Y tu robaste millones durante tu estadia en el SENA, y ni siquiera hay una disculpa, te sacaron por incompetente y ahora, eres además imbécil",1,es,Colombian,twitter
El imbécil sos vos. Uno no puede justificar un asesinato diciendo que sólo es un animal. Pedazo de enfermo.,1,es,Colombian,twitter
jajajajaaj no sabe ni escribir la imbécil,1,es,Colombian,twitter
"No soy rascista y mucho menos imbecil, esta senora es una vividora, acomplejada. La verdad me importa 0 sua raices, trabaje por el pais, para eso se le paga.",0,es,Colombian,twitter
"Que no hay recursos para una icbf para los ladrones, este man es un imbecil que cree que hay plata para hacer una cárcel, es peor candidato de cali.",0,es,Colombian,twitter
"Deja de hablar pendejadas, imbécil.",1,es,Colombian,twitter
"A ver imbécil un presidente y una vicepresidente llegan al principal cargó del país no es para encerrarse en la casa de nariño a delinquir como lo han hecho los otros, por obvias razones tienen que hacer muchos desplazamientos a otros países y continentes,eso se llama gestión",0,es,Colombian,twitter
"Comentario pendejo de un imbécil que ni vive aquí y se cree con el derecho de opinar, están hablando pedazo de atembado de la energía no de impuestos, cafre!",1,es,Colombian,twitter
Pero vos sos un pedazo de imbecil q ni siquiera los numeros sos capaz de interpretar bien,1,es,Colombian,twitter
"Imbecil, el salario se lo pagan en una cuenta de nómina que necesidad del efectivo? Porque son tan imbeciles",1,es,Colombian,twitter
"Este imbécil ya no sabe que más publicar para desprestigiar el gobierno, señor usted no es periodista usted es un activista político de Uribe.",0,es,Colombian,twitter
Que pedazo de imbecil este Eduardo,1,es,Colombian,twitter
"Quien le dijo a usted que eran gestores de paz imbécil, 20 años de violencia y creación de grupos paramilitares y quiere que Petro acabe con ellos en 10 meses.",0,es,Colombian,twitter
Malparido hpta viejo asqueroso vale más un pedazo de mierda aplastado que la vida de este imbecil,1,es,Colombian,twitter
Preguntas tan estúpidas..vayase mejor a vivir a Venezuela o a Cuba y vive en su puto comunismo imbécil.,1,es,Colombian,twitter
"Huy, que tenaz de tanto imbécil manejando así, Acá en Cali es lo mismo, los que bajan del Km 18",0,es,Colombian,twitter
No falta el imbecil que hace comentarios ignorantes por desinformación,0,es,Colombian,twitter
Por eso es q estamos como estamos con tanto imbecil suelto.,0,es,Colombian,twitter
"Jajaja ""ayúdenme"" dice el HP ridículo este, se difunde la estupidez con vos y la ineptitud e ignorancia en pobre imbécil que no tiene ni la menor idea de lo que dice ni piensa",1,es,Colombian,twitter
"""orden y autoridad"" ""militarizar"" . No tienen la más mínima idea de cómo solucionar las diversas violencias de la ciudad. y otro imbécil del mismo corte leí q estaba hablando de una mega cárcel jajaja. No se les cae una idea decente de la cabeza.",0,es,Colombian,twitter
"Debí parecer un imbécil diciendo que la piña sabía feo, lo que sabe feo es esa salsa r malparida",0,es,Colombian,twitter
"Le ofrezco mil disculpas por haber tenido que vivir esa situación por culpa de un imbécil... Hay demasiados atorrantes, subnormales, que no son más que poco hombre... Recupérate pronto, que Dios te bendiga y proteja siempre.",0,es,Colombian,twitter
"Definitivamente, la riqueza la ha vuelto estupida, imbecil, tarada y con muestras de retraso cognitivo.",1,es,Colombian,twitter
"Que vergüenza ante el mundo, por el imbécil que eligieron por presidente",0,es,Colombian,twitter
"Pero ser tan imbecil y fallarle a la única persona que estuvo para ti, aún cuando tu propia familia te dio la espalda",0,es,Colombian,twitter
"Que el imbecil de tulio y romero sigan de "" buenos samaritanos"" estan como los padres que ven a los hijos golpeados todo los dias h siguen con "" la violencia no lleva a nada"" sean igual de agresivos oara todo, no cedan, NO SEAN MARICAS",0,es,Colombian,twitter
"Leyendo comentarios de gente ignorante y desinformada y si, es necesario que el gobierno nuevamente se ponga a la tarea de socializar la Reforma. Hay mucho imbecil que cree y piensa que el sistema de salud se acabó cuando lo que se acabó fue la robadera que tenían las EPS",0,es,Colombian,twitter
Ahora no falta el imbecil que diga que es culpa de Petro,0,es,Colombian,twitter
"Pues cuando se necesita trabajar fuera de casa, tienes un espacio cómodo, limpio y a precio de un café 🤷🏻‍♀️ más imbécil es ir juzgando a la ligera…",0,es,Colombian,twitter
"Habla el oportunista más joven de la galaxia, el mínimi de Fajardo que critica y señala al gobierno en redes, nutriendo el asqueroso discurso de la derecha, pero cuando se encuentra a Petro en persona se desboca por tomarse la foto a su lado. Tibio cobarde e hipócrita.",0,es,Colombian,twitter
"No es que no haya ""nivel"" de teatro en los grupos caleños. Es que no todos estamos dispuestos a chuparle las bolas a ese junte asqueroso de acosadores, cómplices y demás... Pero tranquilos que no nos dimos cuenta 🙂 pikos y disfruten su festival en decadencia",0,es,Colombian,twitter
"Con razón Germán Augusto Rodríguez Londoño es su compinche, UN MEDIOCRE Y GUSANO PUSILANIME que no le quedó otra que perseguirme y acosarme. Un asqueroso y sucio provinciano uribista de padre borrachín y madre prostituta, compinche de unas enfermas mentales.",1,es,Colombian,twitter
Igualmente Osorio hijueputa te odio para siempre panadero asqueroso,1,es,Colombian,twitter
"Sembrar cizaña, pánico e incertidumbre es su forma de generar titulares en el pasquín asqueroso que dirige.",0,es,Colombian,twitter
Esto es lo más asqueroso y vergonzoso que puede existir en el mundo!! Y me importa un culo que opinen,0,es,Colombian,twitter
Hablo el manteco más grasoso y asqueroso que hay jajaj,1,es,Colombian,twitter
Que man para cantar tan asqueroso,1,es,Colombian,twitter
Como es posible que en Cali llueva y se sienta ese calor tan asqueroso al mismo tiempo.,0,es,Colombian,twitter
Que turno tan asqueroso mka,0,es,Colombian,twitter
"esa frasecita de “Sirvienta” la dejo mal parada y a los que votaron por usted cómo yo, ojalá se disculpe públicamente. Es asqueroso cómo señala a una persona de esa forma.",0,es,Colombian,twitter
"Qué asco este man, en serio. Este hp asqueroso. Una puta perra de la farándula se volvió.",1,es,Colombian,twitter
Malparido hpta viejo asqueroso vale más un pedazo de mierda aplastado que la vida de este imbecil,1,es,Colombian,twitter
KATY JUVINAO VIENE A ENSEÑARLE A PETRO COMO GOBERNAR Y SALE A DEFENDER AL PERIODISMO ASQUEROSO Y VENDIDO CUANTO TE PAGARON POR ESE VIDEITO,0,es,Colombian,twitter
"Me da vergüenza y demasiada ira ver los trinos de Mafe Cabal. Denigra la profesión de los politólogos, miente y de forma consciente o inconsciente promueve un revisionismo histórico negacionista con fines políticos. ES ASQUEROSO.",0,es,Colombian,twitter
"Mira que muchas veces defiendo a las personas adulto mayores por su vulnerabilidad pero lo que hizo el señor envenenando al perro no tiene misericordia, simplemente es un asqueroso ser humano.",0,es,Colombian,twitter
Nada más asqueroso que el sonido de este pelado respirando con 5 litros de mocos en esa nariz,1,es,Colombian,twitter
"Ese perrro asqueroso que vergüenza pensar que desde pequeño mi papa siempre me hablaba de él y de Arley, Mayer perro hptaaaa",1,es,Colombian,twitter
Ese culo tan asqueroso,1,es,Colombian,twitter
Y si no voy a rotación ? Que sueño tan asqueroso y sumado a ello que aguacero,0,es,Colombian,twitter
Que dolor de cabeza tan asqueroso.,0,es,Colombian,twitter
Imbecil asqueroso,1,es,Colombian,twitter
Este es otro asqueroso e hijodeputa BANDIDO.,1,es,Colombian,twitter
"A este Hilo le faltan como 100 capítulos de cosas perversas pero es un pequeño resumen del asqueroso,corrupto,delincuencial y podrido gobierno de Petrosky,",1,es,Colombian,twitter
no papi que partido tan asqueroso,0,es,Colombian,twitter
"Que cochino y asqueroso todo, parecen ratas tirándoselas a ver quien se queda con el queso, lo siento por petro pero sin duda muy mal rodeado y algunos nombramientos muy cuestionables",0,es,Colombian,twitter
Que tiene de gracioso eso? Entiendo la mofa pero es asqueroso ese humor.,0,es,Colombian,twitter
Asqueroso borracho.,1,es,Colombian,twitter
"Anda lavate esa jeta maloliente, asqueroso",1,es,Colombian,twitter
Asqueroso personaje!,1,es,Colombian,twitter
“Periodista” mediocre poniendo a medias la información. Manipulador asqueroso,1,es,Colombian,twitter
"Asqueroso lo de la niñera, mientras tanto buscando salirse por las ramas.",0,es,Colombian,twitter
No solo innecesario sino asqueroso,0,es,Colombian,twitter
"Es asqueroso la forma de querer hacer política, tenga dignidad y renuncie a su postulacion.",0,es,Colombian,twitter
Perro asqueroso. Ya lo sabíamos. Con esa cara de oligarca.,1,es,Colombian,twitter
"Que HDP tan cansona con ese tema, será que puede escribir algo diferente malnacida, engendro ASQUEROSO",1,es,Colombian,twitter
Asqueroso ser,1,es,Colombian,twitter
"Menos mal no fuiste vicepresidenta y ya no lo serás ud es lo más asqueroso que pudo haber elegido Rodolfo cómo candidata a dicho cargo, nuevamente ya le pago?",1,es,Colombian,twitter
Jajaja ebrio asqueroso,1,es,Colombian,twitter
Asqueroso enfermo,1,es,Colombian,twitter
Que dice lo más hipócrita y asqueroso del mundo?,1,es,Colombian,twitter
Día asqueroso la verdad,0,es,Colombian,twitter
"sos un asqueroso, hpta desperdicio.",1,es,Colombian,twitter
Si lina ESO viene haciendo el uribismo desde el nuevo gobierno ES LO MÁS ASQUEROSO QUE PUEDE EXISTIR,0,es,Colombian,twitter
Hptaaa arbitraje tan ASQUEROSO,0,es,Colombian,twitter
Ese hp es un ASQUEROSO,1,es,Colombian,twitter
"A este 🐷 ceboso el papá lo violaba de niño, uhhh si no hay otra razón para tanta estupidez que escribe el manteco asqueroso",1,es,Colombian,twitter
"Ese SANCHEZ Cristo es lo mas asqueroso q hay en el periodismo Colombiano, claro q hay muchos más vendidos, abortos de la naturaleza",1,es,Colombian,twitter
Lagarto asqueroso,1,es,Colombian,twitter
Bobo hpta asqueroso,1,es,Colombian,twitter
"cuál grave crisis, sus titulares rimbombantes en ese asqueroso pasquín no representan la realidad. Se está volviendo loca de poder, cálmese y recójase señora",0,es,Colombian,twitter
Benedetti lo volvió 💩 y nadie del partido asqueroso ese al que pertenece lo defendió en lo más mínimo. Es lo más mínimo que ha podido llegar al congreso solo igualado por Polo Polo,0,es,Colombian,twitter
"Descarada, como si en ese pasquín asqueroso publicara algo cierto, solo mentiras, infamias y propagando política en favor del genocida.",0,es,Colombian,twitter
"Primera dama vice o la vecina calenturienta o la mamá o hija de cualquiera sepan que chupar hueso es asqueroso, ordinario y vulgar…",0,es,Colombian,twitter
"públicamente les estoy diciendo que ya no deseo su servicio, que desistalen esa porquería de servicio que no sirve para nada y que les pago hasta hoy, no deseo un día mas su asqueroso servicio.",0,es,Colombian,twitter
"Más asqueroso es que lo perdonen, ojo ahí",0,es,Colombian,twitter
Y guardan silencio administrativo lo que conlleva a que todas mis solicitudes son aceptadas ! DESEO LA DESISTALACION DE SU ASQUEROSO SERVICIO DE IBTERNET Y UNA COMPENSACIÓN POR DAÑOS Y PERJUICIOS COMPROBABLES DE TRABAJO,0,es,Colombian,twitter
Si halan el hilo del otro extremo de la madeja se van a encontrar con más nudos en éste asqueroso gobierno. Toda una banda narcocriminal!,0,es,Colombian,twitter
HÁGAME EL TRIPLE HIJUEPUTA FAVOR CON ESTA GONORREA,1,es,Colombian,twitter
"Es frustrante y que gonorrea no saber hablar en señas, cómo atender así",0,es,Colombian,twitter
jajaja ya hasta a Diego le llegó esta desfachates. Que gonorrea.,0,es,Colombian,twitter
"Un gonorrea sifilitico opinando, que tal?",1,es,Colombian,twitter
"Ve gonorrea, eso lo dejo tu puyón",1,es,Colombian,twitter
Q gonorrea como los presentimientos son tan efectivos.,0,es,Colombian,twitter
A lo bien pana A LO BIEN que gonorrea,0,es,Colombian,twitter
Nunca es lo mismo gonorrea solo q hay que tener coherencia bastardo,1,es,Colombian,twitter
Si claro gran hijueputa y el diplomado lo hacemos con vos Gonorrea,1,es,Colombian,twitter
Que gonorrea que una persona sea capaz de subirte el ánimo tanto. Lo paila es que así mismo lo baja.,0,es,Colombian,twitter
Esos “ve una pregunta”… siempre terminan en una gonorrea de pregunta,0,es,Colombian,twitter
"Osea, no solo es un pobre hijo de puta y gonorrea Sino también acosador el pirobo este",1,es,Colombian,twitter
Que gonorrea de persona sos vos!!!,1,es,Colombian,twitter
Cómo me van a dañar el polvo así. Gonorrea ome gonorrea.,0,es,Colombian,twitter
JAJAJA hay gonorrea el multiverso,0,es,Colombian,twitter
SETENTA TRIPLE CUATRUPLE GONORREA,1,es,Colombian,twitter
Bien perro la gonorrea esta,1,es,Colombian,twitter
"Te amo Taylor, casi que no gonorrea",0,es,Colombian,twitter
"En todos los partidos no falta la gonorrea. El partido que este libre de pecado, que tire la primera piedra…",0,es,Colombian,twitter
Seguí llorando gonorrea 70 hp q ya ni equipo tenes maricon,1,es,Colombian,twitter
Mucha gonorrea vos no?,1,es,Colombian,twitter
"Que gonorrea lo de Villa, parce.",0,es,Colombian,twitter
Soy esa gonorrea en estos momentos jajaja,0,es,Colombian,twitter
Como quiera gonorrea cuando y donde?,1,es,Colombian,twitter
Disfrutamos su ruina gonorrea,1,es,Colombian,twitter
"Que dolorcito más gonorrea, no quiero volver a sentir eso nunca",0,es,Colombian,twitter
Que gonorrea. No diré absolutamente nada más.,0,es,Colombian,twitter
Que gonorrea de obeso mantenido sin pelo y huele a mierda seca,1,es,Colombian,twitter
"Catre triple tetra gonorrea hijueputa, piroba de mierda, malparida zunga",1,es,Colombian,twitter
"Las redes sociales están llenas de adolescentes que no han vivido, queriendo decirle al mundo como vivir, que gonorrea.",0,es,Colombian,twitter
Que gonorrea yo pasé por la 5ta cuando iban como 30 minutos y eso estaba más callado que la biblioteca departamental jajajaj,0,es,Colombian,twitter
MUCHA GONORREA ESTA SAPA,1,es,Colombian,twitter
vos te vas a hacer pegar gonorrea,1,es,Colombian,twitter
Simplemente un cobarde la gonorrea esta,1,es,Colombian,twitter
"Creo que siempre voy a tener esa lucha interna de por que la gente es tan gonorrea cuando ya no necesita ni de tu compañía, ni de nada tuyo, no sean así",0,es,Colombian,twitter
"Marica, Cali fue abandonada por Dios, que re gonorrea.",0,es,Colombian,twitter
Egg gonorrea ofendido mas demalas,0,es,Colombian,twitter
grosero tu papá gonorrea malparido ome que berraquera,1,es,Colombian,twitter
YA NO LE DEN MÁS PANTALLA A ESTA PUTA GONORREA,1,es,Colombian,twitter
que gonorrea cuando dejas de disociar e interiorizas las cosas.,0,es,Colombian,twitter
Que gonorrea que una persona te parezca tan triple chimba por lo que twittea y que en la vida real te caiga TAN mal,0,es,Colombian,twitter
VIEJA CHISMOSA NO LE DA PENA GONORREA JAJAJA,1,es,Colombian,twitter
"Q le estarán haciendo abajo a esta payasa, cosa más horrible como pone la traición a las personas, volverás a conseguir un voto Sapa hijueputa",1,es,Colombian,twitter
"Con esa hijueputa rosca, corrupción que hay ahí en la federación no ganamos ni en parqués, técnico malo.",0,es,Colombian,twitter
Vieja hijueputa.. no se te pudre la boca con tanta mentira?,1,es,Colombian,twitter
Ándate a ver beisbol mejor hijueputa me Tenes mamao,1,es,Colombian,twitter
"Ay gran hijueputa, no pensé que subir esto me iba a volver tal viral.",0,es,Colombian,twitter
"Pero lo pitas tarde hijueputa, ladrón malparido.",1,es,Colombian,twitter
Que va hombre bobo hijueputa,1,es,Colombian,twitter
Yaser te amo hijueputa que jugador,0,es,Colombian,twitter
Que defensa tan hijueputa,0,es,Colombian,twitter
Vamos hijueputa no nos podemos ir asi,0,es,Colombian,twitter
"Cathy Juvinao, otra decepción la hijueputa con esa vieja, tan centrada que se veía, pero así son las hipócritas, definitivamente que decepción tan hpta.",0,es,Colombian,twitter
"¿En serio la oposición está comparando los 10 mil falsos positivos con el chisme de la chuzada? Va la madre que esa gente, o es muy bruta, o es muy hijueputa. Dizque ""¿quien dio la orden?""",0,es,Colombian,twitter
Que está escribiendo ahí bobo hijueputa,1,es,Colombian,twitter
Ándate a vender mani hijueputa,1,es,Colombian,twitter
SOS UN HIJUEPUTA BASTARDO,1,es,Colombian,twitter
que asco este hijueputa mano,1,es,Colombian,twitter
Hoy estoy poseído por el espíritu de la rumba hijueputa,0,es,Colombian,twitter
qué desagradable verle la cara a este hijueputa,1,es,Colombian,twitter
Ser normal es un orgullo ni el hijueputa en una era de anormales y subnormales.,0,es,Colombian,twitter
"Ay qué cursito del Sena para cocinar ni qué hijueputa, estoy en mi casa no es un puto restaurante fino, aquí se cocina como me enseñó mi abuela.",0,es,Colombian,twitter
"hay que hacer respetar a la mujer, sea como sea, ojal pague, pa cagarme a golpes. Aún hijueputa de estos, maricon, claro que sí la vieja fuera hombre aparte de bajarlo lo acabo a trompadas, malnacido",1,es,Colombian,twitter
"Si la capturan la sueltan ""porque no la cogieron en flagrancia y/o no se ve que metiera las cosas a la maleta"" Justicia colombiana HIJUEPUTA.",0,es,Colombian,twitter
"Hay que ser un hijueputa en mayúsculas para ir detrás de la tierras de los menonitas, y callar con el hecho de que quince mil indígenas poseen en los llanos orientales tierra en la que cabe Suiza, Países Bajos y Bélgica.",0,es,Colombian,twitter
Parásito hijueputa.,1,es,Colombian,twitter
Este hijueputa arrastrado cualquier cosa que prospere en este mundo le da envidia.,1,es,Colombian,twitter
Te vamos a poner en el escarnio público por hijueputa!,1,es,Colombian,twitter
YO AL HIJUEPUTA FISCAL BARBOSA NO LE CREO NI PUTA MIERDA,0,es,Colombian,twitter
"Definitivamente trabajar solo con mujeres es muy difícil, que bochincherio tan hijueputa",0,es,Colombian,twitter
"Indignadisimo, esos malparidos como se molestaban con Duque por subir la gasolina 40 pesos, y ahora que Petro la sube 600 no dicen ni un hijueputa culo, malparidos arrodillados lameculos.",0,es,Colombian,twitter
"Estupida, imbecil y toda una malparida la hijueputa de MAndreaNieto",1,es,Colombian,twitter
"Con ese hijueputa apellido q se le puede pedir de cordura y razonamiento, nacieron escasos de cerebro por eso son uribistas",1,es,Colombian,twitter
Parce qué hijueputa rabia. Por qué mis cantantes favoritos vienen cuando yo no estaré en COLOMBIA SAPA PERRA VIDA,0,es,Colombian,twitter
Siete mil quinientos millones de veces hijueputa,1,es,Colombian,twitter
Me subo a un way cali con la desconfianza más hijueputa pero con la bendición de Dios,0,es,Colombian,twitter
"Espero que estos comentarios de gente Roja, sea sarcasmo, siempre nos hemos caracterizado por tener la fe que lastimosamente América siempre necesita. VAMOS MECHA HIJUEPUTA",0,es,Colombian,twitter
Cállate sapa hijueputa,1,es,Colombian,twitter
"JAJAJAJ, hijueputa simio ese.",1,es,Colombian,twitter
"un montón de adolescentes güevones se confiaron de ese viejo hijueputa del Canal 2 cuyo único objetivo era llegar al Congreso para pagar deudas. Me río de Janeiro,menor.",0,es,Colombian,twitter
"jajajaj, un hijueputa godo que representa un partido que no saco ni 60000 votos, que derecho tiene de opinar sobre lo que está bien o está mal ?",0,es,Colombian,twitter
Solo resta decir Vieja hijueputa,1,es,Colombian,twitter
Éste hijueputa salió peor que los ñeros rateros,1,es,Colombian,twitter
"Estaba sintiendo todo eso sin necesidad, qué hijueputa rabia.",0,es,Colombian,twitter
Hipócrita hijueputa.,1,es,Colombian,twitter
Que cinismo tan doble hijueputa!!!! Pareces cucaracha de panadería,1,es,Colombian,twitter
Esta vieja hijueputa no le basto con volverse “la muñeca de los guerrillos “ y aún así sigue jodiendo???,1,es,Colombian,twitter
"A la hijueputa izquierda le falta más malicia, saben que el centro y la derecha están pendiente del mínimo error para atacarlos y desprestigiar al gobierno y vienen les dejan las nalgas afuera y los clavan.",0,es,Colombian,twitter
Este hijueputa solo tiene TDT. Pobretona petriste!.,1,es,Colombian,twitter
Que energía tan hijueputa,0,es,Colombian,twitter
"Dizque poner a cocinar una carne molida en agua hirviendo, no sea hijueputa jajaja",0,es,Colombian,twitter
"Siempre he creído que quien insulta a Dios o la fe de los creyentes, tienen un trauma bien hijueputa con algún familiar cercano y se desquitan insultando a los creyentes.",0,es,Colombian,twitter
Cobarde Hijueputa ya sabemos quién SOS,1,es,Colombian,twitter
Mbappe hizo una limpieza ni la hijueputa en el PSG,0,es,Colombian,twitter
Mucho burro este hijueputa,1,es,Colombian,twitter
jajaja papi que hijueputa risa 🤣🤣🤣 lo bueno es que no se cayeron por qué si no ahí quedan,0,es,Colombian,twitter
yo para que no se me dañara la comida con las sandeces de este hijueputa me tocó sentarme a la mesa con mis audífonos inalámbricos y abrir la carpeta de música de mi teléfono y subirle para que no se filtrara esa basura,1,es,Colombian,twitter
"Parce que sacrificio tan hijueputa el que estoy haciendo al ahorrarme la plata que probablemente gastaría en primera fila para ver a Eladio Carrión, todo por mis proyectos",0,es,Colombian,twitter
"Mas hpta es Ud, pinche perdedor.",1,es,Colombian,twitter
Sácala pues hpta,1,es,Colombian,twitter
¿Novoa involucrado en el gol? Queeee raaaaroooooo. Hasta cuándo vida hpta dios mío Novoa retirateeee,0,es,Colombian,twitter
Hpta un minuto duro la felicidad,0,es,Colombian,twitter
tras de virolo chismoso como un hpta,1,es,Colombian,twitter
Jajajaja deja la agresividad hpta jajajaj metele positivismo,0,es,Colombian,twitter
jajaja vos sos un bobo hpta,1,es,Colombian,twitter
Hpta odio andar de afan,0,es,Colombian,twitter
Peruano malparido mono hpta,1,es,Colombian,twitter
Ese hpta me recuerda tanto a mi ex jajsja,0,es,Colombian,twitter
SAPA HPTA,1,es,Colombian,twitter
Que esperaban de un hpta guerrillero de presidente,1,es,Colombian,twitter
Tengo unas ganas de salir pero pienso en todo ese proceso de arreglo y que hpta locha,0,es,Colombian,twitter
"Hpta vida, como si la empatía no existiera del otro lado",0,es,Colombian,twitter
"Leguleyo, tinterillo, baboso hpta",1,es,Colombian,twitter
"Mi Clau bella lo lamento un montón ... Espero que Tú mami siga bien, diría uno es material y si pero no puede haber tanto hpta al volante. Cómo todo en mi vida yo espero que Diosito operé más nada",0,es,Colombian,twitter
Sos un triple hpta muerto,1,es,Colombian,twitter
Julieth se emputo jajajaja ahora ese hpta examen tira a matar,0,es,Colombian,twitter
"Hpta corrupta!!! Nada parecido al padre! Solo vividora y oportunista, calladita se ve mejor, rata d alcantarilla",1,es,Colombian,twitter
Como anulas ese hpta gol malparido juez,0,es,Colombian,twitter
No ves el arroba o que gran hpta,1,es,Colombian,twitter
Sebo hpta ocampo ese,0,es,Colombian,twitter
SOS UN HIJO DE PUTA ARRODILLADO DE MIERDA,1,es,Colombian,twitter
Acaben esa mierda nahg,0,es,Colombian,twitter
Y por favorrrrr quita tú puto acento gringo.. gringo de mierda. Hablá bien él español por respeto. Y tú no eras Rico en Colombia iluso jajaja disque Rico..payaso,1,es,Colombian,twitter
No hable mierda la Javeriana la debió despedir por inepta.,1,es,Colombian,twitter
"De nuevo facundo y carlos darwin, coman mierda",0,es,Colombian,twitter
"Pásate por la Simón Bolívar o la ciudad de Cali , para que veas cómo tenes vuelta mierda la ciudad",0,es,Colombian,twitter
ESTA HIJUEPUTA GONORREA NO VALE NI PUTA MIERDA VALE MÁS UN BOLLO PERFUMADO QUE LA JUVINAO,1,es,Colombian,twitter
"Cuánto vale un día de tu tiempo, yo pago esa mierda.",0,es,Colombian,twitter
"Baboso hablador de mierda, bandido.",1,es,Colombian,twitter
La selección colombia es una puta mierda,0,es,Colombian,twitter
bocón de mierda.,1,es,Colombian,twitter
Esta familia si es una mierda completa oyó.,0,es,Colombian,twitter
"Esa marihuana que se fumó esta vieja estaba rebajada con boñiga, la misma mierda que vomita en el vídeo.",1,es,Colombian,twitter
Siga hablando mierda,1,es,Colombian,twitter
"El país vuelta mierda, mientras tanto Francia mamando gallo",0,es,Colombian,twitter
Hermano que mierda eso de extrañar a alguien,0,es,Colombian,twitter
Malparida tan habla mierda,1,es,Colombian,twitter
"Seguramente sea muy poquito, pero hay muchos trabajos en los que pagan una mierda",0,es,Colombian,twitter
Vete a tu país chapetona de mierda,1,es,Colombian,twitter
"Este gobierno de mierda lleno de delincuentes y criminales es tan predecible que todos sabíamos ni iban a demorar en salir con el cuento Chimbo del entrampamiento, y lo peor hay gente que les cree.",0,es,Colombian,twitter
Lo dice un lameculos de la izquierda de mierda?,1,es,Colombian,twitter
Hinchas del Cali haciendo miles de cosas para ayudarle a su equipo y el beci que dejó descender a su equipo viene a criticarlo? Tienen huevo los de ese equipo de mierda.,0,es,Colombian,twitter
"Si claro, el escándalo sigue, bochinchera",1,es,Colombian,twitter
Grandísima hija de puta bochinchera,1,es,Colombian,twitter
"Chismosa, más no bochinchera",0,es,Colombian,twitter
"La propia bochinchera, típica Uribestia!",1,es,Colombian,twitter
bochinchera de mierda,1,es,Colombian,twitter
"Tras de LAMECULOS, nos salio BOCHINCHERA el hijueputa esté.",1,es,Colombian,twitter
si hay gente bochinchera,0,es,Colombian,twitter
Puede una persona ser tan bochinchera,0,es,Colombian,twitter
"Hayyyy noooo otra vez este hp bochinchero que sacan de toda parte!! Recojase despelucado asqueroso, deje el bochinche, no le falta sino la escoba y pararse en la esquina y la mera vieja bochinchera del barrio",1,es,Colombian,twitter
"Dice la revista bochinchera de Semana que el partido conservador votará la moción de censura contra Irene Velez de ser cierto ese partido debe salir del gobierno, a menos sea un chantaje por puestos.",0,es,Colombian,twitter
Mujer de vereda es muy bochinchera,0,es,Colombian,twitter
Amanecerá y veremos mañana arma la de ella amanece tirándole 💩Ami presidente petro inventando bochinchera por q no es una periodista es una bochinchera para poner una cortina de humo q triste y esa es la rabia y el odio la venganza q tiene con petro el destapó la💩q hay en la fm,0,es,Colombian,twitter
"Yo hace un año que la borré de todas mis plataformas,lo que me llega de esa vieja bochinchera es porque mucha gente le gusta estar en discordia, vivo tranquilo porque no me llegan publicaciones de un ser indeseable y así vivo tranquilo",0,es,Colombian,twitter
Bochinchera.... Eso SOS vos dando noticias falsas por basuras como vos estamos como estamos no servís pa nada,1,es,Colombian,twitter
"Mucha bochinchera en estos debates, luego salen a tergiversar todo lo que dice.",0,es,Colombian,twitter
Hay gente que es muy bochinchera a lo bien que si.,0,es,Colombian,twitter
Y vos feliz con eso no Bochinchera de mierda,1,es,Colombian,twitter
"Mentirosa, bochinchera.",1,es,Colombian,twitter
"De la gente chismosa, sisañera y bochinchera líbranos señor.",0,es,Colombian,twitter
"Estás todavía con diarrea por la eliminación de tu narco equipito por parte del cali , que te veo muy pendiente de lo que digan o hagan en el cali, payaso. Vaya mire si la marrana ya pudo y Preocupese por ese Circo de nazi-onal, no por el cali, vieja bochinchera.",1,es,Colombian,twitter
Don Chente el que les encargamos las empanadas para la misa de mañana...la gente si es bochinchera,0,es,Colombian,twitter
tu mamá es una bochinchera,1,es,Colombian,twitter
"Denle una cerveza a esta mujer 👏 👏 👏 de paso una patada en el culo a la presentadora de SEMANA , con ese tonito de voz de viejita bochinchera",0,es,Colombian,twitter
Y a usted quien la necesita bochinchera jedionda de todos lados la votan por mediocre y lengua suelta deje de joder y ponga se hacer algo productivo ponga se contar cuantos pendejos tiene en ese culo mas bien,1,es,Colombian,twitter
Sin contar que los de arriba estaban grabando un video son youtubers la gente es muy bochinchera.,0,es,Colombian,twitter
PAYASA !!! COMUNICADORA? SOS UNA BOCHINCHERA IGNORANTE,1,es,Colombian,twitter
Jajajajaja gente tan bochinchera jajajajja.... amor Cancún o que ?,0,es,Colombian,twitter
"No solo basura, chismosa, bochinchera, arrogante, mentirosa y falsa, mejor mantener lo de uno guardado, no vaya ser y se lo quieran quitar",1,es,Colombian,twitter
Ni la bochinchera de la cuadra que parece cámara de seguridad contraataca así.,0,es,Colombian,twitter
Dejá de ser bochinchera GORDA FEA,1,es,Colombian,twitter
Desde acá huelo tu inseguridad gorda jajajajaj,1,es,Colombian,twitter
"La alianza fue para invadir Polonia y el trato era que los rusos se hicieran de la vista gorda y no intervinieran, hasta que hittler comete el error de violarlo y se le derrumbó el proyecto. Las alianzas no son lo el tema de discusión aquí, no venda humo.",0,es,Colombian,twitter
"Aparte de chismosa y venenosa, es bien fea y re obesa léase re gorda.",1,es,Colombian,twitter
Yina Calderón vuelve a irse contra Andrea Valdiri en redes: “Se ve gorda”,0,es,Colombian,twitter
Malparido como te atreves a mentirnos gorda,1,es,Colombian,twitter
"La gorda corrupta amiguita de sicarios,narcotraficantes y compradora de votos debe tener conocimiento de torcidos desde que dice eso. Da asco esta que tiene que trinar estupideces para comer",1,es,Colombian,twitter
Ese miedo de no gustarle a alguien que te gusta solo por estar gorda,0,es,Colombian,twitter
Porque la vieja que dice paren no paraba la rubia gorda al principio?,0,es,Colombian,twitter
No te ataques GORDA. Esta niña urgida por guevo.,1,es,Colombian,twitter
"Ya Catalina, ya fue suficiente.Mejor analiza todo lo que ha pasado que hasta la gorda Pao que montaste en la asamblea departamental, dejando tirada a Arabella con lo del concejo te está dando la espalda. Ya no hay huelga de hambre que levante esa candidatura.",0,es,Colombian,twitter
"amiga usted no está gorda, está llena de mierda",1,es,Colombian,twitter
"Mi gorda vaya a vivir a Bosa, suba o Soacha",0,es,Colombian,twitter
Y así me alcanza pa mandarte a pedir junto con tu mamá. Gorda hijueputa,1,es,Colombian,twitter
"No hay que hacernos lo de la vista gorda, hay que hacer presión no solo en Twitter si no personalmente.",0,es,Colombian,twitter
Ahh pero vaya dígale gorda a esta gorda malparida.,1,es,Colombian,twitter
"Esas personas que hacen comentarios hirientes diciendo ""estás más flaca"" o ""estás más gorda"", qué mierda? Sus comentarios no van a hacer que la flaca suba de peso, ni que la gorda baje, revisense.",0,es,Colombian,twitter
Está re gorda esta perra,1,es,Colombian,twitter
Invita una gorda para que se calmen las mareas bro,0,es,Colombian,twitter
Seguí chillando payaso hijo de puta,1,es,Colombian,twitter
"Prefiero q me llamen ""mujer interesada"" que ""puta barata""",0,es,Colombian,twitter
Viejo hijo de puta,1,es,Colombian,twitter
Y yo para que putas quiero ver la foto de la gente más grande en Instagram pa saber que solo quiero ver historias,0,es,Colombian,twitter
Otra hija de puta que trae veneno en su alma,1,es,Colombian,twitter
¿Disculpa? ¿De qué mierda estás hablando? Lo están acusando y difamando por una mierda bien seria y sin haber pruebas que es lo más grave y no se te ocurre otra respuesta que esa? Consigue una vida o sal de twitter de una puta vez. En serio.,0,es,Colombian,twitter
Andate a comer chontaduro descendido que se nota desde que aqui que no has tocado un balon en tu puta vida,1,es,Colombian,twitter
"El Tema de Rohan es el tema musical más Perfecto de la historia del cine, ni Adele con Skyfall y su Oscar podrá superar a HS y lo que hizo para el señor de los anillos. Como putas es el sonido del galope de los caballos? 🤯",0,es,Colombian,twitter
Mañosos abogados y este Hijo de Puta!,1,es,Colombian,twitter
eres una maldita puta,1,es,Colombian,twitter
Nooooo que puta mierda de árbitro.,0,es,Colombian,twitter
"Yo les rompo la cámara, hijos de puta que solo piensan en sacar la portadita, qué asco me dan",0,es,Colombian,twitter
Ya te largaste hijo de puta?,1,es,Colombian,twitter
Que puta mierda la gente incumplida.,0,es,Colombian,twitter
Genérica su madre que parió ese cerebro petrista,1,es,Colombian,twitter
Hoy nació la hija de una prima y mi mamá está loca de amor xq dice q se parece a mi abuela 🥹 siento q mi mamá pasará el resto de su vida tratando de encontrar algo de su madre en cualquier persona o lugar.,0,es,Colombian,twitter
A usted no la quiere ni su madre guaricha,1,es,Colombian,twitter
Esa encuesta de invamer no se la cree ni su MADRE.,0,es,Colombian,twitter
Que su madre haya parido una gonorrea como usted ¿otra respuesta?,1,es,Colombian,twitter
HP su madre petroñero resentido y cochino…,1,es,Colombian,twitter
"Profundo?; contundente?; ético?; Su madre, zombie hjueputa lamegüevas. Coprofilico; enamorado del Cacas.",1,es,Colombian,twitter
Que dice la corroncha de su madre,1,es,Colombian,twitter
Su madre existe?,1,es,Colombian,twitter
"El mismo cartelitole le hicieron ustedes a Claudia López, cínicos hp's, no respetan ni a su madre y piden respeto.",0,es,Colombian,twitter
"Varios capítulos difíciles ha tenido que afrontar Pedro Pallares a lo largo de su vida, pero gracias al apoyo incondicional de su madre tuvo un renacer que lo hizo creer nuevamente en Dios.",0,es,Colombian,twitter
"Parce eso que hizo Kanye West, la onomatopeya del sonido de los últimos latidos del corazón de su madre, usando su nombre Donda.... me hace tener que contener las lagrimas.",0,es,Colombian,twitter
"vaya charle con su madre, bobo HP ya se volvió igual de fastidioso que esos otros perros",1,es,Colombian,twitter
Su madre saldrá a la calle,0,es,Colombian,twitter
Un secreto a voces y a todas estas no le carga rencor a su madre que fue la que lo adoctrinó,1,es,Colombian,twitter
Guerrillera su madre que soltó tal peste por aquí,1,es,Colombian,twitter
"Fuera del tema del fetiche del OP, veo bastante tierno el que su hijo fácilmente recuerde a su madre, ya saben, lo de ""Saliste con la misma cara de"" demostrando el cariño que le tienen a dicho familiar",0,es,Colombian,twitter
Irá su madre porque el pueblo está en contra de él.,0,es,Colombian,twitter
"No importa si fue producto de una violación, si viene con malformación, si su madre no lo deseó o simplemente porque viene a cambiar un estilo de vida.",0,es,Colombian,twitter
Quiero de ti la sinceridad como de aquel niño que en el pecho de su Madre se queda dormido.,0,es,Colombian,twitter
Saldrá su madre..bruja hijueputa..,1,es,Colombian,twitter
"Patadas de ahogado, ése cuento no se lo cree ni su madre, fiscal corrupto y mafioso.",0,es,Colombian,twitter
malparida será su madre para criar escoria tan grande como usted,1,es,Colombian,twitter
Ud y su madre fanáticos hp,1,es,Colombian,twitter
Saldrá su madre vieja HP gurrupleta. Se le está acabando el 4de hora burra,1,es,Colombian,twitter
No demora y a Petro solo lo apoyará su madre.... Y tal vez salga a decir que no lo crío,0,es,Colombian,twitter
"Tras un incidente donde Lucho quiso defender a su hija, llega la policía y Gloria hace un acuerdo con su madre para que no lo denuncie, pero esto implica que se muden de casa otra vez. Además, ella descubre sus planes.",0,es,Colombian,twitter
Cuando se dará por enterado que a usted ni su madre lo quiere ??,1,es,Colombian,twitter
Su madre vieja care nalga,1,es,Colombian,twitter
Mediocre su madre ph,1,es,Colombian,twitter
Qué pesar de su madre por la descepcion tan grande que ha de tener.,1,es,Colombian,twitter
Marchará su madre guerrillo malparido,1,es,Colombian,twitter
"La jefe de gabinete es muy cercana a los uniformados. Egresada de la Universidad Militar Nueva Granada, su padre es un suboficial de la Fuerza Aérea y su madre actualmente trabaja en el Ministerio de Defensa.",0,es,Colombian,twitter
"Ironíco, incoherente y sin fundamento es militar el aborto estándo vivo. Teniendo en cuenta que su madre no los aborto y les dió vida…",0,es,Colombian,twitter
"Cuánta equivocacion de este mal llamado congresista,pero si no le han podido quitar su curul,pues en las próximas elecciones quien carajo va a votar por él ni su madre",0,es,Colombian,twitter
"Si, tienes razón parcialmente q deben renunciar esos hijos de su madre q pudrieron todo.",0,es,Colombian,twitter
"Este es el alimento que debes consumir frecuentemente.Porque sana el músculo,produce colágeno y regentes el tejido.Pídele a su madre q se las prepare acostumbrate a comer las,con regularidad.Haga caso y verás los resultados en el primer mes.Suerte crack",0,es,Colombian,twitter
"Fernando Álvarez. 19 años. Defensor central. Zurdo. Nació en New York, su padre es colombiano y su madre mexicana. Puede defender las tres banderas, pero se decidió por la Tricolor.",0,es,Colombian,twitter
"Vicky divina una periodista sin ideas, mediocre, carroñera.",1,es,Colombian,twitter
Sos una falsa mentirosa carroñera,1,es,Colombian,twitter
Tu pequeño cerebro de ave carroñera no te permite ser inteligente,1,es,Colombian,twitter
Petro despide de sus cargos a Laura Sanabria y a Armando Benedetti. Su guerra personal dio papaya a la derecha carroñera.,0,es,Colombian,twitter
Le piden demasiado a esta buitre carroñera,1,es,Colombian,twitter
"El tema es que ella nunca dice que la obligaron, ella accedió al procedimiento y una periodista carroñera hizo un banquete con eso.",0,es,Colombian,twitter
Están cancelando a una fan dizque por mentirosa y carroñera,0,es,Colombian,twitter
Hay algunos por aquí con una envidia carroñera oiga,0,es,Colombian,twitter
Ya estoy mamado de tus estupideces mamarracho inutil,1,es,Colombian,twitter
Algo más inútil que escribirme a messenger?,0,es,Colombian,twitter
Y este inútil ahora que va decir? Si se la anda chupando al jefe,1,es,Colombian,twitter
Atacar a ese señor es una ruindad inútil: lo protegen los dioses de Colombia y millones de colombianos que agradecemos su incansable trabajo por la paz del país.,0,es,Colombian,twitter
"El jibaro de Uber Beto Coral lamboneando para que le den migajas igual cumple con los requisitos de ser petriste Es decir, todo sabemos que coral es delincuente (estafando mujeres en ibague?) Y es un completo inútil sin educación Petriste perfecto",1,es,Colombian,twitter
Todo es inútil si no crees en ti mismo,0,es,Colombian,twitter
Tu comentario es lo más inutil que he leído en tantos años aquí … y eso ya es mucho decir,1,es,Colombian,twitter
"Pero y que prefiere? La guerra inútil que durante decadas no ha logrado acabarlos, o un acuerdo que ponga fin al conflicto de medio siglo?",0,es,Colombian,twitter
SOS UN INUTIL BUENO PARA NADA,1,es,Colombian,twitter
"Que ganas de usar a este inútil contenedor de semen, dejarla preñada incluso de tanta leche en su útero.",1,es,Colombian,twitter
"Esa tipa es una inútil e ignorante, una total desgracia.",1,es,Colombian,twitter
Inútil vos no haces un culo,1,es,Colombian,twitter
Hola amix para iniciar esta semana qué mejor que una encuestica inútil. Porfa participen y si quieren discutamos sobre este tema:,0,es,Colombian,twitter
No pues gracias pedazo de inútil. Te costó 6 meses hacer lo que yo hago cada semana.,1,es,Colombian,twitter
"En el trabajo me está entrenando un man que cuando nos quieres hacer examen con información que no vimos y le preguntamos o pedíamos que nos explique, el dice “ahí si no se” ah bueno GRACIAS POR NADA, inútil",0,es,Colombian,twitter
Siga de paseo bruja inútil!,1,es,Colombian,twitter
La riqueza efímera es inútil si la libertad se condiciona para siempre !,0,es,Colombian,twitter
"""Tu futuro depende de tus expectativas, de tus decisiones y de tus acciones. No lo llenes de negatividad inútil y pesada del pasado""",0,es,Colombian,twitter
Muy rico y todo salir a vacaciones pero me siento inútil si no tengo responsabilidades,0,es,Colombian,twitter
"No sé para qué tengo todavía Facebook. Este año no lo he revisado. Mis contactos importantes ya están en mi Whatsapp. Debería cerrar esa bazofia inútil llena de guarichos, gente de las cavernas y tías fanáticas de Piolín.",0,es,Colombian,twitter
"El inútil narciso, no sabes ni dónde estás parado",1,es,Colombian,twitter
"debe ser las misma encuestas que daban a Fico en 2 vuelta jajajaja Tenemos un hpta Fiscal inútil, incompetente todo un imbécil que no tiene méritos Educativos ni intelectuales para ser fiscal a durar penas pa tinterillo",0,es,Colombian,twitter
Sara vos sos muy inútil mk,1,es,Colombian,twitter
A Claro no se le viene en gana ir a la casa a desistalar un servicio inútil que colocaron hace 6 días que debo esperar pasándose por el culo las órdenes de la Corte Suprema donde las redes sociales son canales de servicio al cliente y por donde les digo que no deseo claro,0,es,Colombian,twitter
Vos SOS un FRACASADO BURRO CON CEDULA QUE HASTA EL CORRUPTO E INUTIL DE BOBOLFO TE DIO SOPA Y SECO INFELIZ.,1,es,Colombian,twitter
Su mamá una inútil que le quedó grande la crianza de un paquete que no tiene si quiera presente,1,es,Colombian,twitter
"Ese hpta no hizo nada desde el concejo, un completo inútil y por supuesto tampoco lo apoyaré.",0,es,Colombian,twitter
Se requiere con urgencia un fiscal ad hoc que reemplace a el inútil.,0,es,Colombian,twitter
"Ahí tienes una oportunidad para que hagas algún proyecto, menos tweeter y más trabajo aragan inútil de mierda",1,es,Colombian,twitter
Nicolás no te desgastas todo el día peleando? Ese inútil de Gómez solo ha vivido del nombre de la familia pero naaaah,0,es,Colombian,twitter
Tus palabras se las lleva el viento inútil mentiroso.,1,es,Colombian,twitter
"Que argumento tan estúpido tan inútil tan autista, vaya denuncie si quiere",1,es,Colombian,twitter
Queee va vieja mrk usted no es más que una inútil resentida,1,es,Colombian,twitter
Sos el mayor inútil y parásito de todos.,1,es,Colombian,twitter
"Otro baboso resentido, inútil. Mamerto bazuquero",1,es,Colombian,twitter
Lo admiro por su paciencia Dr Enrique tener que soportar durante un debate la BESTIALIDAD que brota por los poros del fulano Alejandro conocido en el pacto histérico como el inútil. Que no tenía votos ni para ganar una junta de vecinos.,0,es,Colombian,twitter
Cállese inútil,1,es,Colombian,twitter
Francia idiota Inútil,1,es,Colombian,twitter
"Total fracasado y dando consejos, sos un imbécil inútil.",1,es,Colombian,twitter
La abuelita 👵 fracasada que no supo hacer otra cosa q ser un parásito 🦠 del Estado y su paga con nuestros impuestos! VIEJA INÚTIL,1,es,Colombian,twitter
Samper desubicado lameculos: inutil,1,es,Colombian,twitter
"Obvio que ese viejo inútil lo iba a justificar igual q todos los del pacto del guerrillero, que esperaban?",1,es,Colombian,twitter
"En mi época te tocaba desde niño en casa hacer estas cosas, habían reglas. No podes criar un inútil !",0,es,Colombian,twitter
"Y aeste man los noticieros y medios fachos no le hacen publicidad , en los logros de 8 meses , en cambios al inútil de Iván le dieron un año de aprendizaje, periodismo prepago todo se lo callan , lo malo lo vuelven titulares de 8 días que asco",0,es,Colombian,twitter
Solo se perdio la vida de un delicuente inutil para la sociedad. no se ha perdido nada,0,es,Colombian,twitter
"Eres una empleada mediocre e inutil, lo mejor es que te pasemos la carta de despido",1,es,Colombian,twitter
"Por más evidencias que tenemos resulta imposible unir… trago, carros, tragedias y autoridad inútil.",0,es,Colombian,twitter
Y baja y baja el DESGOBIERNO del Guerrillero dictador Petro 🤮 INEPTO INCOMPETENTE INÚTIL,1,es,Colombian,twitter
Da rabia que con lo sucedido con Uribe y ahí se da cuenta los intereses asquerosos que hace Revista Semana no le saco portada y fue escaso lo mencionado! pero a la niñera con Laura Saravia de primer plano y generando nuevamente polarización y a una situación inútil es repugnante,0,es,Colombian,twitter
Yo había bloqueado a esta inútil que ha pasao?,1,es,Colombian,twitter
"vos que vas a saber de eso, vos sabes beber nada más , inútil parasito",1,es,Colombian,twitter
La izquierda inútil que sólo lleva al abismo y al deterioro de lo construido,0,es,Colombian,twitter
Se les infla el pecho cuando dicen que respetan la democracia. Que hpta carma estamos pagando con tanto funcionario inútil.,0,es,Colombian,twitter
"La Corte Suprema dejo claro que las redes sociales también son canales de atención y públicamente les digo NO DESEO SU ASQUEROSO SERVICO INÚTIL ya tienen mis datos por DM solo vayan y desinstalan no me llamen para algo que está claro, no deseo sus servicios ficticios.",0,es,Colombian,twitter
Pedí un carro y la criatura inútil le da por meterse a Siloé. ¿A SILOÉ? Vida setenta hijueputa.,0,es,Colombian,twitter
"Otro inútil, que quiere que le pongamos a su familia en escarnio público. Recojase MALPARIDO",1,es,Colombian,twitter
"Recuerdo que cuando empezó esta arma a salir en los medios, se le señala como propaganda que iba a ser inútil, que no iba a cambiar nada. Que viejos tiempos.",0,es,Colombian,twitter
"Deberían eliminar los preparatorios como requisito para graduarse. Es inútil, absurdo, solo es más dinero para las universidades. Ya con el Ecaes, y la prueba del Estado para otorgar tarjeta profesional es más que suficiente.",0,es,Colombian,twitter
"El fiscal de medio pelo Francisco Barbosa, no sólo protegió al inútil de Duque por sus nexos con el Ñeñe Hernández, protege al grupo paramilitar Clan del Golfo",0,es,Colombian,twitter
Pero fiscalía inútil.,0,es,Colombian,twitter
"tomas angel metió 2 goles por mi, ¿por qué? porque yo dije que era un inútil que no estaba haciendo nada y que estaba ahí por el papá, me cerró la boca y me sentó el hijueputa niño ese.",0,es,Colombian,twitter
Cuanto tiempo debe esperar el pueblo colombiano para que este inútil servil haga su trabajo,0,es,Colombian,twitter
nos tenés llevados del hpta gran pedazo de inútil!,1,es,Colombian,twitter
"El objetivo del político socialista es volverte bruto e inútil, de esa forma te harás totalmente dependiente del estado, en otras palabras, dependerás completamente de ellos.",0,es,Colombian,twitter
"Bobo malparido , tan viejo y creyendo lo de mancuso, es que no se ayudan estos hijos de puta",1,es,Colombian,twitter
Malparido loco…,1,es,Colombian,twitter
Inti debe soñar con uribe. Pobre cacorro resentido. Tremendo pedazo de malparido que no sabe como desviar la atencuon,1,es,Colombian,twitter
"Usted vaya y se toma sus pastillas para la estupidez, viejo malparido…",1,es,Colombian,twitter
"Y el malparido cambio, el petrismo el la peor que todos los gobiernos anteriores, los tienen en cuatro metiendoselas y aun defienden",0,es,Colombian,twitter
"De la misma manera que ustedes se echan un discurso de petro, hay que tener mucho para sentarse a oírlo",0,es,Colombian,twitter
Mucho malparido,1,es,Colombian,twitter
"""A mi me encanta el rosado"" A mí también hpta sapo malparido",1,es,Colombian,twitter
"Oye, que malparido calor.",0,es,Colombian,twitter
Peligrosa la leche cruda que pedías en las manifestaciones de buga malparido bobo,1,es,Colombian,twitter
Este malparido en que pais vive,1,es,Colombian,twitter
"Ve pedazo de hpta, es una vida, son vidas las que se salvan y eso importa y mucho en este gobierno o en cualquier otro, claro maricon como no sos vos el que está allá metido. Bobo hijueputa laboyano malparido",1,es,Colombian,twitter
malparido infiltrado a cuantos hizo matar?,1,es,Colombian,twitter
malparido almacenamiento,0,es,Colombian,twitter
Malparido y yo que? Yo te he retuitado!,0,es,Colombian,twitter
Guimaraes malparido por qué tiene que esperar tanto pa los cambios,0,es,Colombian,twitter
"Jajjaa perro asqueroso mentiroso, Malparido embaucador…",1,es,Colombian,twitter
Anciano de mierda. Váyase a dormir. Malparido,1,es,Colombian,twitter
"Ariel perro hp, malparido, estúpido carechimba, nombre de detergente hp.",1,es,Colombian,twitter
"Montero malparido, todo suyo ese gol",0,es,Colombian,twitter
"Hola pedazo de hijueputa, hampon indultado malparido espero que su sed de poder ya esté satisfecha y gonorrea le dijo imbecil que no ha existido un presidente tan inepto y desgraciado como usted.",1,es,Colombian,twitter
Cansado de este malparido,1,es,Colombian,twitter
"Marika yo no entiendo porque nos tocan árbitros tan gonorreas en estancias tan importantes, triple hijueputa sapa ese arbitraje tan malparido que chimbada, por eso es que nunca avanzamos, por arbitrajes tan malparidamente horribles",0,es,Colombian,twitter
Hasta que no saquen a todas esas ratas de la Federación nunca vamos a ganar nada. Comenzando por la convocatoria de ese hijueputa de ángel que solo le hace goles al Pereira. MALPARIDO MALO,0,es,Colombian,twitter
"Cómo siempre nos roban el partido, que arbitraje tan malo de ese Catarí, hay que invitarlo a conocer Colombia árbitro malparido",0,es,Colombian,twitter
este tipo es un sesenta hijueputa malparido treinta gonorrea huevon hijueputa,1,es,Colombian,twitter
"Este malparido deberia jubilarse ya, deja de joder.",1,es,Colombian,twitter
Ese malparido del hincha es el mismo que gritamos todos,0,es,Colombian,twitter
En este hpta congreso de mierda hay puros malparidos corruptos,0,es,Colombian,twitter
"Claro setenta hijueputa, cagarse en ""mi casa ya"" es culpa de las constructoras, malparido tan bruto.",1,es,Colombian,twitter
18 pesos??? De que Putas habla este imbécil? Nunca le tocó el dólar a más 4900??? Malparido estúpido!,1,es,Colombian,twitter
Porque usted es un malparido....le toca tapar día a día cagadas y más cagadas de su mierdero.,1,es,Colombian,twitter
"Usted gran malparido como no pudo acabar con el ejército cuando era terrorista guerrillero, lo está haciendo ahora poniéndolos indefensos como carne de cañón para que sus camaradas asesinos los masacren",1,es,Colombian,twitter
"Si algun dia me gano la lotaria, lo compartiria con el yoyo y camilo. Hubiera agregado a mi otro parcerito pero me bloqueo el gran malparido",0,es,Colombian,twitter
Ubiquen a este malparido y que se la entienda con un hombre pa darle en la cara..,1,es,Colombian,twitter
Qué amargue tan triple malparido😤😤,0,es,Colombian,twitter
"Este malparido solo le sirve de abogado a los torcidos y a los narcos. En lo legal, no sirve ni de tinterillo",1,es,Colombian,twitter
"Que intolerancia e ignorancia de ese señor. Ahí es donde la policía debiera actuar, donde están? Bolillo para ese malparido por abusivo",0,es,Colombian,twitter
Malparido pacto !!,0,es,Colombian,twitter
Callese viejo malparido.,1,es,Colombian,twitter
"ningún colombiano con tres dedos de frente apoyaría a semejante mamarracho malparido, Barbosa es el escudero del narcotráfico",0,es,Colombian,twitter
"Quien putas le cree a usted, bobo malparido",1,es,Colombian,twitter
"Esa viejita soy yo, siempre lo hago jajajajaja, en la cebra de los ejecutivos me vieras en la mitad impidiendo el paso; y hay que me diga algo algún malparido de esos.",0,es,Colombian,twitter
"Uno con la malparidez alborotada, y viene otro malparido a interrumpirme",0,es,Colombian,twitter
Pa fuera bolillo malparido,0,es,Colombian,twitter
"Miren a este tinterillo hijo de puta: fue su amiga, la Sarabia, en su afán de mostrar poder y recuperar algo robado, sometió a estas señoras, por orden de ella. No meta a la fiscalía. No sea sesgado, malparido, mala leche. ¡Cerdo asqueroso!",1,es,Colombian,twitter
De verdad que de alguna forma la vida nos debería quitar este karma tan malparido con usted,1,es,Colombian,twitter
"Vos sos un catrehijueputa miserable, si es por karma vos no estarías en este mundo desde hace rato malparido come mierda, me cago en la gente como vos.",1,es,Colombian,twitter
Y este malparido veneco ahí. Nojoda hasta cuando????,1,es,Colombian,twitter
Que tristeza que la gente no sepa respetar lo que es convivir en un hijueputa edificio Son las 11:41 pm y el 🐸🐶 hijueputa del malparido vecino moviendo la cama y dejando caer todas las rocas que tiene en ese tierrero de apartamento,0,es,Colombian,twitter
Ojalá me leas malparido seguí así y te daño la moto,1,es,Colombian,twitter
Horacio malparido quiere quedarse con Ana y Adelaida,0,es,Colombian,twitter
"Malparido hijo de puta, cuando te largás",1,es,Colombian,twitter
"todo es culpa de esaa hptas alcaldías caremonda que nunca se han preocupado por tener un espacio cultural que no pelee con esos mlp fifas de mrd que no le atinan ni a una, y se pelean por como putas debe ir el malparido setenta hpta metro imaginario",0,es,Colombian,twitter
"Que asco esa gente de mierda, uno intenta ser civilizado pero definitivamente hay cada malparido infeliz por ahí.",0,es,Colombian,twitter
Tengo un sapo malparido estrés,0,es,Colombian,twitter
"Para que te responda ""Tuya tu madre malparido""",0,es,Colombian,twitter
Quisiera estar caliente como estaba el bus en el malparido trancón de la cincunvalar,0,es,Colombian,twitter
Netflix malparido 😭,0,es,Colombian,twitter
No me vuelvo a subir en un malparido bus sin aire en esta monda,0,es,Colombian,twitter
"Fuera de chiste, que cagada que en este platanal no exista un malparido escenario para meter todos esos artistas (yo creo que la Taylor no vino porque acá los estadios son chiquitos) enserio la ciudad está perdiendo plata y turismo dejando escapar semejante oportunidad",0,es,Colombian,twitter
"Te vas a quedar con las ganas triple hpta el fiscal es el único q le hace peso a ese perro malparido de tu asesino presidente, jamás lo destituiran perro hpta guerrillero",1,es,Colombian,twitter
Que ud es otro mentiroso igual que el guerrillero malparido,1,es,Colombian,twitter
Malparido torcido hpta,1,es,Colombian,twitter
Y si Taylor no quiso venir a Colombia porque le ofrecieron el malparido parqueadero del Salitre Mágico?,0,es,Colombian,twitter
Que monda vienes hablar tu malparido si estás boleta en la autónoma que le caes a ese poco de pelaitas.,1,es,Colombian,twitter
Este es otro malparido vendido. Viejo cacreco miserable.,1,es,Colombian,twitter
hey no malparido pegate cuatro tiros,1,es,Colombian,twitter
"Y lo de no binario amigo zurdo malparido es que gracias a tu presidente me podré pensionar más joven, pero veo que sos solo petrista de twitter y ni sabes de qué te hablo!!!",1,es,Colombian,twitter
Más que renovación el POT debería dejar construir otro malparido estadio que sea grande y sirva pa todo,0,es,Colombian,twitter
Que ganas de pegarme un malparido tiro,0,es,Colombian,twitter
Perro malparido Quiera Dios Que a ningún familiar tuyo le de cáncer Gonorrea catrehijueputa,1,es,Colombian,twitter
"Mk a lo bien no me e sentido con tanto miedo por un malparido parcial, necesito ganar esa mierda",0,es,Colombian,twitter
"A este bobo malparido lo dejaron caer de pequeño, pobre retrasado",1,es,Colombian,twitter
malparido platanal,0,es,Colombian,twitter
El pirobo no le bastó joder a la familia dos veces va por la tercera me tenes mamada malparido.,0,es,Colombian,twitter
En realidad no se esforzaron en traer a Taylor a Colombia? MALDIGO LA HORA EN LA QUE NACÍ EN ESTE MALPARIDO PAÍS,0,es,Colombian,twitter
Mi objetivo ahora es disfrutar más de la comida y controlar este TCA tan malparido. Manden amor para esta nueva etapa en mi lucha con mi salud mental.,0,es,Colombian,twitter
"ADEMAS VA A TENER A SABRINA COMO TELONERA, NO PUEDO MAS CON ESTE SUFRIMIENTO MAMADA DE ESTE MALPARIDO MORIDERO",0,es,Colombian,twitter
las productoras de esta mierda de país no valen un malparido peso LOS ODIOOO malditos inservibles,0,es,Colombian,twitter
"NO se afane, lo malparido es de nacimiento y hasta que se muera",1,es,Colombian,twitter
"Espero que ese infeliz sufra más de lo que ese cachorro sufrió, por ser un malparido hijo de puta ojalá se vaya al mismo infierno 😡",0,es,Colombian,twitter
pedazo de Malparido cobarde. ¿Por qué borro el trino?,1,es,Colombian,twitter
"Llamar despectivamente ""sirvientas"" a las mujeres que laboran en servicios domésticos, cuidado de ancianos o niños, configura: ¿Discriminación o segregación? O simplemente quien lo dice es un malparido",0,es,Colombian,twitter
"Lo peor es que entra el otro malparido a hacer lo mismo, no tenemos delanteros",0,es,Colombian,twitter
"Bobo setenta hijueputa come mierda, arrodillado, pusilánime y faltó de huevos, me cago en vos malparido tonto.",1,es,Colombian,twitter
"Hola burra, ¿me puede explicar entonces qué quiso decir aquí? Quedo atento.",1,es,Colombian,twitter
"le estás pidiendo mucho a esta burra, a duras penas aprendió a leer.",1,es,Colombian,twitter
y los mama burra llorando por viera,0,es,Colombian,twitter
"Seria gracioso si fuera ""burra""..",0,es,Colombian,twitter
No sea burra señora que ya está bien vieja .,1,es,Colombian,twitter
"Por eso estas así, empezaste mal ese día en el parto de tu mamá, saliste burra y terminarás más burra, pero mucho más despreciada",1,es,Colombian,twitter
Que son estas extrañas ganas qué me dieron de hacercarme a la burra del vecino,0,es,Colombian,twitter
"Arre, arre, arre, arre, arre Caballo que más le trote, zi Caballo que más le trote, no Le mando, le mando, le mando a la burra",0,es,Colombian,twitter
Pobre burra con plata,1,es,Colombian,twitter
Quién va a encartarse con esta burra.,1,es,Colombian,twitter
"Me metí a los comentarios y demuestra lo burra que es la gente, muy faciles de manipular",0,es,Colombian,twitter
"Al parecer no le daba tanto asquito cuando me invitaba a salir, pero yo no le paraba bolas, como acabo de recordar y confirmar en el chat de WhatsApp. ¿Por qué me llamará siempre “burro” en vez de burra? No le gustará lo del lenguaje incluyente?",0,es,Colombian,twitter
"¡Vuelve la burra al trigo! La empresa donde trabajé, me dieron dólares en efectivo siempre que viajé, porque uno llega a otro país y cambiar moneda se hace con efectivo, preferible dólares. Viajar al exterior es distinto que hacerlo en bus, por el país, amplíe su mente, señor.",0,es,Colombian,twitter
total hermano..... La gente es muy burra.... Con tanto acceso a internet actualmente la gente ya no cree,0,es,Colombian,twitter
"cállate maldita taennie asquerosa, tonta, idiota, imbecil, anormal, estupida, enferma sin cerebro, inepta, pendeja, burra, mensa, retrasada, lerda, ignorante, pedazo de mierda, miserable, decepción de tus padres, bruta huevona, analfabeta, babosa",1,es,Colombian,twitter
"La pobre facha que sueña con reemplazarlo, jajajaja, burra.",1,es,Colombian,twitter
Por favor....callen a esta burra.,1,es,Colombian,twitter
La cerebro de pollo admirando la burra..🤣 Esa fama que tiene de bruta quedó ratificada.,1,es,Colombian,twitter
En pocas palabras esta burra no fue a la escuela,1,es,Colombian,twitter
"Vendiendo humo, el dólar está caro, la inflación disparada y ustedes son unos incapaces que no sacan una burra de un pantano.…",0,es,Colombian,twitter
Entro y pummmmmmm veo q están pidiendo a Gareca 🤦🏻‍♂️ otro ídolo para q la burra menta tóxica lo vuelva mierda.,0,es,Colombian,twitter
"Vieja asquerosa y podrida, incendiaria, soba sacos y lame culos… para hacer lo que hace es porque su vida es una auténtica mierda… burra de arrastre",1,es,Colombian,twitter
"Para nada, que se devuelva para su país o si no, que siga comiendo burra!",0,es,Colombian,twitter
"toda la izquuerda dura, pura, burra, recalcitrante. reunida en un solo sitio, ah y hay terremotos en haití.??",0,es,Colombian,twitter
La cara de una chirrete pasada de dosis,1,es,Colombian,twitter
La única chuzada es la de su brazo de la heroína que se mete usted ! CHIRRETE,1,es,Colombian,twitter
La que yo conozco y anda con un chirrete como esposo??,0,es,Colombian,twitter
"Que paso con un caricaturista chirrete que golpea mujeres, dónde estara",0,es,Colombian,twitter
"Esa cara de chirrete, y fijo es bandido como todo petrista. A una chucha así seguro se le cambian de andén. Ya veo porque es resentido y acomplejado.",1,es,Colombian,twitter
Pareces puro chirrete del distrito de aguablanca,1,es,Colombian,twitter
Ni en los peores tiempos de chirrete,0,es,Colombian,twitter
Pinta de chirrete no tiene!!!,0,es,Colombian,twitter
JAJA va uno a ver y se entera que dejaron al man bien por el chirrete que les da maltrato,0,es,Colombian,twitter
Jajajajaja este chirrete hasta oírlo hablar nos dice que es un ignorante y posible consumidor de harina de esa blanca,1,es,Colombian,twitter
Este chirrete no tiene arreglo,1,es,Colombian,twitter
Usted lo que es un pobre bandido con cara de chirrete,1,es,Colombian,twitter
Disque mucha cara de chirrete jaja ojala me hubieran conocido cuando si lo era jaja palabras sobran de ahí pa arriba,0,es,Colombian,twitter
Fastidioso...Este man es un chirrete y huele a orines y sacol,1,es,Colombian,twitter
"la plena me sale equipo de fútbol con todo y suplentes, muchos chirrete lo que son mis panas",0,es,Colombian,twitter
busco 11 amigos de diferentes signos para ir a meter vicio hoy y ser los chirretes del zodiaco,0,es,Colombian,twitter
"Nadie merece irse del país, ni un campesino, ni un fascista, ni un chirrete.",0,es,Colombian,twitter
"Amigo es el pegante que se mete este hpta, este chirrete antes habla.",1,es,Colombian,twitter
Un día de estos este chirrete con suerte se le desbloquea el cerebro de tanto pagante que le metio,1,es,Colombian,twitter
"El día que la desenmascarando, que desde su vida capitalista tiene engañada a toda esa izquierda que la percibe pobre escribiendo desde un viejo computador. A enredar al duende que cuento tan chirrete!!!",0,es,Colombian,twitter
"Forma tierna de decir, no sea tan chirrete pana!",0,es,Colombian,twitter
Bobo ? Rebobo este chirrete,1,es,Colombian,twitter
"chirrete!!! Pelmazo, nadie te soporta!!",1,es,Colombian,twitter
De dónde salió este chirrete malparido 🤡🤡💩💩,1,es,Colombian,twitter
"No hay cosa más desagradable que escuchar hablar ese chirrete , ahora en televisión cada momento, propaganda de está cosa , Que pereza .",0,es,Colombian,twitter
"Que interesante propuesta , nececitamos muchas más de estas , chirrete de mierda ignorante no sabes que decir , es tu único discurso",1,es,Colombian,twitter
"Necesario, no podemos llevar a la presidencia un chirrete,alcohólico o con cualquier adicción degenerativa ni inmoral",0,es,Colombian,twitter
"Hacé años no escucho esta basura de emisora y por ende esos chirretes, 50 años hablando",0,es,Colombian,twitter
Hay que ser muy pendejo para creer que Semana no es capaz de manipular lo que sea para hacer el mayor daño posible a Petro.,0,es,Colombian,twitter
"Este negro de mierda, si se la pasa chillando, pendejo.",1,es,Colombian,twitter
"O sea este es de los pendejos que llora cuando alguien dice ""monas chinas"" porque el anime es japonés, no chino. Así de imbécil es",1,es,Colombian,twitter
Jajajaja Pobre PENDEJO. Siga llorando,1,es,Colombian,twitter
"Ome, a lo bien que la Juco tiene puro pendejo posando de 'interprete de las aspiraciones de las masas'. Ahora resulta que si la gente pelea con un horizonte más allá de este gobierno entonces 'le hace el trabajo a la derecha'. Se forman políticamente con la revista Semana.",0,es,Colombian,twitter
"Otra vez ese duelo pendejo de marchas. Trabajen más bien políticos de mierda, dejen de usar al pueblo como títeres.",0,es,Colombian,twitter
El que crea que Santos fue el mejor es un pendejo,0,es,Colombian,twitter
IMPRESENTABLE es que un medio de comunicación se arrodille al paramilitarismo y ahora te hagas el pendejo como sino fuera contigo,0,es,Colombian,twitter
pendejo útil use el cerebro alguna vez en su vida,1,es,Colombian,twitter
si sos mucho Bobo pendejo,1,es,Colombian,twitter
Traicionas al pueblo por intereses particulares además de pendejo Traidor,1,es,Colombian,twitter
PENDEJO PENDEJO PENDEJO,1,es,Colombian,twitter
"Termine la saga de Moro, me encanto pese a sus defectos. Pero lo mas pendejo fue ver a Goku darle las semillas del ermitaño a Moro (la misma estupidez que hizo con Cell), y tambien revivir a Merus por una justificación bien conveniente.",0,es,Colombian,twitter
Bobo pendejo se va a Autocombatir.,1,es,Colombian,twitter
Y este pendejo en que mundo vive,1,es,Colombian,twitter
"Ya pareces mi papá a cada rato prometiendo cosas que ni va a cumplir, viejo pendejo",1,es,Colombian,twitter
Eso es enfermo pendejo,1,es,Colombian,twitter
"Libertad en Colombia, dice este gran pendejo.",1,es,Colombian,twitter
"Ese es tu problema, yo no ando diciendo si un anime es basura o no, ví capítulos de ese pendejo reencarnado y es aburrida, Kimetsu le vuela mil patadas en la raja a un anime lamentable que sí no me equivoco también tiene novelas ligeras deplorables",0,es,Colombian,twitter
Una cosa es ser paciente y otra es ser pendejo,0,es,Colombian,twitter
"Ojala tuviera un modo inteligente, pero lo mio es ser bien pendejo",0,es,Colombian,twitter
"Venga alvarito, deje de creer que todo el mundo es pendejo, en el pasado le cerraron las puertas a la fiscal de la cpi pero hoy ellos están aquí y saben muy bien que paso en Colombia, tiemble infeliz",0,es,Colombian,twitter
"Jueputa, lo que más me saca la piedra es que todos los días le dan papaya a este pendejo para que se luzca.",1,es,Colombian,twitter
Ahí le hablan pendejo!,1,es,Colombian,twitter
Más pendejo es usted que le cree a petro 🤣,1,es,Colombian,twitter
Papi ¿que pasó aquí? ¿Cuánto le pasaron para que eliminara el tuit y se hiciera el marica? Si lo están amenazando hable pendejo,1,es,Colombian,twitter
Qué pendejo cambia un rolex por un reloj normal?,0,es,Colombian,twitter
me parece muy bien responderle a alguien que solo insulta a lo pendejo,0,es,Colombian,twitter
No falta el pendejo que se crea está noticia FAKE,0,es,Colombian,twitter
"Y es que no mas con el encabezado de su Twitter, uno se da cuenta de lo pendejo que es...Jajajaja. Zooquete.",1,es,Colombian,twitter
Ya escuchó estos audios? Gran pendejo…,1,es,Colombian,twitter
Hacete el pendejo no más,1,es,Colombian,twitter
Ud cómo es pendejo ahora hablando de estadística?,1,es,Colombian,twitter
"Una vez creí que una fuente hacia milagros y después me di cuenta que es falso y la gente malgastaba su plata por un simple deseo y eso ni pasó, hasta pedí que me dieran plata y luego me quedé como payaso a lo pendejo",0,es,Colombian,twitter
"Yo soy el pendejo que dice cosas todas idiotas (obviamente) y pues aveces si se cagan de la risa, pero no sé si el chistoso atrae a viejas porque por ahora ninguna se me acerca",0,es,Colombian,twitter
pobre hijueputa se tiene fe este pendejo,1,es,Colombian,twitter
resulta que el pendejo este es un enfermo,1,es,Colombian,twitter
"Obvio Petro se va a lavar las manos con lo de Benedetti, ni pendejo que fuera. Se la ha pasado así desde que empezó su gobierno.",0,es,Colombian,twitter
"Se me jodió el internet (no puedo jugar Warzone) no tengo sueño, ayuden con este jueguito pendejo jajajaja.",0,es,Colombian,twitter
Al menos no eres el pendejo que lo juega en celular.,0,es,Colombian,twitter
"Según este era el presidente , realmente ustedes creen que el pueblo, el verdadero pueblo, es pendejo? Jamás han tenido popularidad para ustedes los medios de comunicación al servicio corruptos, y mucho menos para los políticos que les pagan a ustedes, no somos IMBÉCILES",0,es,Colombian,twitter
Cuando a veces te sientas pendejo recuerda que hay gente asi.,0,es,Colombian,twitter
"Esa fue la que me pasó Ah y porque me quejé en Twitter Lo peor es que algún sapo envío todo eso, y yo sin mencionar nombres ni nada Ah sí, yo por pendejo, ansioso y nervioso no tomé acciones legales",0,es,Colombian,twitter
El viejito pendejo se metió a guionista de El Caballero de los 7 Reinos para poder estar en huelga. Así se va a demorar más en sacar vientos de invierno.,0,es,Colombian,twitter
Este man si es de lo más bocón,1,es,Colombian,twitter
"Finalmente aquí el que está pasando de lo lindo es Ricky, porque es mal líder, mal compañero, bocon y no es que sea la eminencia en pruebas pero como lambonea a todos sigue ahí, el peor.",0,es,Colombian,twitter
"No jodás!! Drogadicto y borracho. Ud. mismo Benedetti es quien se ha desprestigiado!!! Ambicioso, intolerante, bocón, bufón, engreído, flojo, un payaso!!",1,es,Colombian,twitter
Cómo le cambió el tono desde hoy al cobarde bocón! PUSILÁNIME LAVA PERROS DE TRAQUETOS!!,1,es,Colombian,twitter
Éste Guerrillero no ha dejado d ser el Bocon y Sicario Moral de Siempre.,1,es,Colombian,twitter
"¿Por qué dicen que Gamma está obsesionada con Byron? Desde antes de salir que dijó que el chaleco iba para Kaboom yo también estoy ofendida, Sería feliz si volviera a salir por bocón",0,es,Colombian,twitter
La diferencia entre el bocón y el callado,0,es,Colombian,twitter
Ahora al payaso 🤡 este tiene restringido qué en le responde los tuit 🤔 todo bocón es payaso,1,es,Colombian,twitter
Para muestra un bocón!!,1,es,Colombian,twitter
"Tras de cínico, bocón!!!",1,es,Colombian,twitter
amigo tu saliste un poco bocon,1,es,Colombian,twitter
"El que echa gente por que si y por que no, para después andar de bocon diciendo que genera empleo y hay mil vacantes disponibles",0,es,Colombian,twitter
"Malparido bocón ambicioso, borracho de mierda, la esperanza de la gente pobre de este país en peligro porque el HP se emborracho y le dio una pataleta",1,es,Colombian,twitter
"Bocón de mierda, todo un proyecto político en riesgo porque al HP le dió la pataleta por puestos y contratos? Malparido mañoso, torcido.",1,es,Colombian,twitter
"JAJAJAJAJAJA att: el cocalero de Gacha en Madrid jajaja de casualidad llevaste a tu madre a prostituirse también? y en inglés también te puedo enseñar a escribir malparido rolo arrastrado jajajajaja vaya y se acuesta en su banca de ciudad bolivar, bocón de mierda de equipo chico.",1,es,Colombian,twitter
"Cállese payaso bobo hijueputa, populista que coquetea con el fascismo y el paramilitarismo, necesitamos alguien de derecha pero de verdad, no un pelele bocón y arribista como vos.",1,es,Colombian,twitter
"Payaso, bocón e inepto.",1,es,Colombian,twitter
como me gustaria encontrarme a este bocon en la calle ajajajaj,1,es,Colombian,twitter
"Se dice en los sótanos del infierno que, luego de la esperada y más que justa sanción al anciano ladrón y bocón que nos querían poner como presidente, en los próximos días podría venir otra justa decisión",0,es,Colombian,twitter
"JAJAJA lo que tiene es hambre este hijueputa desnutrido JAJAJAJAJAJA si está en las últimas pida trabajo si quiere yo le doy mijo, en vez de estar todo bocón y malparido dándose las de adinerado cuando no tenes NADA",1,es,Colombian,twitter
"El que se comió el cuento de que tiene alguna credibilidad y nos tiene tramados con su ingenio e inteligencia es el propio fiscal paseador, bocón y derrochador. Debería preocuparse más por dar resultados contra la corrupción en vez de erigirse en defensor gratuito del genocida.",0,es,Colombian,twitter
Imagino que jack black hará de Bocón,0,es,Colombian,twitter
"Cuál de cristal cacorro bocón, si hablas mierda que querés que te digan pues, paginita hpta esta.",1,es,Colombian,twitter
Que le pongan su tatequieto por Bocón !!,0,es,Colombian,twitter
Por bocón. Es que los Matan.,1,es,Colombian,twitter
Para q sigas de bocón y de sapo. Deje de meterse en lo q no le importa,1,es,Colombian,twitter
"Cojale dobladillo a esa lengua, bocona",1,es,Colombian,twitter
inescrupuloso Bocón catrehpta… asqueroso,1,es,Colombian,twitter
"Dímelo a mi que tw saca mi lado más peleón y bocon por política, pero fiel creyente y si me nace hablar de Dios lo haré, y también pelearé (y me equivocare), porque un creyente no es mejor que nadie, somos los más defectuosos pero recibimos a Jesús y vamos trabajando internamente",0,es,Colombian,twitter
Pingo y a el otro hijo de ese Viejo HP le metieron un coñazo ni el más HP por bocón y mal hablado acá en Bucaramanga cuando le digerían por que habían regalado a el país le quedó el ojo apagado completamente,0,es,Colombian,twitter
Cobarde y bocon hijo de puta.,1,es,Colombian,twitter
"Públicamente el fiscalete Barbosa promueve la insubordinación de la policia para lo que constituye una ruptura del estado de derecho mediante un golpe no blando, sino clásico. A este bocón subversivo ¿quién lo ronda? ¿Las cortes tienen algo que decir al respecto?",0,es,Colombian,twitter
"Por estas cosas es que prefiero que no venga ni Gareca ni falcioni ni ningún otro, el hincha es bocón y cambiante, ni con Ramos metimos más de 6 mil abonos, y ni contar que el primer partido de polilla solo fueron 10 mil personas. Déjenlo quieto por allá.",0,es,Colombian,twitter
"A parte se ser disléxico, ciego, tonto, reprimido, bocón, el aborigen ruso, 😂😂 si por el fuera se lavaba con cloro para que le aclare la piel",1,es,Colombian,twitter
El presidente petro debe actuar de inmediato debe denunciar a Benedetti y q pruebe si es verdad lo q dice sino q pague por bocón y por cierto investigar quién le mando esos audios a esta coacla de chismes si fue el mismo Benedetti o fueron chuzados,0,es,Colombian,twitter
"Yo me conozco mucho al hincha, y estoy seguro, pero segurísimo que si Guimaraes en finales pone al segundo portero, acá lo estaban destruyendo. El hincha no es sino bocón.",0,es,Colombian,twitter
"Fuera de recocha, ahí sacrifico al doctor Navia, hay que dejar de ser bocón.",0,es,Colombian,twitter
Buen jugador no todos llegan a su edad jugando a buen nivel pero muy bocon,0,es,Colombian,twitter
Frank si yo te viera en la calle también me darían ganas de voltearte ese máscadero por bocón!,1,es,Colombian,twitter
Si según usted eso es ser bocón la verdad estás demasiado mal,0,es,Colombian,twitter
"Y por eso le respondi d esa forma, el fanatismo politico lo lleva a ser Bocon y valiente atras de una pantalla",0,es,Colombian,twitter
Yo dejaría la nómina cómo está. Me traigo un arquero de categoría y un central argentino bien bocón,0,es,Colombian,twitter
Asprilla depronto el pibe no es sino bocón porque bastante cagón si fue el tipo…,0,es,Colombian,twitter
"Lo único malo es ese Montero Malo, re MALO Se volvió igual de bocón al arquero argentino... Y tapa más una tanga",0,es,Colombian,twitter
"Por otro lado, cuando asuman que Nacional robó a millonarios en la libertadores del 89 ahí hablamos de quién es más bocón.",0,es,Colombian,twitter
No entiendo que tiene de bocón decir que es la segunda casa ? Lo es por que es donde más hinchas de america hay después de Cali en verdad no entiendo que tiene de bocón,0,es,Colombian,twitter
"Y éste se está convirtiendo, tiene el brazo deforme.",1,es,Colombian,twitter
no se como hay gente que le puede parecer linda esta deforme,1,es,Colombian,twitter
"""Jamás tendré un hijo, y tú lo sabes! Nunca seré una gorda deforme, NUN CAA!!""",0,es,Colombian,twitter
Se operan la nariz y les queda deforme. Ufff.,0,es,Colombian,twitter
Puro bobito defienden al deforme este jajaha,1,es,Colombian,twitter
estoy deforme 🥺🥺🤣🤣🤣 yo si decía que algo no andaba bien en mi jaja,0,es,Colombian,twitter
asco tu culo deforme,1,es,Colombian,twitter
Pues a mi esta deforme me da náuseas,1,es,Colombian,twitter
"Hey anciano deforme, calcreco, , es mejor no rezar y ser lo que somos , a estar en una catedral dando órdenes de homicidio, desplazamiento y masacres, y eso es usted y el oligarquiamo del cd,",1,es,Colombian,twitter
Sos una deforme en todo sentido.,1,es,Colombian,twitter
"Ahora estoy deforme 🥺🥺🥺, no pos los ánimos al leer esto jajaja 😂😂😂, ando bastante deforme últimamente",0,es,Colombian,twitter
El mundo patas arriba. Esta drogadicta hablando de alcoholismo Y la deforme hablando de belleza.,1,es,Colombian,twitter
"Aparte que la palabra que utilizas ""deforme"" solo demuestra que estás muy resentida, inconforme contigo misma y que en algún momento te la han dicho y te hicieron lo que describes. Hay que sanar las heridas para no ir regando veneno en los otros.",0,es,Colombian,twitter
Tengo la cabeza deforme del golpe tan sapo duro que me pegué hoy jajaja,0,es,Colombian,twitter
Dios mío mi conducto auditivo es deforme o q es lo q pasa??? No se me sostienen los hptas audífonos que catastrofeeee,0,es,Colombian,twitter
"No deforme la realidad, no hay un solo economista serio que no lo desmienta a ud.",0,es,Colombian,twitter
Dios que cosas el tiene cara deforme,1,es,Colombian,twitter
Usted no es más down porque la cara no es más deforme.,1,es,Colombian,twitter
El príncipe casi se casaba con otra por “compromiso porque la ayudó” y eso que ya primero había conocido a Ariel y casi se besaban . Q tal q la mujer q la ayudo fuese una deforme y no una bonita pelinegra ? Se hubiese casado? Naaa,0,es,Colombian,twitter
"Tarde te amé mi Dios, hermosura tan antigua y tan nueva, tarde te amé! y tú estabas dentro de mí y yo afuera, y así por de fuera te buscaba; y, deforme como era, me lanzaba sobre estas cosas que tú creaste",0,es,Colombian,twitter
Alguien que vaya a ver al deforme..no se le haya torcido el otro lado de la cara del coraje !!,1,es,Colombian,twitter
"jajajaj...pobre deforme,ya no sabe qué hacer",1,es,Colombian,twitter
Jajaja vali madres con lo de la Inteligencia Artificial 😂 o así de deforme estoy ?,0,es,Colombian,twitter
existen algunas personas con el alma bien deforme,0,es,Colombian,twitter
"Bruja, corrupta, atolondrada y mitómana. Cortinas con Ud? Si lo suyo es un libro abierto o mejor prontuario abierto. Una transparente y eterna tragedia Familiar . Corra que se les acaba la Fiscalia portátil ! A trinar a la Belle Italia!!",1,es,Colombian,twitter
Bruja mafiosa y carroñera...tiene pruebas o tambien esta drogada... como ya casi no la pueden sacar se la esta consumiendo para no perderla,1,es,Colombian,twitter
La bruja esta mejor que siga volando y alto para que no se estrelle con la realidad,1,es,Colombian,twitter
Reséntida atrevida rastrera y cobarde que poca cosa es esta bruja tan despreciable,1,es,Colombian,twitter
"Esta bruja asquerosa hablando de vergüenza! Debería darle pena! Compradora de votos, despojadora de tierras y aliada del paramilitarismo! Basura humana!!",1,es,Colombian,twitter
Laura pasó de bruja negrera a princesa guerrera en ocho días. Armando ahora pasará de machista misogeno a alcohólico en rehabilitación.,0,es,Colombian,twitter
"Si linda jejejeje, parece que soy bruja",0,es,Colombian,twitter
"Parece ""chupado e bruja"", es decir equímosis espontáneas",0,es,Colombian,twitter
Ahora sí somos amigos!! Vieja bruja,1,es,Colombian,twitter
A llorar Bruja CINICA!,1,es,Colombian,twitter
¡Bruja!,1,es,Colombian,twitter
"En ud nadie confía , vieja bruja!!!",1,es,Colombian,twitter
jajajaja una escoba más bien para esta bruja,1,es,Colombian,twitter
"Uy, está acusando a la honorable senadora de bruja? Ojo que por menos han desaparecido gente en este país. Mucho más ellos.",0,es,Colombian,twitter
Soy un poquito bruja con mis sueños 💙,0,es,Colombian,twitter
"Desde hoy te llamaré, Bruja,… por qué eso es lo que reflejas.",1,es,Colombian,twitter
Con esa invitación me acordé de la bruja de Hansel y Gretel…,0,es,Colombian,twitter
Cada día das mas lastima bruja,1,es,Colombian,twitter
Shakira cuídate de la bruja de madre de piqué cuida a tu hijos de esa vieja,0,es,Colombian,twitter
"Está bruja cizañera,mala leche,vaya y trabaje,haga algo productivo,",1,es,Colombian,twitter
Cara de bruja,1,es,Colombian,twitter
Si lo dice la bruja trepadora,1,es,Colombian,twitter
Que me lleve la bruja️ que tengas una excelente noche hermosa mujer,0,es,Colombian,twitter
Que porque se molestaba si solo le había dicho bruja. Pues para el momento si le resultaba ofensiva la comparación. Hoy en día para un porcentaje de la población femenina hasta es un halago ser llamadas brujas. Incluyéndome !,0,es,Colombian,twitter
"Por ejemplo: cuando yo era niña, le dije a una vecina bruja. Yo lo dije porque en realidad su cara tenía el aspecto de las personas que nos pintaron en esa época como brujas, lo hice en medio de la inocencia, la sra se ofendió, se quejó con mi mamá",0,es,Colombian,twitter
"Fruko y sus Tesos fueron pioneros en la difusión de la salsa colombiana. En 1970 lanzaron su primer disco llamado ""Tesura"" donde presentaron canciones como 'El vidriero', 'El brujo y la bruja', entre otras.",0,es,Colombian,twitter
Cállese bruja lesbiana!!!,1,es,Colombian,twitter
Bruja soy,0,es,Colombian,twitter
Yo no disculpo a esta bruja hedionda!,1,es,Colombian,twitter
"esta es una bruja asquerosa, en todo caso, ella tiene más ‘pinta’ de sirvienta!",1,es,Colombian,twitter
"venerea, bruja apestosa y mafiosa.",1,es,Colombian,twitter
"Ves, mi instinto de bruja no fallaba cuando te decía que había algo que no me cuadraba jajajajaja",0,es,Colombian,twitter
"también empeoró en 1er, 2do 3er y 4to trimestres 2022 y empeorará en los 2do, 3er y 4to de 2023. En donde está la noticia?No hay que ser egresado de harvard university ni consultar a una bruja para saber como seguirá la economia mientras el petardo capo de Maduro este en el poder",0,es,Colombian,twitter
lo debieron vender cuando llego la oferta del bruja de Belgica pero en fin esto se veia venir,0,es,Colombian,twitter
"Elisa Donovan es la actriz pelirroja que sale en Sabrina, la bruja adolescente y en Clueless.",0,es,Colombian,twitter
agradézcanme por manifestar porque llevo año y medio avisándoles que iban a venir este año. ya solo falta que se me cumpla el de shakira y me gradúo de bruja,0,es,Colombian,twitter
"Si es bruja deme los números del Baloto ;) me tiene sin cuidado si me cree o no, yo sigo con mi conciencia tranquila de haber votado a conciencia",0,es,Colombian,twitter
"Así es Colombia es muy corrupto, feliz cumple la bruja te ves muy bien y muy bella :)",0,es,Colombian,twitter
"No teníamos una película con nombre tan largo desde Las crónicas de Narnia: el león, la bruja y el ropero.",0,es,Colombian,twitter
"bruja con diarrea, cada vez que te leo me dan ganas de vomitar",1,es,Colombian,twitter
"Trato de no creer en mala suerte, destino o esas cosas que lo predisponen a uno o ilusionan falsamente. Creo que todo funciona aleatoriamente y ya, pero uff! Hay temporadas en las que me pasa tanto que si creo que un día me bañaron en una tina de sal mientras una bruja me orinaba",0,es,Colombian,twitter
"No puede ser que la vicky sea géminis igual que yo, maldita bruja.",1,es,Colombian,twitter
La princesa de las almas está inspirada en la historia de Rapunzel…con un nuevo giro: una bruja adolescente es entrenada para robar almas y entregárselas a un rey inmorta,0,es,Colombian,twitter
"Pobre bruja la única neurona que tiene no le da para entender que, él socio de Pablo Escobar es el que le da BAZUCO para que trine en su defensa",1,es,Colombian,twitter
Usted cállese mamarracho HPTA que también le llegará la hora!,1,es,Colombian,twitter
"Esta negra da es risa, ignorante mamarracho",1,es,Colombian,twitter
Este mamarracho en 6 meses de gorra del erario público cuántas cirugías lleva ya?,1,es,Colombian,twitter
"increíble cómo se desplomó el dólar el día de hoy, la incertidumbre desploma la bolsa. Cuánta plata está perdiendo la gente, por culpa de este mamarracho de presidente.",0,es,Colombian,twitter
"Jajajaja ,Hijueputa estafador dando explicaciones tontas, sea serio mamarracho!!",1,es,Colombian,twitter
También tiene la misma afición por el perico . Solo eso explica su delirante defensa al mamarracho presidente.,1,es,Colombian,twitter
Que no quiero borrachos Ni locos de atar Ningún mamarracho Que me haga llorar,0,es,Colombian,twitter
Y un delincuente que incendio un país quemo policías intrumentalizo muchachos para ser delincuentes SII eres un mamarracho aguevado,1,es,Colombian,twitter
si quiere ser profesor solo tiene que saber que bogota es la capital de Colombia y muchas ganas y listo por eso estamos jodidos cualquier mamarracho cree que sabe más que el que ha estudiado juiciosamente,0,es,Colombian,twitter
Si lo dice esta aguevada así debe ser si quiere ser profesor solo tiene que saber que bogota es la capital de Colombia y muchas ganas y listo por eso estamos jodidos cualquier mamarracho cree que sabe más que el que ha estudiado juiciosamente petroburraaa,1,es,Colombian,twitter
Que desgracia la vida de este mamarracho. Jajajajaja compreses una vida y deje de prostituirse como su mamá jajaj,1,es,Colombian,twitter
"Como dije ayer: la narrativa de ese canal es hacerse el mártir, pero al final son un mamarracho impresentable.",0,es,Colombian,twitter
"Salir a la calle y ver a todos lindos y uno sentirse como un mamarracho es algo que uno enfrenta en la maternidad, pero que cosa tan dura",0,es,Colombian,twitter
"Tarado tan grande, eso pasa cuando te reproduces con tu prima, qué dolor que este mamarracho sea congresista",1,es,Colombian,twitter
"Se dice ""interceptación ilegal"". Chuzadas son las que le pegan a usted mamarracho desteñido. 🤡",1,es,Colombian,twitter
"Hace todo mal santafe Méndez es un mamarracho, cada decisión que toma es peor que la anterior...",0,es,Colombian,twitter
"Ese era el impresentable que casi nos meten como presidente, menos mal que semejante mamarracho, que no solo apoyaron los uribistas, también los tibios, no ganó.",0,es,Colombian,twitter
"Millonarios jugando contra América y los payasos del VAR y en contra del mamarracho de árbitro que nos tocó, si sacamos un empate, nos damos por bien servidos.",0,es,Colombian,twitter
NO a la actual reforma a la salud. Lo dicen casi de manera unánime los colombianos. Solo los fanáticos del petrismo insisten en el mamarracho estatizante que nos quieren imponer.,0,es,Colombian,twitter
silenciado por mamarracho,1,es,Colombian,twitter
hahaha disque católico el mamarracho este. Seguramente violá niños o algo así.,1,es,Colombian,twitter
Uno pudo pensar que Petro era más inteligente pero lastimosamente se ha empeñado en subirle la espuma al mamarracho que es Barbosa!,0,es,Colombian,twitter
Pobre aquel mamarracho que viva feliz con los trancones de Bogotá,0,es,Colombian,twitter
Jajajaja este inútil guerrillero y mitomano le gusta que trapeen el piso con sus cuatro pelos. Espero la respuesta de Santiago Abascal a este mamarracho cachon.,1,es,Colombian,twitter
Ese mamarracho de presidente es un burro Ladron hasta el grado se robó por que es bien bruto,1,es,Colombian,twitter
Cero gracioso. Horroroso que los servicios médicos se presten para esas payasadas mientras hay gente de verdad que muere esperando una verraca ambulancia. Me extrañaría 0 que haya sido autorizado por el mamarracho que maneje eso,0,es,Colombian,twitter
"Semejante gamin este mamarracho de Avila, un hablamierda engaña bobos",1,es,Colombian,twitter
"De verdad alguien con sus cabales en su lugar, toma de referente político a tremendo mamarracho? La pobre oposición de este país da mucha lástima.",0,es,Colombian,twitter
"Éste pobre mamarracho,también tendrá q tragarse lo q dice.",1,es,Colombian,twitter
"Así cómo ésta empleada, me topo seguido con empleados costeños (del Atlántico y Bolivar) porque claramente no todos los costeños tienen éste síndrome, el síndrome del ""vivo vive del bobo"" o también llamado ""Síndrome Cleptocrático del Mamaburra""",0,es,Colombian,twitter
el shadoune mamaburra no existe.,0,es,Colombian,twitter
"A la edad de Viera ya Armani tenía 2 copas libertadores de América, 2 recojas sudamericanas, y había humillado a Viera en todas las finales que lo enfrentó. Mejor haga silencio y báñese, mamaburra.",1,es,Colombian,twitter
claro que si mamaburra es igual no te estoy insultando por que es la verdad,1,es,Colombian,twitter
Jajajajaja mamaburra marica y sus universos paralelos.,1,es,Colombian,twitter
"Mucha gente que apoyo al pacto historico en el camino a la presidencia no estuvo de acuerdo con las alianzas con tipos como Roy Barreras y el mamaburra de Benedetti. No se entiende como no lo pudieron ver ustedes, qué se la pasan en el congreso con ellos, si ya saben como son",0,es,Colombian,twitter
Mamaburra y futuro semifinalista y finalista del desafio thebox2023,0,es,Colombian,twitter
Jamás debió venir paquete uruguayo ese. Tanto uruguayo bueno y trajeron al mas petardo,0,es,Colombian,twitter
"Falta el señor albornoz, hinestroza, andueza y el petardo de Carlos sierra",0,es,Colombian,twitter
"Tiene huevo, pero no me extraña de este petardo.",1,es,Colombian,twitter
Nojoda Junior mas marica tu que le paras bolas a este petardo.,1,es,Colombian,twitter
Que importa lo que piense el petardo este.,1,es,Colombian,twitter
"Fuera bolillo de aquí , que saque a vivir a ese arquero petardo y que deje que los char traigan a el uruguayo!",0,es,Colombian,twitter
"Sigues insistiendo en el petardo de Cruz real, que técnico tan malo.",0,es,Colombian,twitter
Porq este petardo no sabe en q esta parado y solo responde a sus impulsos viscerales y a quienes admira desde la orilla de su fascismo vergonzante,1,es,Colombian,twitter
Y lo pones en duda lo mas HP es sacar a viera para traer a ese petardo,0,es,Colombian,twitter
"Esto acá no es para todo petardo Acá tenés que tener pelotas para llegar a ser ídolo, acá cualquier payaso no es ídolo..",0,es,Colombian,twitter
"Jugó 18 partidos ese petardo, cuantos goles hizo?",0,es,Colombian,twitter
Culo de petardo. En las calles hoy solo estaban los 7 mil hipnotizados de Bogotá. Una ciudad de 11 millones. Ves para que te culeeennn,1,es,Colombian,twitter
jajjaj a ver muestra algún otro petardo seguidor de Trump y de paso le muestras esto también,0,es,Colombian,twitter
Te estás muriendo petardo,1,es,Colombian,twitter
Jajaja petardo,1,es,Colombian,twitter
"Este tipo es un grandísimo zoquete. Pidiéndole a Messi una última Champions jajajajajjaja Socio, ya el tipo se aburrió de ganarlo todo, ganó su mundial. No te debe nada a ti ni a la afición. ¡Petardo!",1,es,Colombian,twitter
"Este petardo se jodió, cizañero",1,es,Colombian,twitter
"Si, hay que ahogar a ese petardo!",1,es,Colombian,twitter
Y entonces qué hacemos? Nos cagamos ? No se ridiculo ya toda la costa y Barranquilla sabe q usted es un petardo vendido igual de bandido a su presidente!,1,es,Colombian,twitter
"Estúpido tú que por defender lo indefendible escribes incoherencias, bájale a la mata que mata es lo que es, que te está atrofiando la única neurona que te queda. Pedazo de petardo",1,es,Colombian,twitter
Mira tu prestao con opcion de compra barato y quiere joder a junior cambiando al petardo marmolejo por hommer y de ñapa se llevan a Boderth y de paso a chunga para remplazo del hueso,0,es,Colombian,twitter
Hey si eso se da es una falta de respeto sacar a baca para traer ese petardo,0,es,Colombian,twitter
Dejen a ese petardo por allá apunten con Martínez,0,es,Colombian,twitter
"Noooo, hay otros porteros mejores y superiores en calidad ese Man es petardo y explota rapidito",0,es,Colombian,twitter
UYYY ESTE PAISITA FRACASADO QUE LE PASA A ESTE PETARDO??,1,es,Colombian,twitter
"Y quién es ese petardo, a el de las ballenas y se duerme en las reuniones!! La imagen la daño el, aquí no hay más culpables!!",0,es,Colombian,twitter
Que se puede esperar de este petardo,1,es,Colombian,twitter
"Q presidente ni q hptas,bobo imbecil,vaya q lo lamba un sapo, ojo de lagarto, es un guerrillero y debe estar ud orgulloso de su petardo de monte.",1,es,Colombian,twitter
Cuando vas a empezar a usar tu cerebro petardo?,1,es,Colombian,twitter
Suficiente tengo con estos malparidos para creerle ese cule petardo a este malparido ratero,1,es,Colombian,twitter
Este petardo tiene un pie en cárcel por ser el mensajero de mafiosos,1,es,Colombian,twitter
"Lanzan petardo contra panadería ubicada en la CR 38 con 38 en el centro, las primeras hipótesis sería en no pago de la extorsión una persona resultó lesionada que pasaba justo cuando el artefacto explotó.",0,es,Colombian,twitter
Los lunes colocó la luciérnaga y cuando escucho al petardo de Melquisedec recuerdo que no la voy a escuchar más y enseguida la cambio,0,es,Colombian,twitter
"Los 4 juntos, los muelen y de pronto sale un petardo que no sirve ni de taco de cañón",0,es,Colombian,twitter
Será que este petardo tendrá cómo sustentar lo que dice?,1,es,Colombian,twitter
"Enserio pensé que iba a llorar un montón viendo el Suchwita con Jin, pero lo puse en el tv de la sala mientras estaba acostada en el sofá con mi mamá abrazándome y solo tuve una sonrisa tonta todo el episodio. Sentí como un abrazo a mi alma.",0,es,Colombian,twitter
"La pregunta además de tonta, carece de sentido.",0,es,Colombian,twitter
Creen tonta a la gente y lo es! Nadie es comunista gratis! Y el que lo hace es muy bobo!,0,es,Colombian,twitter
Se suicidó de dos balazos culo e tonta,1,es,Colombian,twitter
eso me pasa por tonta,1,es,Colombian,twitter
Ni se quien es esta tonta y tambien me tiene bloqueda Que dolor,1,es,Colombian,twitter
Que dices pedazo de tonta,1,es,Colombian,twitter
No puede ser que de las barras bravas del petrismo salga la tonta idea que fue un muerto del uribismo.,0,es,Colombian,twitter
"Vean a esta tarada diciéndole “tonta” a una persona que vivió la oscura época del criminal Samper, hay que ser muy imbécil para negar la historia, normal en estos hptas petristas ignorantes y adoctrinados.",1,es,Colombian,twitter
"Por alguna tonta razón una noche como hoy, me gustaría tener a alguien que me pregunte cómo me fue y como estoy... Nivel de soledad máximo",0,es,Colombian,twitter
"ay no, ya estoy sonriendo como tonta otra vez",0,es,Colombian,twitter
"Deossss que persona tan tonta, la gente va asi por la vida?",1,es,Colombian,twitter
Que pregunta tan tonta,0,es,Colombian,twitter
Debe producirle una inmensa felicidad ENTREGARLE el país a éstos MISERABLES HP !! HISTÓRICO!! Usted es TONTA...o se hace ??,1,es,Colombian,twitter
"y menciono lo de german porque aunque el se disculpo, el no lo acepto (y las disculpas ni eran para él) y le siguio haciendo mas y mas videos con la excusa de que no condeno a coscu (que me parece una excusa tonta la verdad)",0,es,Colombian,twitter
"Entre más la gente busca controversias más tonta se ven, ojalá más gente aprendiera a ignorar completamente a los tontitos.",0,es,Colombian,twitter
Tonta hijueputa,1,es,Colombian,twitter
"No entiendo porque le dan importancia a una tonta de éstas, con estás publicaciones se le está dando alas.. 3s una estúpida que no sabe nada…",1,es,Colombian,twitter
Está si es mucha tonta 🤣🤣 No entendió !! 😂😂😅😅😅.,1,es,Colombian,twitter
Tonta tonta tonta jjj le estás dando la razón a Petro de haberla sacado 🤣,1,es,Colombian,twitter
Cállese tonta que por personas como ud es q estamos en las q estamos y fuera de eso no son capaz de aceptar q se equivocaron,1,es,Colombian,twitter
La gente de Antioquía no es tonta!,0,es,Colombian,twitter
La piroba como que no trino ayer esa boba HTA! Que no lo haga hoy o la bloqueo a esa tonta!,1,es,Colombian,twitter
Es q es tonta la hp,1,es,Colombian,twitter
y soy una imbécil tonta tanto como tú,0,es,Colombian,twitter
Pienso y me siento tonta,0,es,Colombian,twitter
"Cómo va el conteo de los muertos , tonta desafinada ?",1,es,Colombian,twitter
"Soy una tonta cuando me gusta alguien, se me olvida hasta como me llamo🫠😩",0,es,Colombian,twitter
No dañe su calma prestando atención a gente tonta q solo quiere joder,0,es,Colombian,twitter
Tonta como siempre. Parásito.,1,es,Colombian,twitter
Oe tonta entonces que maten policias pendeja,1,es,Colombian,twitter
La gente se pone más tonta cuando uno está estresado si o no :),0,es,Colombian,twitter
"Mucha bobalicona, no tiene vergüenza",1,es,Colombian,twitter
"La unica manera de saber que esta bobalicona existe, la lavaperros de la Gnecco",1,es,Colombian,twitter
"No, a la espía de ustedes en el alto gobierno, que por fortuna se les cayó, bobalicona.",1,es,Colombian,twitter
Si usted hizo algo asumalo con pruebas xq mire el mierdero que armó dándole pata al paskin de semana a la bobalicona de victoria y a la orda de patéticos políticos corruptos de cuello blanco que quieren ver acabado este país y piensan q el asesino mayor es el salvador,0,es,Colombian,twitter
"Inepta usted, Bobalicona irresponsable",1,es,Colombian,twitter
yo marcho para que ninguna niña mas del planeta crezca como usted. Sanguijuela bobalicona.,1,es,Colombian,twitter
Maldita risa bobalicona…,0,es,Colombian,twitter
¿Ustedes también amanecen con una sonrisa bobalicona? ¿NO? Pues... ¡Jodanse! Yo sí.,0,es,Colombian,twitter
desperdiciaron la oportunidad de desenmascarar a OIZ. Se pifiaron en las preguntas y terminaron celebrando de forma bobalicona.,0,es,Colombian,twitter
"Hoy tuve un día maravilloso, tengo esa sonrisita bobalicona pegada, es parte de la obra que vengo ejecutando. Porfavor disculpen.",0,es,Colombian,twitter
"Además de deudora morosa, bobalicona esa fulana desconocida",1,es,Colombian,twitter
Ud es una bobalicona aprendiz de Fajardo. Ud es un cero a la izquierda.,1,es,Colombian,twitter
"Hija de puta ya te nombraron presidente por ese logro que Cualquier analfabeta la pide y la entregan sin tanto escándalo aterrice atembada ,yo tengo el perfil suyo,es:Tonta, bobalicona ,atolondrada, desadaptada social, idiota útil, escoria,carroñera,si quiere más se le tiene",1,es,Colombian,twitter
"Bobalicona hija de puta desechable disque me hice a pulso jajaja, aterrice hija de asesino terrorista carroña putrefacta, nunca dejaras de ser una hija de un asesino",1,es,Colombian,twitter
no todas pueden salir bien pero te lo aseguro menos bobalicona q lo de Juan Pedro,0,es,Colombian,twitter
"Bobalicona esta, en vez de hacer su propia bicicleta e irse bien lejos donde el KARMA puede joderle hasta el apellido…",1,es,Colombian,twitter
Eso demuestre su escasa capacidad mental con una ironía común y bobalicona. Vaya lea mejor.,1,es,Colombian,twitter
"No queremos consulta bobalicona, queremos elegir, participar, ejercer soberanía, junta de gobierno, nueva de asamblea alternativa",0,es,Colombian,twitter
"Y esa ridiculez es noticia????? Si quieren pónganla con el sonido de alerta de último minuto. Qué HIJUEMILPUTAS periodismo tan cagado.!!!!!! Guarden algo para cuando esté conectada de una máquina, necesitando un hígado, la bobalicona esa.",0,es,Colombian,twitter
"Yo tampoco lo creo es parte de un plan oficialista, u falso positivo, para inflar a un sector de la falsa oposición para infiltrar a la oposición bobalicona",0,es,Colombian,twitter
pobre tonta bobalicona cerebro de mierda,1,es,Colombian,twitter
"Cierto: Pero cada cosa en su lugar y en su momento. El papel de Vanessa la hace ver ""bobalicona"", recitando, y mal, un libreto.",0,es,Colombian,twitter
Se necesita ser bastante escaso para creer semejante carreta. Encontraron el arma de dotación del TC Oscar Davila? Estaba desarmado y necesitó tomar el arma ajena? Es tan idiota el escolta para andar desarmado?,0,es,Colombian,twitter
"Idiota, ¿tiene un escanear en el cerebro o qué, hpta.? Se le acabó la batería atembao.",1,es,Colombian,twitter
El sexo y el género es lo mismo idiota lo que no es lo mismo es el género con la orientación..si tienes un sexo asignado es porque tienes un genero asignado,0,es,Colombian,twitter
Eso literalmente me pasó una vez Me sentí tan idiota,0,es,Colombian,twitter
"No me da, debe ser que el idiota soy yo.",0,es,Colombian,twitter
Idiota man tan estorboso,1,es,Colombian,twitter
Y este Idiota... No es el que se la pasa Hablando de Entrampamiento... Que baboso.,1,es,Colombian,twitter
jajaja señor deje de ser tan idiota. Aprenda a leer ud.,1,es,Colombian,twitter
"que pedazo de idiota se les acabó el país del robo a los impuestos, están llorando porque no pueden robar más para Uds. payasa",1,es,Colombian,twitter
"Si bien hay mucho odio en esta red, también hay gente muy boba hijueputa que se merece los madrazos a pulmón, que gonorrea tan idiota a lo bien.",1,es,Colombian,twitter
Con esta respuesta lo único que voy a hacer es darle visibilidad a un perfecto idiota que se apoda frankportilla,1,es,Colombian,twitter
Pobre idiota…,1,es,Colombian,twitter
Idiota pues el problema es que no está en Londres atontado. En nuestro metro está prohibido y sino le gusta pues váyase para Londres,1,es,Colombian,twitter
"Duras afirmaciones de un idiota que no sabe que es caminar en el monte, selva o bosque! Que animal!",1,es,Colombian,twitter
"Acaso se puede ser más bruto, ignorante, e idiota al mismo tiempo.",1,es,Colombian,twitter
Ya tienen identificado a este idiota útil,1,es,Colombian,twitter
"Ese es un idiota ladrón que que busca robarse todo lo que encuentre a su paso para enriquecerse él, su familia y sus lacayos que lo siguen.",1,es,Colombian,twitter
Una puta tiene más dignidad que vos cuándo vendes tu conciencia... asco de ser humano sos físico idiota,1,es,Colombian,twitter
"Idiota inútil, el tal Petro fue el primero que los encontró, tu presidente",1,es,Colombian,twitter
solo me duermo rápido después de hablar con ese idiota. Yo la más ridícula,0,es,Colombian,twitter
"Si IDIOTA, Miguel del río vive a pocas cuadras de la fiscalía en Bogotá. eres un tipo con queso y tocineta, ""especial"" pendejo tan imbécil. Se escribe así IMBÉCIL.",1,es,Colombian,twitter
"Usted es una peste! Si Luis Carlos Galán Estuviera vivo! Y usted es tan idiota, que fue el mismo estado de derecho, al que usted se vendió, quien mató a su padre.",1,es,Colombian,twitter
"Que idiota y vos eras el cuidador o qué, imbécil.",1,es,Colombian,twitter
"Como buen idiota sin neuronas que utilizar, para creer en la palabra dicha de un guerrillero. Ratas como vos pronto elegirán entre una prisión o un cementerio",1,es,Colombian,twitter
Tan idiota!! ¿cómo la vas a dejar plantada si esta PRECIOSA!!?,0,es,Colombian,twitter
"¿y vos que hiciste cómo periodista? ¡Solamente hacer el loving a este grandísimo idiota mediocre de Petro! ¡Rendirle tributo a tu mesías, imbécil. Pedazo de langaruto!",1,es,Colombian,twitter
"callate estupido la pedofilia es un cancer, deja buscarle vueltas a tu pendejada idiota.",1,es,Colombian,twitter
jajajajaj papi de buena que cumplir 30 viene con ser idiota o que?,1,es,Colombian,twitter
Seguro va a decir que sí.... Este país si está lleno de mucho idiota útil,0,es,Colombian,twitter
"EL IDIOTA FELIZ: Socilaista sí, pero no bobo",0,es,Colombian,twitter
"Venga idiota sin remedio y me ayuda a limpiarla porque es lo único que le sale del cerebro, mierda mal oliente y fétida. Ya lavo los platos?",1,es,Colombian,twitter
"Jajaja mucho idiota. Y Colombia tampoco olvida que al títere de Duque, lo montó el ñeñe …bobo.",1,es,Colombian,twitter
Coma mierda idiota,1,es,Colombian,twitter
Lea antes de replicar agüevado es gracias a que no hizo las formas idiota,1,es,Colombian,twitter
"Pura basura, luego eso se lo cree un idiota y pega un plátano de una pared con cinta y dice que es arte",0,es,Colombian,twitter
Más idiota usted que no entiende que si a un presidente le va mal a ud también gran imbécil,1,es,Colombian,twitter
"hay gente tan idiota como vos, que enserio le dan ganas de cogerlos a puño.",1,es,Colombian,twitter
"Este es un idiota, un inepto y un inútil. Nada va a pasar con el.",1,es,Colombian,twitter
Definitivamente ud es el perfecto idiota útil de los comunistas.. cagao y el agua lejos,1,es,Colombian,twitter
"Igual que el socialismo que también es fascista Sra. embajadora, le menciono unas perlas, Stalin, Mao, Castro. Todos ellos representantes del socialismo comunista y genocida reconocidos como tales mundialmente. No se haga la idiota útil que no le sale.",1,es,Colombian,twitter
"Pobre idiota y sus problemas de agnosia visual leyendo medios sesgados, se les cayó el telón, babosos",1,es,Colombian,twitter
"La verdad ahora mismo Adam Cole no vende ni como Heel ni como Face, cuando es Heel se quiere hacer el Cool Guy, como el chico que está a la moda y en tendencia cuando debería ser el chico Rudo y agresivo por dios ¿Que villano quiere que lo ovacionen? Mentalidad idiota",0,es,Colombian,twitter
Enamorada de ti idiota️ los hombres si son lentos vale,0,es,Colombian,twitter
"Jajajajaja qué idiota, cuantos grammys tiene él",0,es,Colombian,twitter
"Que comentario tan idiota, estos uribestias cada vez peor!",1,es,Colombian,twitter
Sin mencionar que eso lo logró con menos de 20 años (creo). La gente se pasa de idiota con esos comentarios.,0,es,Colombian,twitter
"ve, idiota, que pasó con el ""YO NO MARCHO, YO PRODUZCO""?...imbécil",1,es,Colombian,twitter
Vea pues está guerrillera… le salimos a deber… está muy subida por que Petro le dio embajada a la hermana…no sea metida… vaya más bien a bañar el perro… idiota!!!,1,es,Colombian,twitter
"Vuelve, vuelve a decirme “te quiero” y volveré a caer como idiota. Ven a decirme que quieres pasar días junto a mí, y crearé muchas historias en mi cabeza. Regresa aquí, y dame lo que tanto me debes, ese abrazo que me tiene que completar, ven a dármelo, y luego puedes marcharte",0,es,Colombian,twitter
"Otro idiota útil defendiendo a un Guerrillero hampón y corrupto, parásito del estado que hace + de 3 décadas lo único que hace es desangrar a el país. No tienen otro discurso a istedis los URIBISTIS MADURE!! idiota útil",1,es,Colombian,twitter
"Venga señor Santos, usted no entiende que llego un guerrillero al poder, como va a confundir un democrata con un hp bandido, respete mijo, usted vive por fuera , quedese callado idiota",1,es,Colombian,twitter
pobre boba e idiota hijueputa,1,es,Colombian,twitter
Muy idiota dejar semejante responsabilidad a ese pelaos,0,es,Colombian,twitter
Autuori es un idiota. El que me diga que todo esto está justificado es más idiota que él. La única explicación de este Nacional es que su idiotez se ha contagiado pandémicamente.,0,es,Colombian,twitter
"Con todo respeto ,que pregunta tan idiota.",0,es,Colombian,twitter
"SOLUCIÓN, DAR DE BAJA A LOS CAPUCHOS, OSEA A VOS Y A TUS AMIGOS.",1,es,Colombian,twitter
Como que no hijueputa? Hay que dar de baja a esos delincuentes que vos escondes.,1,es,Colombian,twitter
"Lo que le hicieron un puñado de Talibanes ubicados a miles de KL, en contra del Primer ejército del mundo. ¿ Cuanto tardaron en dar de baja a Bin Laden",0,es,Colombian,twitter
Llevo 20 minutos sin mis amigas y ya estoy muy triste me voy a dar de baja la vida no aguanto esto de tenerle dependencia emocional a cualquier persona q me demuestre el mínimo afecto,0,es,Colombian,twitter
A ustedes los deben es capturar o dar de baja,1,es,Colombian,twitter
Eso era mentira solo querían dar de baja la cuerda de terroristas que hay en el medio oriente. Cuando EEUU se dio cuenta q el mismo país no quería luchar si EEUU no les daba dinero simplemente los abandonaron. Como paso en Afganistán llegó la fecha se fueron.,0,es,Colombian,twitter
hace una semana no tengo servicio de internet fijo y nada que solucionan. Necesito dar de baja el servicio ya que no me sirve así. Que debo hacer para cancelar el servicio aún pagando multa?,0,es,Colombian,twitter
"Javier para mi esta bien el se aseguro de dar de baja al ladrón, si ese tipo se lograra levantar se lleva en los cachos a todos . Uno menos . Actuó bien",0,es,Colombian,twitter
"te vamos a dar de baja manito, solo espera",1,es,Colombian,twitter
Ya la verdad no se si mejor dar de baja la cuenta y buscar otras alternativas. Alguna recomendación,0,es,Colombian,twitter
"Unos le empezaron a dar de baja el reggaeton, no solo J Balvin",0,es,Colombian,twitter
"cuando te morís perra, o hay que darte de baja",1,es,Colombian,twitter
"Se llama defensa personal, y no es asesinato, es dar de baja a un Hampón.",0,es,Colombian,twitter
"Así vamos.... Operativos que deberían ser para dar de baja a disidencias y guerrilla, ahora rescata ardillas.",0,es,Colombian,twitter
Igual a usted lo vamos a dar de baja. O le inventamos alguna vaina para meterlo preso por traición a la patria.,1,es,Colombian,twitter
Arrodillado hijo de puta,1,es,Colombian,twitter
Estoy contigo María José Gobernaron y mandaron todo el tiempo y siempre arrodillado a un poder ..que terminaron siendo sus jefes al ser los dueños de los medios Hoy son el iceberg contra una nueva forma de administrar el estado. Por ello hace 20 años no los consumo.. Son un asco,0,es,Colombian,twitter
"Pedazo de mierda, no tiene otro argumento? No ve lo asqueroso de este gobierno? Arrodillado hijo de puta.",1,es,Colombian,twitter
Este vendido de mierda no decepciona! arrodillado!,1,es,Colombian,twitter
La infamia de respuesta Pueblo arrodillado gobierno entregado. Prefiero la defensa que la entrega !,0,es,Colombian,twitter
CUALES AMENAZAS IMBECIL SI SE ESTÁ SIENDO FRANCO CON LO QUE SE DICE. ARRODILLADO,1,es,Colombian,twitter
Que imbecil arrodillado!,1,es,Colombian,twitter
"GUERRILLERO HIJO DE LAS MIL PUTAS, USTED ES UN ARRODILLADO, COMO ASI QUE EL ELN PUEDE SEGUIR EXTORSIONANDO, USTED ES UN PAYASO HP",1,es,Colombian,twitter
Así o más ARRODILLADO GOBIERNO HP,0,es,Colombian,twitter
"A su titular le falta solo que van a seguir secuestrando, extorsionando, traquetos y cobrando vacunas en las regiones. Así que paz total se va a construir. Son una manada de HP y todo por falta de este gobierno arrodillado a los terroristas, q fueron sus financiadores",0,es,Colombian,twitter
"Por esto es que no lo quiere la derecha por sacar adelante al pueblo, quitándole de las garras a la maquinaria neoliberal que solo quiere al pueblo arrodillado recibiendo migajas para que sobreviva!!!",0,es,Colombian,twitter
"Payaso !!! Sos marioneta, nunca seras lider, siempre te van a mandar, arrodillado",1,es,Colombian,twitter
General willan Rene es un arrodillado a los izquierdistas qué matan policias..... Arrodillado a Petro..... Traidor a la Patria,1,es,Colombian,twitter
Que rico tú sentado relajado y yo arrodillado dándole la chulada mañanera,0,es,Colombian,twitter
"Puede seguir pataleando todo lo que quiera, la gente ya no les cree, siempre se han arrodillado al poder de los mas ricos del país, obviamente hay excepciones, que claramente no están en el medio para el cual ud trabaja",0,es,Colombian,twitter
"Inepto, no servís para nada",1,es,Colombian,twitter
"Bancolombia te odio, no servís para nada",0,es,Colombian,twitter
"Lo que sos, es un ridículo, un malparido y no servís para nada. JAJAJAJA",1,es,Colombian,twitter
¿Qué hacer con tu vida cuando hasta tus padres dicen que no servís para nada?,0,es,Colombian,twitter
Es una buena noche para decirle a este: no servis para nada.,1,es,Colombian,twitter
"Qué ASCO le das a tú ESPOSA qué se tuvo qué buscar un HOMBRE DE VERDAD y un PADRE para sus hijos...UN PADRE DE VERDAD, porque tú no sirves para nada",1,es,Colombian,twitter
Recuerda que no te pueden utilizar si no sirves para nada,0,es,Colombian,twitter
Es al contrario! Ustedes dan asco!,0,es,Colombian,twitter
"Ahí están pintados los funcionarios de Petro, que asco y que vergüenza",0,es,Colombian,twitter
Badalona otro asco de afición,0,es,Colombian,twitter
"Laura me parece repugnante, es una sucia, me das asco",1,es,Colombian,twitter
Hasta desde colombia da asco esta señora...uy no terrible un ser humano tan mezquino.,1,es,Colombian,twitter
La Corte Suprema hace parte de la banda criminal de la Fiscalía? Que asco,0,es,Colombian,twitter
Que descarooo! Se están burlando de ustedes y todo el país sin asco y sin filtro alguno!,0,es,Colombian,twitter
Un asco y un total irrespeto tener un guerrillero en la presidencia.,1,es,Colombian,twitter
NO VER NI OIR ESTAS BASURAS DE MIERDA DE DESINFORMACION DAN ASCO,0,es,Colombian,twitter
Eres Una vergüenza ver su trabajo da asco,1,es,Colombian,twitter
"La justicia de este país da asco, muy complaciente con la derecha corrupta y no investiga si no a la oposición y ellos untados de corrupción por todo lado, toca sacar a Barbosa ya",0,es,Colombian,twitter
"jajaja puse el servicio de fibra óptica de la ETB el día de ayer, y ya no tengo y me dicen que es una falla sectorizada jajajajajajja. ASCO DE SERVICIO.",0,es,Colombian,twitter
"Señora que le pasa? Después sale llorando que la lean,que van a leer a una porquería de revistas sesgada? Saca artículos sin la más mínima investigación y sólo haciendo chismes. Usted es un asco y jamás será una verdadera periodista",1,es,Colombian,twitter
"Usted solo genera repudio, asco y vergüenza",1,es,Colombian,twitter
Donde está la indignación de lo que hace el gobierno? Le siguen pagando ? O si no le pagan porque le es indiferente lo qué pasa ahora y no antes? Que asco su actitud.,0,es,Colombian,twitter
Esta hijueputa es una clasista del asco y a lo bien que cada persona que conozco y la admira también,1,es,Colombian,twitter
"Lo del MOIR es repugnante por donde se le mire. Y ahora, cómo tiene para pagar el chulo azul con la plata de los contratos regalados en la alcaldía de López, debemos soportar más caracteres de pura basura. Asco profundo por Robledo y todo su MOIR.",0,es,Colombian,twitter
"Q asco ustedes, llegar como pirañas en una situación tan triste asco profundo, no entiendo como dicen llamarse periodistas.",0,es,Colombian,twitter
"No hay persona que me de mas asco que vos, cada que vez que te veo en la calle me dan ganas de vomitar",1,es,Colombian,twitter
"Cállese gordo seboso, mirate en un espejo, usted da mucho asco",1,es,Colombian,twitter
"Esta fea si habla mierda, solo hace dos cosas en su vida, dar asco y expulsar heces por su boca",1,es,Colombian,twitter
El gobierno más corrupto de la historia. Qué cinismo el de esta señora. Nunca se enteró de todos los torcidos de los gobiernos uribestias. Hasta la mamá de Duque hacía negocio con los bienes incautados. Dan asco.,0,es,Colombian,twitter
La gente tramposa me da asco.,0,es,Colombian,twitter
"JP es un acomodado conveniente. De youtuber era antisistema, supuestamente ""progre""; de senador un godo ultraderechista reaccionario. Da asco tanta hipocresía histriónica.",0,es,Colombian,twitter
"Gury le quiero dar golpes en la jeta, diga cuando y donde o tiene miedo?",1,es,Colombian,twitter
Que rico cuando y donde,0,es,Colombian,twitter
"Bebé, yo confío en ti y sé que de esta saldrás victorioso. Te mando muchísimas vibras buenas. Me estás contando cómo va eso. Y con respecto a las salchipapas, diga cuándo y dónde",0,es,Colombian,twitter
"¿Un gordo perezoso y problemático? Gracias, pero paso, cuando y donde quiera, mijo",1,es,Colombian,twitter
¿Cuando y donde es el asado?,0,es,Colombian,twitter
"Emprender permite una mayor flexibilidad en tu horario, lo que significa que puedes trabajar cuando y donde quieras. Esto te permite un equilibrio entre trabajo y vida personal.",0,es,Colombian,twitter
Solo tenes que decir cuando y donde perra y ahí nos vemos,1,es,Colombian,twitter
"Me acostumbro a no planear porque Dios es quien decide cómo, cuándo y dónde.",0,es,Colombian,twitter
"Ay madreeee, decíme cuándo y dónde que allá te llego.",0,es,Colombian,twitter
Te vas a hacer pegar un pepazo!!,1,es,Colombian,twitter
"siga así mijo, siga así, el que busca encuentra, te vas hacer pegar una golpiza",1,es,Colombian,twitter
"La política petrolera del país ,ha sido muy sana , un pozo de exploración petrolera vale US$ 20.0 millones , las probabilidades de éxito es del 20% , los aliados corren ese riesgo y no Ecopetrol , en Geología el que busca encuentra",0,es,Colombian,twitter
"Disque el que busca encuentra, yo llevo buscando como desde hace un mes y nada",0,es,Colombian,twitter
"Pidan, y se les dará; busquen y encontrarán; Llamen y se les abrirá. Porque todo el que pide, recibe; El que busca, encuentra; Y al que llama, se le abre.",0,es,Colombian,twitter
"El que busca encuentra, no mas que me lo encuentre por la calle y verá",1,es,Colombian,twitter
"Y utd que vergas hace, ahhh bueno si mamar verga a los senadores mmmm se me olvidaba malo cacorro",1,es,Colombian,twitter
"¿hay alguien en el gobierno de este pantano que no sea drogadicto, gay, cacorro, alcocholico, corrupto, asesino, secuestrador, etc.?",0,es,Colombian,twitter
"Cacorro no, soy gay y por eso vivo acá peligro tú que eres el Machorro que se da puńo por una changua .. Mija cuidado te matan por allá cuídate más bien que acá en Colombia estabas más segura . Que estupida!",1,es,Colombian,twitter
jajaja viejo cacorro triplehijueputa Respete bobo catredoblehijueputa,1,es,Colombian,twitter
Dale el jopo a Alex López travesti cacorro,1,es,Colombian,twitter
Usted es cacorro ?,1,es,Colombian,twitter
cacorro hijo de su gran puta madre,1,es,Colombian,twitter
Este man es cacorro Solo se la monta a las mujeres. Resentido contra las mujeres. Incredible. Jajajajaja Acosador.,1,es,Colombian,twitter
"Jajaajaj ahhh bno, ¿que tiene que ver con ser “cacorro” con el servicio de mierda que vos das?",1,es,Colombian,twitter
"Yo con la foto de perfil al lado de un cacorro lame culos como ese hpta del Bolivar, mejor me quedo quieto y no me pongo a tratar de ridiculizar a los demás. O es que se siente muy orgullosa al lado de esa gonorrea.",1,es,Colombian,twitter
negro y cacorro,1,es,Colombian,twitter
Explícanos tu esto… te pasaste de cacorro maldita gorda,1,es,Colombian,twitter
"ES CACORRO, SIGUE A HENRY CAVILL AMOOOOO",0,es,Colombian,twitter
"No me aguanto mas este viejito cacorro de mierda, todo problema pasa por ese carechimba añejado, lo más divertido que ha hecho ese gordo hpta es dormir.",1,es,Colombian,twitter
De 1 a 10 cuanta cara de cacorro tiene este ?,1,es,Colombian,twitter
Ahora vera que se victimiza y dice que lo estan atacando por cacorro,1,es,Colombian,twitter
Sara como te diste cuenta que es cacorro? Yo pensé que por lo menos en eso ese viejo marica no dejaba evidencia.,0,es,Colombian,twitter
Macho que come macho es cacorro.,0,es,Colombian,twitter
CAYÓ EL PRECIO PERO EN EL MUNDO DE FANTASÍAS DE UN CACORRO!,0,es,Colombian,twitter
"Semejante cacorro, cobarde!",1,es,Colombian,twitter
"Y ud deje de ser tan hpta y eso no le pase a su madre, hija/o o mujer! No le va a gustar cuando los revictimicen y quede impune. O a ud mismo le puede pasar que lo violen y no le crean… a lo mejor pensaran que por cacorro se lo merece",1,es,Colombian,twitter
Estamos llenos de cacorro a por todos lados.,0,es,Colombian,twitter
Que es cacorro?,0,es,Colombian,twitter
Este cacorro me odia pero yo lo odio más a él,0,es,Colombian,twitter
En camino a la EPS a incapacitarme por cacorro,0,es,Colombian,twitter
"Eso no es ser cacorro, nunca he negado las veces que me he comido a manes.",0,es,Colombian,twitter
Una bella familia. Algo que nunca tendras cacorro triple hpta,1,es,Colombian,twitter
Me tienen cacorro esas cuentas fake bien hechas.,0,es,Colombian,twitter
esta twiteadera con asteriscos me tiene cacorro,0,es,Colombian,twitter
"Suena paradójico que usted tenga que meter a Dios en todo la verborrea que habla , un pervertido cacorro que lo único que tiene ganado es el infierno.",1,es,Colombian,twitter
Que por qué no tomo en serio ese discurso cacorro del género o del feminismo? Porque las que más lo usan tienen una doble moral gigante y son las que más acosan y atacan a la primera oportunidad. Cambie los papeles y ya estarían quemando todo,0,es,Colombian,twitter
"Otra cacorro que idolatra al Che Guevera, que en su época lo hubiera fusilad0. Petriste maricon",1,es,Colombian,twitter
"A dormir hpta , a repartir hojas de vida CACORRO HPTA",1,es,Colombian,twitter
Bro me tenes cacorro con esa pregunta te lo juro,0,es,Colombian,twitter
mi único crimen es ser boquisucia!! no califico?!!,0,es,Colombian,twitter
Usted que es mujer deje de juzgar respete ala familia y sealo que sea nadie tiene derecho a quitarle la vida A nadie cierre esa jeta boquisucia atrevida,1,es,Colombian,twitter
"Esta marrana choncha y la anciana guache, no tiene vida por estar pendiente de Quintero. Que vieja tan boquisucia es su señora madre.",1,es,Colombian,twitter
Me encanta cuando te pones boquisucia,0,es,Colombian,twitter
Criminal usted y su patrón. Cochina boquisucia. Van a perder.,1,es,Colombian,twitter
Boquisucia! Pero hermosa!,0,es,Colombian,twitter
"Esta mujer se lava la boca con desinfectante, qué mujer tan boquisucia, no hay derecho en mi humilde opinión.",1,es,Colombian,twitter
"Enserio, enserio, me gustaría tener un debate con usted, haber si es muy inteligente y se hace la tonta, o no se de verdad, por ahí un conocido suyo me dijo que era bien boquisucia y grosera.",1,es,Colombian,twitter
Te amo mujer boquisucia,0,es,Colombian,twitter
"Me encantas calisita empobrecida, desigual, clasista, racista, soleada, galonera, caliente, boquisucia, putisima, abandonada, amiguera, fraternal, poliamorosa, diabolica, negrisima, ambivalente, tristísima, risueña, marica, diva, melancolina y sobre todo nostálgica.",0,es,Colombian,twitter
"Sos una Cochina, boquisucia",1,es,Colombian,twitter
"Esta señora tan boquisucia, de que antro salió?",1,es,Colombian,twitter
"Muy bien dicho, eso deberíamos escudriñar lo y llevarlo hasta las últimas consecuencias, hay que cuestionar al registrador que fue el que se prestó para este frayde",0,es,Colombian,twitter
"Lo de menos, es un edificio símbolo, lo de más, es esa cultura paraca, de avivato que profesa gran cantidad de antioqueños…",0,es,Colombian,twitter
Chismosa le quedo pendejo. Usted es una ñera gamina boquisucia.,1,es,Colombian,twitter
Como costeño doy fe de esta afirmación. ¿Qué notaría está abierta a esta hora para dar la declaración correspondiente?,0,es,Colombian,twitter
Y ando más boquisucia que me auto regaño.,0,es,Colombian,twitter
"mira esta boquisucia, que alguien le ponga un bozal a esta",1,es,Colombian,twitter
Hablan mejor los indigentes del centro que vos boquisucia!!,1,es,Colombian,twitter
Odio una mujer boquisucia!!,0,es,Colombian,twitter
"Te gusta hacerte el malo, pero todos vemos un bufón",1,es,Colombian,twitter
Se preparó? Para bufón será…,1,es,Colombian,twitter
con duque le daban cruz de boyaca hasta carlo.antoño Véle. Así de bufón era ese gobierno.,0,es,Colombian,twitter
"Y este man alias el bufon dónde tiene metida la cabeza?, por ni más volvió hablar.",1,es,Colombian,twitter
Sos solo un bufón de medio pelo!!!,1,es,Colombian,twitter
"Te crees un Payaso valiente, con risa en la voz, no te das cuenta que eres un simple bufón, despierta conciencias??? No me haga reír, pobre payasito eres una burla sin fin.",1,es,Colombian,twitter
"TRAS DE LADR0N BUFON SOLO DA PATADAS DE NIÑO HUERFANO, LA VICTIMA ESTE AHORA NOS SALIÓ",1,es,Colombian,twitter
Este señor de verdad es mucho bufón,1,es,Colombian,twitter
"Solo con palabras de borracho acusan y se creen intachables y no pasan de ser burros que hablan de orejas , miran el mugre en el ojo ajeno pero me ven la viga en el propio. Juzgan tal cual, tras de ladrón bufón...",0,es,Colombian,twitter
El aplauso fue por ver como te arde el asterisco bufón,1,es,Colombian,twitter
A veces creo que mis amigas me agarran de bufón,0,es,Colombian,twitter
"Tras de ladrón,bufón. Avianca es la mata del cinismo... Los ayudaron en el gobierno de duque y ahora vienen a juzgar las nuevas políticas",0,es,Colombian,twitter
"Perro madito, vendido, drogadicto de mierda... Bufon lameculos , defensor de toda la mierda petrista.. lacayo",1,es,Colombian,twitter
"En todo lado no falta el típico bufón con suerte, pero que siempre será un bufón.",0,es,Colombian,twitter
Ambientalista mamón hp.,1,es,Colombian,twitter
"Llora mamón, me encantan tus lagrimas",1,es,Colombian,twitter
Este tipo si es un super tocado y arrogante. hijueputa tan mamón.,1,es,Colombian,twitter
Twitter se está volviendo muy mamón,0,es,Colombian,twitter
"Parce este viejito tan mamon, ya que se joda!",1,es,Colombian,twitter
Está mamón ese tema de los pagos en mi verde,0,es,Colombian,twitter
Bodeguero MUELON y MAMON PUNTO.,1,es,Colombian,twitter
Todo mamon qué quiera salir en Semana dice una imbecilidad y listo.,0,es,Colombian,twitter
"Como te dijeron por ahí, mamon fracasado. Jajaja",1,es,Colombian,twitter
"Me pone un Man ayer por Grindr: ""Quiero chupársela, soy re mamón"", al rato me dice: no te interesa un Man re mamón? Y le digo: ""No"".",0,es,Colombian,twitter
Por eso vivo a 5 cuadras de mi oficina. Es mamón cargar trastes sucios todo el día,0,es,Colombian,twitter
"Uno tiene que ser muy mamon para seguir con lo mismos, América siempre desde que tengo uso de memoria se debe a su hinchada, todos los años de la lista clinton y todos los años de la B no los vi llorando por que la gente no se abonada ya es hora que se dejen de pendejadas.",0,es,Colombian,twitter
"Ósea acabo de llegar un viaje mamon y ahora a las 2pm otro ? Pero bueno, es porq a mi me gusta el corrinche",0,es,Colombian,twitter
"Aprenda a escribir imbécil dizque ""una frenta"" 😂 jueputa tan bobo y tan mamón.",1,es,Colombian,twitter
Carlos Antonio Vélez te queda alguna duda sobre Pep Guardiola,0,es,Colombian,twitter
No me quiero imaginar la rabia y resentimiento de Carlos Antonio Velez,0,es,Colombian,twitter
"Acabar con los bandoleros, con el contrabando de tenis de China, la corrupción de la clase política, las mordidas a agentes de tránsito, la manipulación del sisben por los esbirros de los políticos, los asesinos qué van a fútbol, cuando! Pero, siguen los ascensos.",0,es,Colombian,twitter
Ya hay de China y de Italia.,0,es,Colombian,twitter
"Tengo muchas, pero una fue porque la china me busco, me envió pantallazos de las conversaciones, y llego a mi trabajo a contarme todo",0,es,Colombian,twitter
Por lo menos es cubana!! Y no como la de vos artificial made en china con cortó circuito 🤣🤣🤣🤣ois y la cabal que desenterro a Castro y lo tiene durmiendo debejo de la cama!! Te imaginas el pobre en el sotano del infierno que se encuentra!!,0,es,Colombian,twitter
El mercado mundial del trigo se verán afectados por el cambio climático que afecta la cosecha del trigo en China.,0,es,Colombian,twitter
"En Europa, en USA, en Australia, en China, en Japón, hasta en Medellín… en cualquier lugar con tren o Metro pasa eso",0,es,Colombian,twitter
"Wilson el héroe perruno que acompañó a los niños perdidos en el Guaviare, y quien fue fundamental para darle esta excelente noticia a Colombia.",0,es,Colombian,twitter
"Encontraron con vida a los cuatro niños indígenas que estaban perdidos en la selva del Guaviare, confirman fuentes militares. Están siendo valorados",0,es,Colombian,twitter
"Con un ojo en el Twitter de Aida, y el otro en el Twitter de Valeria",0,es,Colombian,twitter
"La misma violencia q ustedes pagaron para desestabilizar el gobierno de Duque, la siguen pagando para mostrar fuerza en este nefasto gobierno, tal como sucedió en la Univalle en Cali",0,es,Colombian,twitter
"También la nacional de medellín, la univalle y la pedagógica en Bogotá.",0,es,Colombian,twitter
"Ojala fuera asi, pero ejemplos de cuando se metieron a la univalle en 2005 y mataron un muchacho que no tenia nada que ver y lo querian hacer pasar por un criminal, cuando se metieron a la javeriana en 2019 cascaron a todo el mundo y no a capuchos. Sencillamente no deben meterse",0,es,Colombian,twitter
"Se acuerda de Yonny Silva en Univalle muerto por agente del Esmad y usted salió a decir que se había matado solo, los muertos deben dolernos venga de donde venga, no tenes la autoridad moral.",0,es,Colombian,twitter
"Da mucho bombo en la Nacional por ser la más famosa, pero en Univalle hasta armados han salido a tropeles o en la UIS llegan directamente del Catatumbo.",0,es,Colombian,twitter
"Ever Leon, Represéntate (s) de los estudiantes del Superior, sostiene que el 43% se lo llevan las 3 universidades del 'Triángulo de Oro' U.Nal. Uniantioquia y UniValle del Cauca, se llevan el presupuesto de la educación superior en Colombia, lo cual es una disparidad.",0,es,Colombian,twitter
Cali se ha convertido en algo muy oscuro,0,es,Colombian,twitter
"Cali, la ciudad que hizo de la diversidad su mayor fortaleza.",0,es,Colombian,twitter
Eso no es noticia hay mejores cosas por informar,0,es,Colombian,twitter
Que gane el rentado nacional con el deportivo Cali,0,es,Colombian,twitter
"De dónde si cartagena es más pasiva que Bogotá, cali y Barranquilla ups me alteré jajajjaa",0,es,Colombian,twitter
"María Fernanda Cabal vendió un apartamento a Rodrigo José Sarasti Guerrero, quien entró en la Lista Clinton por gerenciar empresas fachada de los Rodríguez Orejuela, jefes del Cartel de Cali.",0,es,Colombian,twitter
Lukaku está pa ser delantero del Cali,0,es,Colombian,twitter
"de razón tanta persecución, multas, arbitrajes amañados en contra, si es que la Dimayor tiene enemigos y detractores del Cali, lo que faltaba.",0,es,Colombian,twitter
No necesito mi consentimiento para que me fotografees jajaja,0,es,Colombian,twitter
que bendición está brisita y el cielo gris,0,es,Colombian,twitter
Mirando el cielo y ver como poco a poco se despeja y a su vez van saliendo las estrellas. Inconscientemente era lo que necesitaba ⭐,0,es,Colombian,twitter
"Es cuando sabemos que estás, inmanente y trascendente, en todas partes, cuando sentimos que todo trasluce tu presencia; cuando ya no eres el Dios del cielo solamente sino el Padre",0,es,Colombian,twitter
El que no chupa culo no va al cielo,0,es,Colombian,twitter
"Eso de poder editar los mensajes de WhatsApp una vez enviados, me cayo del cielo, porque yo si me equivoco.",0,es,Colombian,twitter
"Si un charquito pequeño, inmóvil, pegado a la tierra es capaz de reflejar el cielo ¿por qué no podemos nosotros soñar en grande?",0,es,Colombian,twitter
"Ojalá te mueras hijo de puta, cualquier perro puede tener un reflejo de morder a otro porque son putos animales, y si no entiendes eso y no lo puedes controlar ojalá que te maten a ti. Ojalá te quiten a tu perro por posible maltratador, grandísimo imbecil.",1,es,Colombian,twitter
Hoy me pasó algo que jamás pensé que me pasaría: deseé meterle un sillazo y una puteada a alguien del personal de la salud. Ojalá te mueras pedazo de hijueputa agrandado.,1,es,Colombian,twitter
Ojalá te mueras bastardo hijo de puta,1,es,Colombian,twitter
"Este tweet es únicamente y exclusivo para mandar a la mierda a Kevin, Kevin ojalá te mueras y nunca vuelvas a acercarte a mi, te odio y se que muchas personas están de acuerdo conmigo",1,es,Colombian,twitter
El único top 8 que te permito alardear perro malparido me robaste descaradisimamente y ojalá te mueras. Jiji te amo,0,es,Colombian,twitter
Aprende Cetre malparido ojalá te mueras,1,es,Colombian,twitter
Y esta sí era roja. Ojalá te mueras árbitro hijo de puta.,1,es,Colombian,twitter
Ojalá te mueras compadre y nos veamos en el infierno pero para volverte a matar yo.,1,es,Colombian,twitter
"digo muchas cosas sin sentido cuando estoy enojada, pero si en una de esas digo q ojalá te mueras es pq de vdd lo sentí y me dolió lo q hiciste",0,es,Colombian,twitter
"Dice otra pagina que ese jugador te esta pagando para que lo menciones y lo pongas en el radas junioristas, Si es cierto no vales ni monda, ademas si junior lo quiere de seguro lo trae sin tanto problema Pero si no viene quiere decir que no vales monda y ojala te violen",1,es,Colombian,twitter
PedroLasprilla,1,es,Colombian,twitter
"Ojalaaaa hagan sufrir a las hijueputas que sabiendo que el Man tiene novia decide coquetearle, obvio es culpa del Man pero, a las viejs que mierdas le pasa en la cabeza Bro ojalá te peguen cacho siempre y te hagan sufrir porque eres una malparida jsjllksjl yo me desperté tranqui",0,es,Colombian,twitter
"Morite, madrit de puta mierda",1,es,Colombian,twitter
"Jajajajajajaajaj Morite Messi, que golazo!",0,es,Colombian,twitter
JarlanJBarrera porq monda no cobraste el penal así hijo de puta morite,1,es,Colombian,twitter
"Morite...vos y yo, dándolo todo allá 💔😭",0,es,Colombian,twitter
"Replying to AndresElGury JuanCaUpeguiV and 2 others Baboso fuimos más de dos mil personas , morite de rabia .",0,es,Colombian,twitter
Morite butifarra malparida JarlanJBarrera,1,es,Colombian,twitter
MORITE RIFLE ANDRADE LA RE MIL PUTA QUE TE PARIÓ.,1,es,Colombian,twitter
Creo que hay un pensamiento en común de muchos de mis amigos y conocidos y seguramente más gente y es: Uribe morite pues cáncer hijueputa ! No más.,1,es,Colombian,twitter
Donde esta pues el diablo pa que se lleve a ese triplehijueputa juez de mierda morite gran hijueputa,1,es,Colombian,twitter
Morite brandon hijueputa,1,es,Colombian,twitter
"No por ser domingo se me olvidó, así que aquí tienes tu recordatorio diario: CERDO TREINTAHIJEPUTA ESTAS MATANDO AL PUEBLO QUE TE PUSO ALLÁ ( bueno los burribistas) morite de una vez a ver si nos dejas ser felices sapo perro hp!",1,es,Colombian,twitter
URIBE ES QUÉ HPTA CÁNCER MALPARIDO TE ODIO TAAANTO MORITE SETENTA HPTA ELEVADO A LA 10,1,es,Colombian,twitter
"Por fin es perro hijo de puta reconoce que tiene ese país llevado del putas. Gordo Malparido, morite rápido genocida.",1,es,Colombian,twitter
"Muérase quien quiera hacerlo, pero la obra de transformación urbana más grande en la historia de Barranquilla es el Gran Malecón. Llega gente del norte y del sur, del exterior y del interior. Qué orgullo..!",0,es,Colombian,twitter
"El mensaje es claro, Contagiese y Muerase pero con Televisor Nuevo!!! Así de sencillo!!",0,es,Colombian,twitter
Replying to aesalejanor muérase dsp de cumplirme el capricho,0,es,Colombian,twitter
Los hptas asesores de Tigo_Colombia lo ponen a uno en hold sin decir por lo menos muérase sapa perra,0,es,Colombian,twitter
La reforma se aprueba. Muerase el que se quiera morir.,0,es,Colombian,twitter
Bueno muérase de hambre,0,es,Colombian,twitter
"Muérase de la envidia mija, mientras tanto yo gozo💃",0,es,Colombian,twitter
"Jamás le había tenido ganas a una perra hpta, muérase piroba",1,es,Colombian,twitter
Bueno la verdad es que yo hago lo que me de la gana dejen a quien quieran dejar gústele a quien le guste y muérase quien se quiera morir,0,es,Colombian,twitter
Jajaj vio mamita...!!! Jajajaja muérase. Aunque ya lo estás cariño 😂😂😂😂😂😂,0,es,Colombian,twitter
"Tras que uno Les quiere dar trabajo se quejan, sabe que señora muerase de hambre.",0,es,Colombian,twitter
Y si Ud es de los que piden a gritos que le salven el perrito y al final no aparecen para pagar la cuenta. Comase un cerro de 💩 y muerase.,1,es,Colombian,twitter
Ombe si tanta mierda habla del sector salud quédese en su HPTA casa y muerase en su casa y no joda a los que tanta mierda les echa . Fin 😡,1,es,Colombian,twitter
"Por lo menos escriban un ""hablamos luego"" o un ""muerase hijueputa"" pero no lo dejen hablando solo a uno.",0,es,Colombian,twitter
"malparido, muérase",1,es,Colombian,twitter
"Usted lo que es es una escorea viejo marica busque oficio, por ejemplo muerase a ver si me hace un favor al país",1,es,Colombian,twitter
"SarmientoSebass: Voy a dejar el orgullo y le voy a escribir: — Hola — √√ Muerase hijueputa.""A mi siempre me pasa esa vaina:( el masoquismo",0,es,Colombian,twitter
"Estaba en el carro con mis primo, dije me woa moriiii y me contesto muérete pa’ tomar café JAJAJAJAJAJAJAJAJA",0,es,Colombian,twitter
Muérete rueda hijueputa rosquero malparido y también el hijueputa de DHorLaN mhaUriZhio de paso,1,es,Colombian,twitter
Pero si eso es una estructura de carta…o entonces debe decir: Mira caremonda? O muérete catremalparido? Porfa vicky tira sugerencias a ver.,0,es,Colombian,twitter
Muerete de la envidia y rabia jjjjjjjj,0,es,Colombian,twitter
SAMBUEZA MUERETE BURRO HORRIBLE,1,es,Colombian,twitter
"JAJAJAJA PEDAZO DE IMBÉCIL, INÚTIL, MUÉRETE.",1,es,Colombian,twitter
Muérete vieja desgraciada,1,es,Colombian,twitter
"Por mi cae en depresión y suicidate, perro",1,es,Colombian,twitter
SUICIDATE EN SU CASA CON UNA CARTA Q DIGA ES CULPA TUYA,0,es,Colombian,twitter
El agua es vida me la suda solo quiero ron hasta el psiquiatra me dijo suicidate cabrón,0,es,Colombian,twitter
-.-' mucha vaina de gayber en mi twitter Emanuel_Believe suicidate mk,0,es,Colombian,twitter
Si vas a dejar el BMX por la ruta mejor suicidate,0,es,Colombian,twitter
Suicidate con un revólver de bollo e' yuca,0,es,Colombian,twitter
"Nadien te quiere, suicidate Hillary_nataly",1,es,Colombian,twitter
Suicidate care verga ! Basta con la prolongación de tu malparida existencia. Prometes y no cumples nada. Tenga palabra de gallero.,1,es,Colombian,twitter
"Que mardito tan sucio, suicidate mamaguebo !!",0,es,Colombian,twitter
Que ni en instagram te veas bonita? O sea suicidate F.A jaja,0,es,Colombian,twitter
"Si no escuchas aldeanos, mejor SUICIDATE",0,es,Colombian,twitter
Uhh tengo a una vieja del colegio en snapchat y esa hijuputa me vive mandando snaps dandose besos con el novio OSEA CALMATE Y SUICIDATE,0,es,Colombian,twitter
Hazle un favor a la humanidad y suicídate ya,1,es,Colombian,twitter
"Simpyquotes pero es que yo no quiero hablar contigo, que asco, suicidate",1,es,Colombian,twitter
suicidate santiago,1,es,Colombian,twitter
"Lesiónate o algo, subnormal.",1,es,Colombian,twitter
"Usted es mucho lo feo, ahórquese. Auto-tweet.",1,es,Colombian,twitter
Ahorquese ps los pies hagale,0,es,Colombian,twitter
Le dedican un reggaeton ahorquese Jaja,1,es,Colombian,twitter
ahorquese hermana,1,es,Colombian,twitter
"Oigan esta demente, decidir sobre su cuerpo... Si quiere decidir sobre su cuerpo ahorquese, peguese un tiro, cortese la lengua, mandese ligar las trompas,... pero cuando aborta esta decidiendo sobre el cuerpo de un bebe indefenso lo esta matando.",1,es,Colombian,twitter
Ahórquese con uno de sus finísimos cinturones,1,es,Colombian,twitter
"ahorquese, es gratis",1,es,Colombian,twitter
Si usted es de es@s amargad@s que atienden a las personas con altanerías ahorquese y no trabaje njd,0,es,Colombian,twitter
"En el tren debería haber un cartelito ""Si siente que su vida no tiene sentido tome pastillas o ahórquese, no le cague el día a tanta gente"".",0,es,Colombian,twitter
Péguese un tiro tome veneno córtese las venas tirese de un peñasco ahorquese puyese con una daga córtese el cuello en dos agarre un vehículo y embarranquese estréllese en moto contra un trailer en movimiento bueno hay ta un par de ideas ok,1,es,Colombian,twitter
ahora entonces ahórquese con papel higiénico u.u JAJAJAJAJAJAILOFIUJAJA,0,es,Colombian,twitter
"Estos payasos creen que yo le responderé 💆🏽‍♀️señores yo me desahogo, digo lo que tengo que decir si no hay algo que debatir usted se puede cagar insultandome y a mi me da 3 pitos, ahorquese de una mata de lechuga, derecho a la libre expresión 😉 nací libre moriré Libre",0,es,Colombian,twitter
"Si quiere suicidarse HÁGALO EN CASA, ahorquese con un elástico y muera por los golpes en el techo con los rebotes",0,es,Colombian,twitter
"Esa gente que se vive quejando de la vida y que Hp Vida y no se que más, mijo (A) compre una cabulla y ahorquese y deje de joder tanto XD",0,es,Colombian,twitter
Si usted cree q la subida del dólar es producto de la gestión de Petro y no de la crisis mundial por favor ahorquese con las cortinas de la sala. Hagale un bien al país!,0,es,Colombian,twitter
"Señor mamerto si está pensando votar por alias el kakas, mejor ahorquese.",0,es,Colombian,twitter
En caso de emergencia rompa el vidrio y si es por despecho ahórquese con la manguera.,0,es,Colombian,twitter
"Ahórquese y sale rápido de eso. Usted fue quien vino a mi TL, yo a usted no lo sigo.",1,es,Colombian,twitter
"Si sus followers provienen de mendigaciones en facebook , ahórquese",0,es,Colombian,twitter
"excusenme por sentirme cómodo diciéndole a mis amigos que los amo cada vez que puedo. Agarre su masculinidad tóxica, haga una soga con ella y ahorquese.",0,es,Colombian,twitter
"Para que sea real el arrepentimiento, ahórquese en vivo.",1,es,Colombian,twitter
Ahorcate con tu propia argolla y yo después me pegó un tiro.,1,es,Colombian,twitter
me cago en tu reputísima madre cabrón culo sucio mamahuevo ojalá quiebre este maldito sitio pa que veas lo mucho q la cagaste con todas estas huevonadas AHÓRCATE,1,es,Colombian,twitter
"MALDITA SARA COMO ME CAGO EN TU VIDA HIJUEPUTA MALPARIDA CAREPICHA POR ESO TE ODIO MAMAPICHAS A VOS QUE TE IMPORTA SI ANDO CON ARETE O NO ESTUPIDA DE MIERDA MORITE, CORTATE LAS VENAS, AHÓRCATE, Y LO GRABAS POR FAVOR HIJUEPUTA ZORRA ME LE CAGO",1,es,Colombian,twitter
cortate las venas gordo down,1,es,Colombian,twitter
ay marico córtate las venas y ya que ladilla,1,es,Colombian,twitter
córtate las venas das pena vergüenza,1,es,Colombian,twitter
"Estaba mirando reels cagandome de risa, después ig se puso en puto y me empezó a mostrar un montón de videos en modo dale cortate las venas ahora",0,es,Colombian,twitter
Loca de mrda cortate las venas,0,es,Colombian,twitter
"xfaa, cortate las venas hasta que te mueras, nadie te quiere en twitter",1,es,Colombian,twitter
"Bro definitivamente no la amas una mierda si la incitas a que se haga daño, mejor córtate tu las malditas venas muérete y así desinfectas un poco nuestro mundo la gente como tú da asco :D",1,es,Colombian,twitter
Verga tener 27 y escribirle a una chamita de 17 no es normal hermano tirate de un balcón o algo,0,es,Colombian,twitter
este año no tires pirotecnia tírate conmigo de un balcón,0,es,Colombian,twitter
"Nadie te quiere por fastidiosa, tírate de un balcón porfa",1,es,Colombian,twitter
"mor, no tires pólvora, tírate de un balcón.",0,es,Colombian,twitter
Tírate de un balcón hijodelagranputa,0,es,Colombian,twitter
"Ah ps si de algo hay q morirse tírate de un balcón o q te atropelle un coche, totaaaal de algo hay q morirseee",1,es,Colombian,twitter
mejor tirate de un balcón nos haces un favor a todos,1,es,Colombian,twitter
Si no te gusta mis tuits pues tírate de un balcón,0,es,Colombian,twitter
"no, tremenda mogolica le decís tirate de un balcon y la estupida se tira de un balcon",1,es,Colombian,twitter
"no tires pirotecnia, tírate de un balcón",1,es,Colombian,twitter
"Entiendo que escuchen reggaeton ebrios, pero sobrios? En serio? Tirate que? tirate de un balcon.",1,es,Colombian,twitter
"Innecesario que sigas respirando. Innecesaria tu vida. Hacele un favor al mundo, y tírate de un balcón bien alto",1,es,Colombian,twitter
"Si a eso le llamas amistad bueno querida, tirate de un balcon no sé. No vendria mal! Jajajajajajajajajajaja",0,es,Colombian,twitter
"te van a criticar por todo, tú solo tírate de un balcón",0,es,Colombian,twitter
Tírate de un balcón a una piscina sin agua,1,es,Colombian,twitter
Prostituta barata tírate de un balcón,1,es,Colombian,twitter
Ya fue Manu tírate de un balcón,1,es,Colombian,twitter
"Ojo, deja ese fierro no te pegues un tiro",0,es,Colombian,twitter
Oficialmente ODIO a mi primo ojala te atropellen -.- maldito!,1,es,Colombian,twitter
Me acuerdo y me sigue dando coraje. ojala te atropellen gordo asqueroso,1,es,Colombian,twitter
"Esta bien que jueguen PokemonGo, pero algunos se pasan de idiotas Ojala Te Atropellen",0,es,Colombian,twitter
En este momento no hay persona con la que este mas enojada como con PauVillaCb ojala te atropellen,1,es,Colombian,twitter
Pinche cesar pendejo Ojala Te Atropellen,1,es,Colombian,twitter
"solo quiero decirte que odio la farándula pero más que la farándula te odio a ti.Enserio,no te da lastimasertu?Ojaláteatropellen.",1,es,Colombian,twitter
"Ojala Te Atropellen, personas no entiende que la banqueta es para el peatón,",0,es,Colombian,twitter
Me recuerda a un Hp que me tiraba el cuento teniendo 13-14 años. Incluso cuando lo denunciaron hace años muchas de sus amigas lo defendieron. Ojala Te Mueras,1,es,Colombian,twitter
Maldita asquerosa ojalatemueras,1,es,Colombian,twitter
OJALA SE MUERA DE CANCER Y QUE SUFRA EL HIJO DE PUTA DEL POLICIA HIJO DE PUTA OJALA TE MUERAS CABRONAZO,1,es,Colombian,twitter
"Me cruzo con un vecino en el ascensor* - Vos sos la que estudia arquitectura no? En qué año estás? - Sii en primero recién - Uff todo lo que te falta, como vas a renegar, acostumbrate a no dormir jajjjajjjjj Gracias amigo re aporta tu opinión a esta altura del año ojalá te mueras",0,es,Colombian,twitter
"Homosexual reprimido del orto, fracasado que vive en la casa de la madre porque no sirve para nada el forro Ojala Te Mates",1,es,Colombian,twitter
AgusAltamirano7 matate (ojalatemates),1,es,Colombian,twitter
métete el visto en el culo. OJALA TE MATES,1,es,Colombian,twitter
"que necesidad, de mostrar una foto de tu ojete... OjalaTeViolen",1,es,Colombian,twitter
PUTO FLORENTINO ojala te violen asqueroso enfermo mental,1,es,Colombian,twitter
a pero esta no te la perdono hija de tu madreee ! ESOOOO NO SE HACE ojala te violen,1,es,Colombian,twitter
puedes irte a la mierda lentamente (: ojala te violen,1,es,Colombian,twitter
"creo que no deberias decir nada con lo que paso, eres un desgraciado mas que hace que pasen estas cosas ojala te violen",1,es,Colombian,twitter
"Televisor conchudo, dos horas para prenderse OjalaTe Violen.",0,es,Colombian,twitter
"que marica es la gente que le saca una foto a sus solicitudes de amistad , ojala te violen ..",0,es,Colombian,twitter
Ella saliendo todos los dias OjalaTe Violen,1,es,Colombian,twitter
"lo unico que me faltaba, que la puta barata esta venga a decirme algo. ojala te violen",1,es,Colombian,twitter
Llamar a una amiga que no veias desde la secundaria y enterarte que andaban con el mismo Ojala Te Violen.,1,es,Colombian,twitter
"Me emperra más abrirle la puerta a una pendeja, porque soy educado, y que ni las gracias dé y ponga cara mamona. OJALA TE VIOLEN.",1,es,Colombian,twitter
"Real, mi cabeza esta 24/7, todo el día, diciéndome pégate un tiro pegateuntiro",0,es,Colombian,twitter
"Puedes mamarte un guevo! Porque al fin y al cabo, eres un mamaguevo y dices puras mamaguevadas! O mejor aún pegate un tiro",1,es,Colombian,twitter
mi mama lleva 20 años haciendo terapia y sigue siendo una loca de mierda pelotuda psiquiatra pegateuntiro,1,es,Colombian,twitter
feodemierda pegateuntiro,1,es,Colombian,twitter
No hay un maldito fin de semana que se levante antes que yo. Pegate UnTiro,0,es,Colombian,twitter
Hay gente q me da rechazo pero la que le pedís un favor y siempre lo hace con paja o con pocas ganas pegateuntiro,0,es,Colombian,twitter
SergioMejia_ usted todavia anda ardido y despechado? peguese un tiro,1,es,Colombian,twitter
cdtrnews peguese un tiro por ardido,1,es,Colombian,twitter
Le exige amistad cuando la ilusiona y regresa de nuevo con su ex. PeguesUTiro oiga,1,es,Colombian,twitter
Ese dj mezclaba mal las canciones mijo pEgUese Un TiRO,1,es,Colombian,twitter
Es Pobre Y vive Lejos y no tiene sueño Peguese Un tiro,0,es,Colombian,twitter
Que si su novio le twittea a otra Peguese un tiro,1,es,Colombian,twitter
"Uno supiera que termina ahorita y no vuelve a saber de Admón Financiera, bueno... pero de hecho falta lo peor la otra semana. Péguese Un Tiro",0,es,Colombian,twitter
"Pegueseuntiro JimenezGenesis : ¿Triste? Triste es tener que darle consejos a la persona que te gusta para que sea feliz con alguien más (n)""",0,es,Colombian,twitter
"jajajaja empayasado en la oficina, no encontraba los audifónos y los tenía puestos peguese un tiro sintoma de viernes",0,es,Colombian,twitter
MananaFinDeAnoYYo en una flota en trancón y con reaggaeton por qué el hp de atrás no le puede bajar el volumen Peguese UnTiro,0,es,Colombian,twitter
"No puedo creerlo, una profesora acaba de escribir en su muro: ""estudiantes y estudiantas"". peguese un tiro",0,es,Colombian,twitter
Confirmado: existe alguien en el mundo que tiene la canción de Pitbull y Marc Anthony como ringtone. péguese un tiro,0,es,Colombian,twitter
"Si se ve en un futuro vestido de pantalon de pana, camiseta blanca matapasiones y camisa sin corbata peguese un tiro",0,es,Colombian,twitter
Frustración: Ver párrafos no justificados #pégueseuntiro,0,es,Colombian,twitter
"""Que encuentren a Dios en su corazón y se regocijen con su presencia. Feliz lunes!!!"" Péguese UnTiro",0,es,Colombian,twitter
"HayGenteQue compra casco abatible sin conocer como se usa, y sale a rodar con el casco abierto. peguese un tiro",0,es,Colombian,twitter
LA MARIHUANA ES NATURAAAAL FUMELA MAMASITA VEA SEVERO VIAJE -No Quiero Porque Me Quiero Peguese Un Tiro.,0,es,Colombian,twitter
"Tras de que es feo, se viste feo, juega de gracioso y solo estupideces dice... peguese un tiro",1,es,Colombian,twitter
MaEstuardo : A quien no le gusta Metallica? A todo les gusta.//y a quien no le guste simplemente Peguese Un Tiro porque esta en la mierda,1,es,Colombian,twitter
"Me encanta el sarcasmo de este cliente.,. Me pregunto si así maneja los temas de su vida personal peguese un tiro",0,es,Colombian,twitter
"Con asombro me entero que la parrilla de la tv nacional los días sábado, esta tomada de 2 a 9pm por Cantinflas. péguese un tiro",0,es,Colombian,twitter
Peguese UnTiro si es mas bajito que yo...,0,es,Colombian,twitter
No puede con las de la u y le toca con colegialas peguese un tiro,0,es,Colombian,twitter
"El pastor que vino a mi Colegio esta semana es TAN estúpido que cree que ""The Beatles"" significa ""Los Buitres"" Peguese Un Tiro",0,es,Colombian,twitter
Cual es la puta necesidad de decirle bb al novio o novia.. ah.? Peguese Un Tiro,0,es,Colombian,twitter
"Un Saludo A Usted que tiene de apodo ""Pupú"", por ser negro Péguese UnTiro",1,es,Colombian,twitter
Las calles están imposibles peguese un tiro,0,es,Colombian,twitter
"Si nada le gusta, si no está feliz con su vida ni conforme con nada, no sufra más! Péguese Un Tiro y deje de amargar a los demás.",1,es,Colombian,twitter
"Si UD es de los q usa el argumento ""A mi todos me tienen envidia, por eso me odian"" es porque tiene alma de ""Divo"", así q Tirese De Un Puente",0,es,Colombian,twitter
Amo fastidiar lo que no me gusta es cuando se vuelve grosería por no aguantar.... Tirese De Un Puente,0,es,Colombian,twitter
"—La vida ya no es igual sin ti a mí lado, que ganas de morirme. —ENTONCES VAYA Y TÍRESE DE UN PUENTE MALPARIDA FASTIDIOSA.",1,es,Colombian,twitter
vianogamarra DeLaCalleHum and 2 others Jajajaja señor tirese de un puente por favor. Le haría un favor al país.,1,es,Colombian,twitter
Osea si el doctor le dice tirese de un puente usted lo hace ? No seas aguevao,0,es,Colombian,twitter
Replying to Fernand90142047 richizuluaga and 15 others No. La física no tiene ideología. Tírese de un puente y me dice si la gravedad funciona,1,es,Colombian,twitter
Replying to padresalvajee Ñero mejor tirese de un puente,1,es,Colombian,twitter
"En serio que tan inhumano hay que ser para tirar a un perro de un puente. Mejor tírese usted, nos hace un favor a todos",0,es,Colombian,twitter
Replying to luisoliveros13 Sr. tirese de un puente.,1,es,Colombian,twitter
"zid_benavides vanessavallej0 Entonces tirese de un puente, someterse a una vacuna cuyos efectos adversos de los que nadie se hace responsable es directamente proporcional a lo que le sugiero. Usted lo haría?",0,es,Colombian,twitter
"osodelnorte3 Sabina_Kathita ladamita_txt Tírese de un puente mejor, ahí será más aporte, nefasto",1,es,Colombian,twitter
"POR QUÉ MALTRATAN LOS ANIMALES? SI TIENE TANTA IRA ARRANQUESE LOS OJOS O VAYA TIRESE DE UN PUENTE, PERO NO SE META CON LOS ANIMALES, GRAN HIJUEPUTA MISERABLE",1,es,Colombian,twitter
si le dedican un reggaeton tírese de un puente,0,es,Colombian,twitter
"uno de mis mejores amigos: ""bobo hijueputa lo odio tírese de un puente, si pudiera viajar en el tiempo y ahorcarlo con su propio cordón umbilical lo haría"" yo: será que es pa mi?",0,es,Colombian,twitter
"Hay un muchacho en el puente del terminal de Manizales queriéndose suicidar y lo único que le he oído a la gente es "" Está queriendo llamar la atención"" "" Si se hubiera querido matar ya hace ratos se hubiera tirado"" "" Tirese y deje la payasada"" De verdad nos falta tanta empatía",0,es,Colombian,twitter
"No hay ser más despreciable que el que trabaja con pereza y tiene que atender a otra gente ¡Amigo, ceda ese puestico y tírese de un puente!",0,es,Colombian,twitter
"¿Usted es de esos que le dice lo mismo a todas? Uy no marica, tírese de un puente",0,es,Colombian,twitter
"Dijo el profesor ""la vida es para machos, si usted va a estar llorando y sufriendo, tirese de un puente"" y pues si hijueputa, tiene razón, a lucharlaaaaaa.",0,es,Colombian,twitter
Oiga Lagarto Váyase a la mierda y tírese de un puente.,1,es,Colombian,twitter
"Si usted es de esos que responde hasta los ""JAJAJAJA"" déjeme decirle que esta enamorado, busque ayuda. Tírese de un puente o Algo.",0,es,Colombian,twitter
"qué asco contigo maldito inservible ya suicidate en vez de estar publicando en las redes que te quieres morir, cobarde de mierda",1,es,Colombian,twitter
suicidate y grábalo porfis,1,es,Colombian,twitter
Que es esto? Los hombres hablando mal de las mujeres? Criticando?? Suicidate viejona.,1,es,Colombian,twitter
Que pesaaaaar suicidate mejor,1,es,Colombian,twitter
"Odio el maldito transporte público de mi ciudad, maldita la hora en que volví a esta mierda, cómo es posible que salga de casa a las 4:40 de la mañana y a esta hora este a medio viaje. Maldita sea.",0,es,Colombian,twitter
"Tú estás peor, tu vida no vale nada, suicidate.",1,es,Colombian,twitter
TU PUTA MADRE SI TANTO TE QUIERES MORIR SUICIDATE,1,es,Colombian,twitter
¿Cuál es tu gracia? - Suicidate,1,es,Colombian,twitter
suicidate perro hijo de puta!!!! Igual nada se pierde.,1,es,Colombian,twitter
"Deja de quejarte de la maldita vida, si sos tan sufrida, pues suicidate y deja de joder!",1,es,Colombian,twitter
Me hace un favor? -Suicidese,1,es,Colombian,twitter
"Me fastidian sus lamentos, suicidese y no joda tanto!!!",1,es,Colombian,twitter
Sí ya pasó 1 año y no a superado al ex mca suicidese!!,0,es,Colombian,twitter
"La vida es como es y punto... asi de simple, si no le gusta suicidese!",0,es,Colombian,twitter
Por tacaña hahahaha un audio de 3 min suicidese jaja,1,es,Colombian,twitter
bueno entonces si todo el mundo está contra ud (hasta WinLiveMsn) suicídese... ja ja ja mentiras,1,es,Colombian,twitter
Pues suicidese entonces,1,es,Colombian,twitter
"Si su felicidad depende de alguien más, suicidese!!",0,es,Colombian,twitter
Le tengo la solución... Suicidese!!!,1,es,Colombian,twitter
suicídese... más aire para respirar jajajaja,1,es,Colombian,twitter
"Si usted es uno de los que le da ""Like"" a sus propias publicaciones de Failbook, suicídese.",0,es,Colombian,twitter
La doble moral me mamá! Suicidese,1,es,Colombian,twitter
Majo: suicidese.,1,es,Colombian,twitter
"""Si usted sigue quedando maluquillo aún con instagram suicidese hermano ...” jajaja q man tan sincero!",0,es,Colombian,twitter
Si esta tan triste suicidese,1,es,Colombian,twitter
Mamita ya es hora de superar el novio de hace como 30 años..... la vida sigue o suicidese,1,es,Colombian,twitter
"Si usted ha votado por santos o uribe y alega porque la salud es un asco,suicidese esa es la salida su patria lo agradecera.",0,es,Colombian,twitter
Que persona tan hipócrita suicidese,1,es,Colombian,twitter
UD SABE QUE UD PARA MI SIEMPRE SERA MI NOVIO ASI QUE SUICIDESE SI QUIERE!,1,es,Colombian,twitter
lo berraco es donde uno se enamore de una persona bajo los efectos del alcohol allí sí suicidese ola,1,es,Colombian,twitter
"Lo más lindo y motivador de la vida es la familia, si usted es muy rudo y no cree eso o no tiene familia así no sea de sangre, suicídese.",1,es,Colombian,twitter
No le gusta vivir??/ Suicidese entonces!!,1,es,Colombian,twitter
colabore con la erradicación de la plaga... suicidese,1,es,Colombian,twitter
"Me salió PUNTAJE NO DISPONIBLE por favor suicidese ,vuelvase ermitaño o mejor dicho deje de intentar ud ya perdió.",1,es,Colombian,twitter
"Suicídese, ¿Ya no se había ido a dormir pues?",1,es,Colombian,twitter
"si usted tambien se ve marica haciendo pucheros como yo, suicidese JAJAJA.",0,es,Colombian,twitter
Si te dicen tenemos que hablar vea suicidese,1,es,Colombian,twitter
"Escriba bien o suicidese, yo le ayudo.",1,es,Colombian,twitter
Pues suicídese y deje de colocar maricadas. :v,1,es,Colombian,twitter
_Posesiva Suicidese ahora jajajajjajaajjajajjaa,1,es,Colombian,twitter
Suicidese es lo mejor para todos.,1,es,Colombian,twitter
SUICIDESE MARICA,1,es,Colombian,twitter
oye pues suicidese que mamera,1,es,Colombian,twitter
Vuélese la tapa de los sesos con una pistola.,1,es,Colombian,twitter
Arrojese calladito y deje de quejarse.,1,es,Colombian,twitter
Asómese a las tasas de desempleo general y juvenil y arrójese por un barranco.,1,es,Colombian,twitter
"Arrojese dl balcón una vez x todas, cómo lo prometio, no sea mentiroso hombre grande",1,es,Colombian,twitter
"Uribe, Colombia lo olvidó. Cumpla y arrójese al Río Magdalena.",1,es,Colombian,twitter
Lamentablemente este tren no frena. Arrójese si lo desea.,0,es,Colombian,twitter
Basura marxista. Arrojese en el basurero de la Historia.,0,es,Colombian,twitter
Una experiencia recomendable para cualquier mortal es que se tire de una tirolesa...en algunos casos pónganse el seguro...en otros..arrojese sin nada.,0,es,Colombian,twitter
"En la tele acaban de decir ""Ante tormentas eléctricas arrójese en una zanja"", no hay remate.",0,es,Colombian,twitter
arrójese al vacío cuando suene el tono.,1,es,Colombian,twitter
"Si usted es de esos que dicen ""Tabogo"", por favor, arrójese del Salto del Tequendama ahora mismo.",0,es,Colombian,twitter
"""Ame a la mujer más de lo que se merece, arrójese al mar y penetre en lo hondo, pero jamás olvide el salvavidas.""",0,es,Colombian,twitter
"Si está en un vehículo, arrójese al piso de la unidad y busque proteger a los menores, en caso lo acompañen, no salga corriendo de la unidad, puede ser confundido con un criminal escapando de la escena del crimen.",0,es,Colombian,twitter
Si quiere colapsar el sistema vaya y arrójese a las vías del metro en hora pico. Pero deje de decir esta clase de estupideces.,1,es,Colombian,twitter
"Hoy es dia internacional del hombre, si conoce alguno, arrójese a sus brazos, béselo con frenesí, despójelo de sus ropas y hágale el amor.",0,es,Colombian,twitter
"Si usted no tiene humor, arrójese por un barranco.",0,es,Colombian,twitter
"Cuando se cierra una puerta, se abre una ventana. Arrójese por ella",1,es,Colombian,twitter
"Arrójese, pues, la perspectiva liberal al vertedero.",0,es,Colombian,twitter
en caso de incendio arrójese al fuego,1,es,Colombian,twitter
"¿Por qué limitarse con las mano? Queremos compromiso señor, arrójese a la hoguera mejor.",0,es,Colombian,twitter
"En caso de cursilería, arrójese a la escueta racionalidad.",0,es,Colombian,twitter
"Arrójese a un pozo, por favor.",1,es,Colombian,twitter
"Señora Lucía no se tire un tarro con agua y hielo, arrójese a un volcán.",1,es,Colombian,twitter
"Si escucha tiros, no sea gil y arrojese al suelo. Es lo único que le puede salvar la vida, dado que la oposición se niega a aprobar proyectos, para recuperar seguridad ciudadana.",0,es,Colombian,twitter
"Arrójese a los brazos de la paisa que le diga ""estoy arrecha"" y huya por su vida si una santanderiana le dice ""estoy arrecha mano""",0,es,Colombian,twitter
Profe usted y sus videos de natación Online mas bien arrojese al agua y nos enseña!,0,es,Colombian,twitter
"Si el amor toca a su puerta, arrójese a él, vacío.",0,es,Colombian,twitter
"Si las cosas se enredan, cierre los ojos y arrójese al nudo.",1,es,Colombian,twitter
"Quien esté libre de contradicciones, arrójese la primera piedra por pinche falsx",0,es,Colombian,twitter
Cualquier impulso arrójese en la orilla.,1,es,Colombian,twitter
"Cuando el agua esté a cien grados, retire el recipiente con cuidado, llévelo hasta su rostro y arrójese el líquido caliente en la vista.",1,es,Colombian,twitter
"Señora, por favor, abra una puta ventanilla. Y arrójese. Gracias.",1,es,Colombian,twitter
Abra el gas de la estufa. Encuentre una buena viga y ahórquese. Puede elegir el método que quiera. Pero es su mejor oportunidad.,1,es,Colombian,twitter
"No es problemas ,salvo que si al apretar se haya encendido la estufa ,de ser así, abra la llave del gas y presione el encendido de la estufa a ver si prende la tele ,si es así, todo normal",0,es,Colombian,twitter
no perdonan ni la burla. Que abra el gas de su estufa 3 minutos a ver si no apesta!! Nadie sintió el olor a gas??? No creo!,0,es,Colombian,twitter
vamos a hacer una dinámica abra todas las llaves de la estufa y deje que salga el gas por 5 segundos y espere que *de el flamazo*,0,es,Colombian,twitter
Quien dude de la guerra mediática en curso es un analfabeta político.,0,es,Colombian,twitter
Los vi muy felices votando por Francia Márquez no más porque es negrita y activista pero si destituyen a Petro quedamos con una analfabeta de presidente,1,es,Colombian,twitter
"Acabo de leer que ganó la ratera, la analfabeta. Y yo solo puedo decir que ahora si disfrutarán lo votado todos los hediondos que eligieron esa opción",1,es,Colombian,twitter
Es una analfabeta funcional con ínfulas de gran estrella de la comunicación. No tiene decencia ninguna ni moralidad,1,es,Colombian,twitter
"Esto quieres para ti los próximos 6 años, qué una analfabeta y corrupta te gobierne.",0,es,Colombian,twitter
más analfabeta q vos? no creo q haya,1,es,Colombian,twitter
"Dejen de ser tan bestias, que uno puede ser analfabeta pero tener algo de raciocinio.",1,es,Colombian,twitter
"Vagabunda si, analfabeta nunca",0,es,Colombian,twitter
Calaña y analfabeta,1,es,Colombian,twitter
"Analfabeta y fascista, es lo que eres.",1,es,Colombian,twitter
Analfabeta funcional,1,es,Colombian,twitter
sono un analfabeta,0,es,Colombian,twitter
"El más antidemócrata de los expresidentes de la era moderna, aparte analfabeta.",1,es,Colombian,twitter
GUSTAVO BOLIVAR. UD ES UN BANDIDO CORRUPTO. BOGOTA NECESITA UN LIDER NO UN LADRÓN.,1,es,Colombian,twitter
"Este bandido que esta al servicio de la banda delicuencial pacto historico es el acosador de periodistas. Alias ""Julian el progre"" JulianProgre. Es un Afroamericano que le da vergüenza ser negrø.",1,es,Colombian,twitter
"Ni dudarlo, además quedó claro que nos gobierna un desquiciado que además de bandido, terrorista, comunista es drogadicto.",1,es,Colombian,twitter
CREO QUE FRANCISCO BARBOSA ES UN BANDIDO.,1,es,Colombian,twitter
Lo único que se le da a un bandido…es plomo.,1,es,Colombian,twitter
"Los colombianos ñ, el ejercito y todo el mundo saldrán a la calle hasta que petro se largue.... por que petro es un bandido y producto!!! Y si lo defiendes aun, es que eres pago o bruto!!",1,es,Colombian,twitter
Cuando llegue un bandido retirado a tu vida conocerás lo que es que te quieran bonito.,0,es,Colombian,twitter
BARBOSA Y SUS CORTINAS DE HUMO.... ¿usted es un bandido corrupto está ayudando a narcotraficantes? Responda y basta ya de sus cortinas de humo..,1,es,Colombian,twitter
"Sabíamos que no era conveniente para el país que un bandido impune como el, llegase a la presidencia.",1,es,Colombian,twitter
qué difícil es encular a un bandido,0,es,Colombian,twitter
"Definitivamente el que siga siendo petrista después de los audios de Benedetti, o es corrupto y bandido o es un completo enfermo, descerebrado, demente e imbécil!",0,es,Colombian,twitter
"El fiscal es un bandido arrinconado , peligroso",1,es,Colombian,twitter
"Es mejor irse a dormir bajo los efectos de un bareto, que de las palabras de bandido mentiroso 😌",0,es,Colombian,twitter
Se hace el bandido y es un bebé😂,0,es,Colombian,twitter
es un bandido,0,es,Colombian,twitter
Cómo así que el comisionado Danilo Rueda es un “activista del ELN? Hp pero es que no hay ni un solo funcionario de este gobierno que no sea bandido?,1,es,Colombian,twitter
usted es un BANDIDO más....,1,es,Colombian,twitter
Que JAMÁS se olvide q el Ex-Convicto ⁦ @petrogustavo ⁩ es un Vulgar Bandido.,1,es,Colombian,twitter
"Millones de idiotas útiles que fueron advertidos hasta el cansancio, hoy andan muy arrepentidos (como era de esperarse) de haberle dado el voto al guerrillero asesino, sádico, mitómano y bandido secuestrador comunista del M19. Un agente de la ex KGB, explica qué es ""idiota útil""",1,es,Colombian,twitter
Si usted confía en él es porque efectivamente es un bandido. Jajajaja,1,es,Colombian,twitter
Lula es un bandido típico viejito bonachón engañador .,1,es,Colombian,twitter
"Que tristeza, lastimosamente hay que compartir oxigeno con bestias como tu. Petro es un bandido!! Ustedes apoyaron a un bandido. Simple.",1,es,Colombian,twitter
Dirán que es un bandido o que siendo bandido fue valiente y contó todo salvando el país. Escoja.,1,es,Colombian,twitter
Lo difícil que es ser un bandido cuando tenés cara de bebe,0,es,Colombian,twitter
"Típico del uribismo: hoy me aborda un muchacho a pedirme una firma que en contra del aborto, y cuando leo la hoja, efectivamente, era la firma para el referendo que estado impulsando el Uribismo. El que es bandido, no deja de ser!!!",1,es,Colombian,twitter
Este es un Bandido guerrillero Ojibrotado renuncie miserable por el bien de Colombia y el Mundo.,1,es,Colombian,twitter
se sabe q usted es un mantenido y Bandido,1,es,Colombian,twitter
"Hoy vi criminal minds, entre a la morgue, estuve todo el día con belén y hablé con un bandido, ese es el nivel de multitasking que hice",0,es,Colombian,twitter
"El fiscal Barbosa, como todo un delincuente, incita a las fuerzas armadas a desobedecer al presidente ⁦ petrogustavo ⁩ quien es su comandante supremo. El bandido utiliza el cargo para delinquir descaradamente.",1,es,Colombian,twitter
"se hacen las q quieren un bandido un drogadicto y no se q ajajsjs no tienen ni puta idea d lo q es lidiar con ese tipo d situaciones, dejen d romantizar pelotudeces mononeurales d mierda",0,es,Colombian,twitter
"Esta aculillado y muerto del susto. Con la presencia de la Corte Penal Internacional, oficina qué le descubrirá todas sus fechorías y que indudablemente lo pondrán tras las rejas. Todo bandido al verse descubierto, miente. Es un ser ruin",1,es,Colombian,twitter
Usted es un bandido igual a JorgeIvanOspina no sé cómo hacen??,1,es,Colombian,twitter
Lo que tenemos de presidente es un bandid,1,es,Colombian,twitter
"el general Oscar ""Coca"" Naranjo es un bandido",1,es,Colombian,twitter
Todos sabemos q petrogustavo es un bandido no defienda lo indefendible.,1,es,Colombian,twitter
El bandido corrupto de barbosa es solo un ave de carroña de paso. No se dejen manipular y no violen la privacidad de las personas,1,es,Colombian,twitter
"Ese Leiva que es un bandido,",1,es,Colombian,twitter
Petro es un bandido de la peor calaña. ¿Qué más habrá pasado y que está oculto?,1,es,Colombian,twitter
nunca juegues con una bandida retirada que se está portando bien 🙇🏻‍♀️,1,es,Colombian,twitter
¿Cuántos de ustedes creen que ella es una BANDIDA?,0,es,Colombian,twitter
Sabe que tengo sangre de bandida y todavía se viene a portar mal conmigo,0,es,Colombian,twitter
La más bandida y se sabeeeeee,0,es,Colombian,twitter
Q tal la bandida esa.,1,es,Colombian,twitter
lo bandida no quita lo tierna,0,es,Colombian,twitter
Oh vida bandida,1,es,Colombian,twitter
"ha sido una GRAN temporada de ser bandida, soltera y lokiar, me retiro",0,es,Colombian,twitter
A La bandida de la Cabal solo le creen sus BABOSADAS los borregos del NarcoParaUribismo.,1,es,Colombian,twitter
La verborrea de una bandida como la Cabello es lo que tiene a la @PGN_COL sin credibilidad alguna ante el país.,1,es,Colombian,twitter
"muere una enamorada, nace una bandida",0,es,Colombian,twitter
Esto si es inaceptable por parte de la bandida corrupta @mluciaramirez y sus alianzas con alias Memo fantasma el aliado de Pablo Escobar.Sinvergüenza.,1,es,Colombian,twitter
La bandida de Marta Lucía Ramírez investigada en Italia,1,es,Colombian,twitter
Yo me quiero hacer la bandida pero la realidad es que tengo un corazón de pollito y fui criada por floricienta. Perdón.,0,es,Colombian,twitter
"Tocó volverme bandida, así les gustan",0,es,Colombian,twitter
me tocó ser bandida ya q la versión de enamorada no me gusta,0,es,Colombian,twitter
"Podría volver a mi vida bandida, pero mi Fátima de ahora no me permite compartirme con cualquiera ni estar en lugares que no quiero solo por no sentirme “sola”, he aprendido mi lección y aprender es avanzar ❤️🫰🏼 nadie nunca me va a quitar mi buen corazón.",0,es,Colombian,twitter
bandida solo la que se deja pillar,0,es,Colombian,twitter
Se ponen todos re cariñosos y yo estoy re bandida!!!! JAJAJAJ,0,es,Colombian,twitter
Eres tan bandida que ya no se si creer en ti.,1,es,Colombian,twitter
uno que quiera formalizar para dejar de ser bandida,0,es,Colombian,twitter
Hoy me dijeron que tenía cara de bandida,0,es,Colombian,twitter
ya te vimos hermana sos re bandida con tus uñas de 5 metros de largo,1,es,Colombian,twitter
"Le fallé a la vida de bandida, siempre termino enamorándome ush",0,es,Colombian,twitter
Bandida como el papá.,1,es,Colombian,twitter
"la incoherencia del guerrillero presidente. tiene el pais en caos, la gasolina exploto.",1,es,Colombian,twitter
"Semejante rata este Canciller Leyva, si lo único q le ha hecho al país es daño.",1,es,Colombian,twitter
Este gobierno petro es de bandidos y narco guerrilleros,1,es,Colombian,twitter
Muchas Gracias guerrillero @petrogustavo por mostrarnos su calidad de gabinete nefasto a todos los colombianos; y los mamertos siguen pensando que él tiene el control. Se están sacando los trapos al sol entre los mismos,1,es,Colombian,twitter
"Sería excelente si esto ocurriera, sería el preámbulo de la caída del terrorista petrogustavo",1,es,Colombian,twitter
"El criminal de GustavoBolivar le ponía cita a Diego y su compañero, después se negaba a salir y les echaba la policía,",1,es,Colombian,twitter
A la Rata de petrogustavo lo filman con bolsas de Dinero. El Hampón de Roy Barreras RoyBarreras se le olvida Maleta llena de plata.,1,es,Colombian,twitter
"El guerrillero creé que está en campaña, dizque incitando a marchas",1,es,Colombian,twitter
Un mensaje para el guerrillero de @petrogustavo Colombia y las instituciones se respetan.,1,es,Colombian,twitter
¿Como calificarías la gestión del Guerrillero Gustavo Petro como presidente de Colombia 🇨🇴?,1,es,Colombian,twitter
"El guerrillero Gustavo Petro, convoca marchas para que respalden sus narco REFORMAS, mientras que los narcoterroristas Farc, obligan a los habitantes a asistir a ellas.Negocio redondo del narcotráfico.",1,es,Colombian,twitter
Definitivamente Si hay un golpe de estado en este momento contra el Guerrillero @petrogustavo,1,es,Colombian,twitter
"Guerrillero, ¿Todo bien en casa?",1,es,Colombian,twitter
Hasta los animales perciben la maldad del guerrillero de Petro!,1,es,Colombian,twitter
"Que vergüenza, que asco y que rabia tener a este esquizofrénico guerrillero @petrogustavo de Presidente.",1,es,Colombian,twitter
"Guerrillero @petrogustavo , ya el país sabe que la coherencia no es lo suyo pero si aún le queda algo de vergüenza, le solicito que renuncie a su cargo como presidente de Colombia. Las prácticas (chuzadas) que critico en el pasado, hoy hacen parte de su administración.",1,es,Colombian,twitter
Debe estar triste la comunista María José Pizarro. Háganle llegar esto que me tiene bloqueado ! Ahí están con Monedero y el Guerrillero de Petro,1,es,Colombian,twitter
"El hijo de puta de petro les pagaba para que acabarán con el país, guerrillero hijo de puta.",1,es,Colombian,twitter
"Siglos después, en un giro digno de comedia, el guerrillero desquiciado Gustavo Petro sigue los pasos del demente emperador al nombrar a su amada mula, ""Imeme"", como Ministra de Minas en Colombia.",1,es,Colombian,twitter
"El guerrillero Gustavo Petro, también fue impuesto por Cuba y todos los bandidos de Colombia.",1,es,Colombian,twitter
"Esta es la guachafita en la que se convirtió el recinto de los padres de la patria. El cantante, un guerrillero de las FARC. Colombia es un CAOS.",1,es,Colombian,twitter
"Qué circo ese recinto del Congreso es un relajo como el Gbno. Del guerrillero , y tiene el país patas arriba !",1,es,Colombian,twitter
Todo un circo este desgobierno,0,es,Colombian,twitter
"Cuando drogadictos ,guerrilleros y delincuentes están haciendo reformas .Que vergüenza de País",1,es,Colombian,twitter
La plata de los contribuyentes que se recoge con impuestos se los gastan los @SenadoGovCo de manera irresponsable,0,es,Colombian,twitter
"El circo de la política en Colombia. Eso pasa cuando quienes ahí entran son: actores fracasados,terroristas y lagartos....",1,es,Colombian,twitter
"Que lamentable, que triste y que marginalidad lo que le tocó ahora a esa gran nación como Colombia, gente tan honorable y culta a ver dado paso a esta chabacanería",0,es,Colombian,twitter
El circo del comunismo,0,es,Colombian,twitter
"De Petro nada sorprende, es comunista, guerrillero, narco q podemos esperar?",1,es,Colombian,twitter
De modo que el guerrillero decidió sacar a patadas a Laura y al SIMIO del gobierno.,1,es,Colombian,twitter
"La solución no es que salga del gobierno Bebedetti o la “torturadora” laurisarabia si el Guerrillero exconvito hampón sigue en la presidencia solo se cambiará a los payasos pero no al dueño del circo,",1,es,Colombian,twitter
"En ésto sale el Guerrillero @petrogustavo a decir...""no la conozco""",1,es,Colombian,twitter
Me preocupa el rumbo que está tomando mi país. Lo veo como un barco dirigido por un pirata guerrillero lleno de ratas hambrientas devorándose entre ellas.,1,es,Colombian,twitter
"Se acerca un aniversario más del natalicio del guerrillero heroico. Un día marcado por la gloria que supo forjar en su vida de revolucionario internacionalista. #Cuba te adoptó como un hijo más, y aún hoy te benera",0,es,Colombian,twitter
"Este país necesita es un Bukele o un Javier Milei, hay que tumbar al guerrillero.",1,es,Colombian,twitter
Currículum vitae de @petrogustavo Como ser humano: UNA LACRA Como guerrillero: UN GENOCIDA Como político : UN CORRUPTO Como Alcalde : UN INEPTO Como administrador: UN FRACASO Como político: UN EMBAUCADOR Como dirigente : UN TERRORISTA,1,es,Colombian,twitter
Un minuto de silencio por bodegueros como tú... Que su vida no tendria sentido si no fuera por el guerrillero.,1,es,Colombian,twitter
"Lo peligroso es que la hija de un guerrillero que perseguía a ciudadanos y magistrados para extorsionarlos, amenazarlos, incendiarlos, secuestrarlos, asesinarlos, quemarlos, por “fines políticos” quiera realizar un “revisionismo” de la historia de sangre, destrucción y muerte que lleva su padre hablando de Hitler, lo cierto es que su papá no es muy diferente a Hitler, dos hombres enfermos mentales a los que no les intereso tomar las armas y usarlas contra todo aquel que no pensara como ellos.",1,es,Colombian,twitter
¿Quiénes están mamados del gobierno del politiquero y guerrillero @petrogustavo ? Sígueme y te sigo. LAS DE DERECHA SOMOS MÁS. Defendamos Colombia 🇨🇴,1,es,Colombian,twitter
Esto no es casualidad. El guerrillero petrogustavo se empeñó en atacar la prensa y sembrar odio hacia los Periodistas en sus esbirros.,1,es,Colombian,twitter
"Según el narco guerrillero ""presidente"", @petrogustavo , el coronel Dávila se disparó en la ""CIEN"".",1,es,Colombian,twitter
Pregunta abierta y objetiva: Usted creé que el Gobierno Guerrillero y corrupto puede mandar asesinar al Fiscal General de la nación Francisco Barbosa?,1,es,Colombian,twitter
¿El exconvicto Guerrillero hampón engañabobos de petrogustavo dio la orden de suicidar al coronel desde su discurso de odio hace 2 días?,1,es,Colombian,twitter
Benedetti si no lo protege los Estados Unidos le va a pasar lo mismo que el policía de las chuzadas….el guerrillero lo va a mandar a matar.,1,es,Colombian,twitter
"Si Armando Benedetti es inteligente, debería irse para los EEUU y contar todos las porquerías del guerrillero narcoterrorista Gustavo Petro.",1,es,Colombian,twitter
Bukele no se cansa de humillar al borracho empedernido y guerrillero que preside Colombia 👏🏻,1,es,Colombian,twitter
"El guerrillero ex convicto engañabobos petro acepta de manera pública e implícita su responsabilidad en las chuzadas y poligrafos ilegales del gobierno,",1,es,Colombian,twitter
"Que vergüenza, que asco y que rabia tener a este esquizofrénico guerrillero @petrogustavo de Presidente.",1,es,Colombian,twitter
"Adolescentes del SENA a quienes les levantaron sus tutorías para obligarlos a marchar en favor del guerrillero, niños llevados a las calles por este gobierno para apoyar sus reformas.",1,es,Colombian,twitter
"Jajajajaja el Guerrillero hampón @petrogustavo engañabobos no convocó una marcha, convocó una pequeña izada de bandera",1,es,Colombian,twitter
EX GUERRILLERO REVELA SUPUESTO VINCULO DE MAMELUK0 CON LAS FARC EP 1ERA PARTE,1,es,Colombian,twitter
Oiga Guerrillero hptx petrogustavo ...por acá le hablan desde las Españas 😅,1,es,Colombian,twitter
Petro es un bandido de la peor calaña. ¿Qué más habrá pasado y que está oculto?,1,es,Colombian,twitter
"Momia, si de drogadictos se trata, ¿Que esperan para apoyar el retiro del guerrillero?",1,es,Colombian,twitter
"El hampón anda desesperado. Niños marchando? Los que no son pagos, son obligados. Típico comportamiento guerrillero",1,es,Colombian,twitter
"Vea pues, entonces el presidente y guerrillero se volvio experto en criminalistica? Esta reemplazando a la Fiscalia General de la Nación? A",1,es,Colombian,twitter
El guerrillero mata vacas le llama errores a los crímenes que cometió el FaMiLioN,1,es,Colombian,twitter
"Están pagando, están pagando, están pagando todo el mal.",0,es,Colombian,twitter
A ti te tienen chuzado pero no el teléfono,0,es,Colombian,twitter
"La verdad es que la administración de Petro, tal y como está funcionando, es dañina para todo el mundo, incluidos los petristas de base. Aunque los mismos no quieran verlo.",0,es,Colombian,twitter
"Sra loca de Tolú ,no es Petro, es Presidente Petro respete a sus superiores.Y respete si quiere que lo respeten, mientras ud siga diciendo guerrillero y usando términos peyorativos para referirse al Presidenre, de loca divo de Tolú no lo bajaremos.",0,es,Colombian,twitter
Yo de usted esperaba h esta historia le falta mucho,0,es,Colombian,twitter
"Ellos son expertos en aplicar la famosa ley del embudo. Pero les quedó ya muy difícil seguir acomodando todo a su conveniencia. Todo se está destapando y están muy mal parados. Ojalá no tapen con esto lo del hijo, que también es muy grave.",0,es,Colombian,twitter
"Y de Mancuso no dicen nada, arman escándalos para opacar lo importante lo que realmente nos debe indignar.",0,es,Colombian,twitter
"Siempre los organismos de seguridad tiene sus formas de controlar y anticipar a hechos terroristas contra terroristas,lo malo es quienes los utilizan para sus beneficios propios, los anteriores gobiernos sus funcionarios? Este gobierno también ! para que se hacen los ""sanos",0,es,Colombian,twitter
"No lindo, unas manzanas podridas no matan más de 5.000 personas y las hacen pasar por guerrilleras, eso es un sistema montado y conocido desde el alto mando",0,es,Colombian,twitter
"Patético, vaya forma de expresarse, por más que quieran decir que hicieron algo por el pueblo,",0,es,Colombian,twitter
Redujeron la pabreza de ellos pero del pueblo nunca,0,es,Colombian,twitter
Aumentó el empleo pero para sus familiares,0,es,Colombian,twitter
FreddGato,0,es,Colombian,twitter
Celebro el acuerdo de cese al fuego entre el gobierno de ⁦ petrogustavo ⁩ y la guerrilla del ELN. Invito a las otras fuerzas guerrilleras a lo propio y a avanzar en La Paz total,0,es,Colombian,twitter
Petro firma un cese al fuego de seis meses con la guerrilla del ELN en La Habana,0,es,Colombian,twitter
A Marbelle la chuzaba la guerrilla pero de otro modo.,0,es,Colombian,twitter
El presidente brasileño felicitó a su homólogo Gustavo Petro por el acuerdo alcanzado con esa guerrilla y le reiteró su respaldo al proceso.,0,es,Colombian,twitter
"Señores de La Silla Vacía, rechazamos toda afirmación fuera del contexto democrático. Los acuerdos de paz son entre el Estado y la guerrilla del ELN.",0,es,Colombian,twitter
¿La fuerza pública no podrá defender a las víctimas de la guerrilla?,0,es,Colombian,twitter
"Por ahora, el jefe negociador de esa guerrilla, Pablo Beltrán dice que el cese les permite seguir secuestrando y extorsionando.",0,es,Colombian,twitter
"A los campesinos se les metían los paracos, les revolcaban todo, matan a sus animales, los obligan a salir con lo que tienen puesto y se quedan con sus tierras porque supuestamente eran colaboradores de la guerrilla, así se apropiaron de medio país y no hubo tanta ""solidaridad"".",0,es,Colombian,twitter
"La guerrilla narco Terrorista de las farc le dan 5 días a los Policías del corregimiento del charra Guaviare, para salir del lugar ya van tres días del plazo hoy 9 de Junio de 2003",0,es,Colombian,twitter
Era más chévere cuando todos odiábamos a la guerrilla.,0,es,Colombian,twitter
"El logro más importante después del Acuerdo de Paz con las FARC EP, es el comienzo del fin de la guerra del Estado colombiano y la guerrilla del ELN.",0,es,Colombian,twitter
"Fácil, que los terroristas mediáticos de RevistaSemana le pregunten a los niños si la guerrilla del ELN los tenía secuestrados.",1,es,Colombian,twitter
"¿Ya le preguntó a la guerrillera si los tiene? Es una posibilidad, que dadas las circunstancias, por el momento sería el mal menor.",1,es,Colombian,twitter
"47 años de ejercicio periodístico y nunca en Colombia la libertad de prensa se vio amenazada como en estos días! Ni en las peores épocas de influencia del narcotráfico, guerrilla o politiquería. Delicado !",0,es,Colombian,twitter
"Antes de que llegara esta generación de maricas y mariguaneros, podías ser muy rico o ser muy pobre, pero el ODIO A LA GUERRILLA NOS UNÍA.",0,es,Colombian,twitter
URGENTE: El Gobierno colombiano y la guerrilla del ELN pactan un cese al fuego nacional y bilateral desde agosto.,0,es,Colombian,twitter
"Los niños estaban en manos de la guerrilla por eso el narco guerrillero presidente dio la primera noticias fallida que los habían encontrado, como hoy les entregó el país a los Elenos soltaron a los niños",0,es,Colombian,twitter
El cese no impide esas acciones contra la guerrilla.,0,es,Colombian,twitter
"Históricamente la prensa fué la piedra en el zapato de los narcos, la guerrilla y los paras, hoy son sus cómplices.",0,es,Colombian,twitter
Hoy no me encuentra ni la guerrilla!,0,es,Colombian,twitter
¿Es más violenta la guerrilla de las Farc ahora que hace seis años?,0,es,Colombian,twitter
"El terrorismo es guerrilla y la guerrilla se combate con ejército, punto fina",0,es,Colombian,twitter
"Fija como objetivo terminar la negociación en dos años, con la última guerrilla del país.",0,es,Colombian,twitter
"No es como que el Estado se invente un enemigo, es que históricamente lo ha tenido. Y la guerrilla sí se funde con la sociedad: las 40 mil personas no son traídas por extraterrestres. Son colombianos.",0,es,Colombian,twitter
"Que puede pasar en colombia ante un desgobierno. Que la guerrilla y los delincuentes, se tomen el país a cambio de dejarles sacar cocaína.",0,es,Colombian,twitter
"No, fueron fraudulentas por donde se les mire. Cauca, la guerrilla obligaba a votar por narcopetro, hay un registrador politizado a favor de este tipo donde aparecieron tres millones de votos de la nada visitas cárceles turbantes llenos de dinero, narco Petronilo...",1,es,Colombian,twitter
Solo es un criminal asesino reclutador de menores que instrumentaliza ninos para sus fines personales.,1,es,Colombian,twitter
Ahí tienen las consecuencias de haber permitido el ingreso y la legimitacion de la guerrilla en las ciudades,0,es,Colombian,twitter
"Los niños de la INFAMIA NAZI, encontrar niños para dejárselos a la guerrilla fue lo peor que este régimen hizo a 10 meses de gobierno, no tiene presentación, usarlos como cortina de humo para asesinar un coronel testigo vital de investigación contra régimen es mas desgraciado.",1,es,Colombian,twitter
"En pocas palabras, no fue capaz de aceptar que hay guerrilla en la Universidad!!",0,es,Colombian,twitter
Que la Universidad Nacional de Colombia sea un antro terrorista que debería ser tomado por el ejército ya es un asunto de menor importancia en un país gobernado por la guerrilla.,1,es,Colombian,twitter
"El alto al fuego representa un importante avance en la mesa de negociación que se lleva a cabo con esta guerrilla. Sin embargo, integrantes de la delegación guerrillera indicaron que no hay prohibición alguna para que sigan delinquiendo.",0,es,Colombian,twitter
"Mientras el presidente Gustavo Petro podría estarse ganando un premio Nobel de Paz por Diálogos de Paz, lograr hoy cese al fuego con la guerrilla del ELN y un posible desarme para el 2025, la prensa no baja al Presidente de ""Exguerrillero"".",0,es,Colombian,twitter
"¡Es que en este país hay mucha rata posando de periodista! Feliz día, señora Nieto.",1,es,Colombian,twitter
"Otra rata cazada y linchada , se robó una moto y lo pillaron.",0,es,Colombian,twitter
"Maldita rata. Después que le quita las llaves de la moto le pega 3 tiros. Dos ratas menos. Ojala que si no murieron, se pudran en la cárcel.",1,es,Colombian,twitter
PRESIDENTE DUQUE REGRESE! Por favor Regrese…Regrese… Regrese todo lo que se robo rata hpta !,1,es,Colombian,twitter
La rata de AABenedetti haciendo lo mejor que sabe,1,es,Colombian,twitter
El torcido Fiscal Anticorrupción Luis Gustavo Moreno confirma que quien le pidió a Néstor Humberto Martínez que lo pusiera ahí fue la rata de @German_Vargas ; Hoy el man teme q sus antiguos jefes lo manden a quebrar; Dice q está siendo amenazado por las delaciones q está haciendo,1,es,Colombian,twitter
abriendo para la Rata!,1,es,Colombian,twitter
"Será que esa señora vive en un conjunto residencial del Sur de la capital? Seguro vive en un condominio con mucha seguridad, la rata está entre ellos.",0,es,Colombian,twitter
Comunidad le ofrece un relajante masaje a una rata en el centro de Cali,0,es,Colombian,twitter
"Si el ladrón roba en el D1 porque tiene hambre, es justificable. Pero si ese mismo ladrón que tiene hambre, le roba su celular, ahí si es una hijueputa rata.",0,es,Colombian,twitter
"Vamos a descansar de esta vieja pedorra que tanto daño nos hizo,lástima que esta rata me tiene bloqueado porque con mil gusto la escribiría de todo,si me la encuentro en la calle sería un placer cantarle sus verdades",1,es,Colombian,twitter
"CUIDADO con esta rata ⚠️ Su nombre es Marlon alias “Shuzzeen”. Aparte de que es un manipulador y se gana tu confianza, SE ROBA tus cosas. Ojito con este tipo.",1,es,Colombian,twitter
"Ni un solo día de paz a la gran RATA, EL ARLEQUÍN DE LA MAFIA",1,es,Colombian,twitter
jajajajaja buena terapia pero mejor narración. y con todo y eso nos quedamos sin verle la cara a la rata petrista,1,es,Colombian,twitter
"Hipócrita, falso , traidor, inepto ⁦ @horaciorlarreta ⁩ rata inmunda. Anda con los KK mentiroso .",1,es,Colombian,twitter
"Encendí el horno y me salió una rata no la quiero tener aquí por todo lo q implica ese tipo de animales, pero tampoco le quiero dar un palazo, ni envenenarla ni ponerle pega. Cómo hago para q se se vaya ? Alguna recomendación ?",0,es,Colombian,twitter
"Q raro los policías q realizaron las chuzadas resultan con este Abogado defensor “Miguel Ángel del Río” esta rata miserable el cual quiere ser fiscal a las buenas o a las malas, quien les puso este abogado? La respuesta todos la conocemos el CACAS, se les cayo la estrategia.",1,es,Colombian,twitter
"se presentó en casa de marta, le dijo que quería volver, y en mitad de la noche recogió sus cosas y salió huyendo! Es tan rata que la utilizó para ahorrarse el hotel!",1,es,Colombian,twitter
Si me quieren llamar rata no me ofende,0,es,Colombian,twitter
"a malparida, vieja maluca de Marta Lucía, ni lucía, ni luce nada honesta, es tronco e Rata. Mientras nosotros vamos a vivir sabroso aquí en Colombia, ella se va a vivir a Italia, sin poder salir a pasear en góndolas en Venecia!!!",1,es,Colombian,twitter
"Jajajajaja si ya sabemos que ODIAS ser madre rata inmunda, la comida es abundante cuando estás sola y te gastas hasta la que no tenés",1,es,Colombian,twitter
"En lugar de ""dar la cara"", que mejor regrese los 5,000 Millones que se robó la RATA...",1,es,Colombian,twitter
A dar explicaciones hp rata,1,es,Colombian,twitter
No olviden esta cara una verdadera rata no voten nunca mas por esta persona no ayudo al pueblo y se vendió al empresariado,1,es,Colombian,twitter
Voy a explicarlo de otra manera a ver si los imbéciles captan: Esta rata de KarimKhanQC es tan peligroso para el Narcogobierno que lo dejan entrar con alfombra,1,es,Colombian,twitter
"Así se haya hecho ""español"" está rata pronto tendrá q ser ser extraditado por tantos delitos q cometió con Lenín MORENO",1,es,Colombian,twitter
Otra rata menos. Hay que andar armado o seremos víctimas de estos miserables.,1,es,Colombian,twitter
Qué animal eres del logo? ||☆ El logo del cuarteto presenta 2 animales: una rata (símbolo del rock urbano) y una cabra (símbolo de la música folklórica). Aquí quiero opinar sobre qué animal siento que te representa más.,0,es,Colombian,twitter
"A VER RATA PANZONA GUEVARA, LO QUERES MAS CLARO? NADIE SE PARECE A VOZ CORRUPTO, ASQUEROSO.",1,es,Colombian,twitter
yo amo a mi rata dormilona.,0,es,Colombian,twitter
"Hay ratas y luego está Ramón Espinar. Cuando fueron a saco a por él por lo de la CocaCola se le defendió públicamente. Hoy, como la rata que es, cuando han ido a por otro el ha sido uno de los linchadores. Tiene de izquierdas lo que yo de monárquico.",1,es,Colombian,twitter
"El nefasto botas miadas que siempre estuvo en contra de la pensión de adultos mayores, Traidor a la democracia. Discriminador, corrupto, y Rata Mayor.",1,es,Colombian,twitter
Menuda rata de cloaca.,1,es,Colombian,twitter
ESTÁ RATA SEDICIÓSA...Y LADRÓN..,1,es,Colombian,twitter
mi tío y yo te invitamos a comer rata al horno lindo,1,es,Colombian,twitter
Harry describiendo a Draco: tiene cara de rata y top 10 entradas más épicas del anime,0,es,Colombian,twitter
Acá está escondido como una rata Sbanos .,1,es,Colombian,twitter
"Pinché viejo insoportable, nefasto, inmamable, inmunda rata, pero no te olvides que el que ríe al último ríe mejor.",1,es,Colombian,twitter
"Lo único claro es que Benedetti tiene el sartén por el mango, es una rata, pero inteligente si es.",1,es,Colombian,twitter
"Bloqueemos a esta lacra rata asquerosa. Se ve que lee poco, típico de sapos ignorantes jinchos de 5ta!",1,es,Colombian,twitter
"NIÑO RATA? Niño Rata (o Niño Ratta) es una serie de videos creado por Ricardo Adrián Lozoya (Negas) en el 2016, siendo una de las más exitosas en tan poco tiempo. El Niño Ratta es un niño de 13 años aficionado a los videojuegos que se la pasa haciendo incoherencias con el Interne",0,es,Colombian,twitter
Cuando estés en contra de la castración de infelices piensa en esta rata 🤔,1,es,Colombian,twitter
¿Ustedes confiarían en sus hermanos mayores para que los salven en una situación así?,0,es,Colombian,twitter
"Los discursos de odio de Uribe contra opositores y los defensores de ddhh, señalándolos de terroristas, frente a las FFMM, fueron interpretados como órdenes, que llevaron a la peor cacería criminal contra el opositor político en Colombia.",0,es,Colombian,twitter
"Ya el país está empezando a conocer la verdad del caso de la niñera, ojalá se pueda llegar hasta el fiscal qué está detrás de todo este accionar criminal.",0,es,Colombian,twitter
El único fin ha sido saquear el petróleo del pueblo venezolano. Que vergüenza! Aquí la confesión del criminal:,1,es,Colombian,twitter
"Este martes venidero no podré estar, pero mi corazón y mi alma gritará con ustedes. Contra el fiscal Barbosa y su pestilente maquinaria criminal.",1,es,Colombian,twitter
Que te pasa con que la concha de tu madre. Se cago encima el motobandido laburante,1,es,Colombian,twitter
"MILITANTE DE EXTREMA IZQUIERDA DE LA ORGANIZACIÓN CRIMINAL ""PODEMOS"" SUFRE EN PROPIA PERSONA LO QUE HA ESTADO APOYANDO POR FALTA DE NEURONAS Y ESTUPIDEZ EXTREMA.",1,es,Colombian,twitter
Vicky Dávila en desespero. Por Muchas razones. Toda una criminal con microfono.,1,es,Colombian,twitter
Para que después no digan los medios de comunicación afiliados a la mafia criminal que no hubo manifestaciones,0,es,Colombian,twitter
Dramático relato de madre que perdió a su hijo. Que el gobierno ponga a sus amigos ineptos en cargos críticos es criminal.,0,es,Colombian,twitter
"El Prófugo NUNCA MANDÓ a sus hijos a las escuelitas del milenio...... Era un racista, ¡Que va a permitir que sus hijos se mezclen con nuestros criollitos!. Solo es un simple DELINCUENTE-PRÓFUGO líder de una secta criminal.",1,es,Colombian,twitter
Para cuando los allanamientos del Fiscal General de la Nación a las personas que mencione este criminal de lesa humanidad? ESTO ES LO QUE QUIEREN TAPAR.,1,es,Colombian,twitter
Que tiene que decir la señora ZuluagaCamila sobre recibirle dinero a un criminal juzgado y sentenciado? Sería bueno saber su respuesta.,1,es,Colombian,twitter
"¡Y uno aquí en el centro del país pendiente de la oferta de tómate! La otra es ¿Desconocen hacer salsa de tomate en conserva? Eso lo hacen en regiones que tienen superávit de tomate y evitan perderlo.. Osea, ¿tantas opciones para terminar botandolos? Si, es criminal..!",0,es,Colombian,twitter
NO POR DENUNCIAR FALACIAS LIMPIAN SU HISTORIA CRIMINAL.,0,es,Colombian,twitter
Este cuento no cabe sino en una cabeza criminal como la de Aureliano.,1,es,Colombian,twitter
"Periodista Gonzalo Guillén: ""La Fiscalía General de la Nación, encubre a la banda criminal del Clan del golfo, en la costa norte""",0,es,Colombian,twitter
"recuerden que GustavoBolivar fue promotor de la primera línea criminal. El mismo reconoce su participación, aquí la evidencia.",1,es,Colombian,twitter
"Este es el apoyo que el criminal NARCOGUERRILLERO petrogustavo recibe en las calles, “es un criminal”",1,es,Colombian,twitter
Qué le pasa a este señor? Está pidiendo plata para ayudar a un criminal de 88 años.,1,es,Colombian,twitter
"Cla Gnecco,la Casa de la periodista Vicky Dávila. Todo un Clan Genocida,Narco Paramilitar. Que el Fiscal General Francisco Barbosa,no quiere investigar. Por eso afilan garras y atacar al presidente y su gobierno. Todo un Complot criminal de Dávila y Barbosa",1,es,Colombian,twitter
Quien es la persona objeto de la amenaza? Porque hablan de dividir el territorio como cualquier banda criminal?,1,es,Colombian,twitter
"La señora Ana Catalina Noguera ha terminado aceptando cargos de corrupción, al parecer era parte de una red criminal que pedía dinero a personas con probabilidad de ser extraditados",0,es,Colombian,twitter
Se busca a éste Ladrón y a estas asesinas. Que pertenecen a la organización CRIMINAL afines a la Gobernación,1,es,Colombian,twitter
"Este perrito fue enterrado vivo en Neiva. La comunidad alertó y agentes de la policía lo rescataron. A esta hora es atendido en un centro veterinario, tiene signos de deshidratación, anemia y dolor. Hay que encontrar al responsable de este acto abominable y criminal @FiscaliaCol",1,es,Colombian,twitter
Se destapa públicamente la Banda criminal que ha Operado en Colombia dejada por el Gobierno anterior. Barbosa encubre Criminales.?,1,es,Colombian,twitter
"Fiscal bandido, criminal, el mandante es el pueblo Renuncie",1,es,Colombian,twitter
Toda una Banda criminal en el Gobierno de Ivan Duque. RATAS de Alcantarilla.,1,es,Colombian,twitter
Quienes quieran saber como opera la empresa criminal en qué se convirtió Impretics pueden seguir el hilo.,1,es,Colombian,twitter
PRONTUARIO CRIMINAL DE GUSTAVO PETRO,1,es,Colombian,twitter
"Un niño de aproximadamente 13 años y armado, que lidera una banda criminal en Ciudad Bolívar, Antioquia, le pega a otro joven porque según el vídeo estaba tirando piedras.",0,es,Colombian,twitter
"La delincuencia desbordada en la ciudad, atracadores y posibles secuestradores atravesaron vehículo por la salida del Colegio La Arboleda al sur de Cali, este hecho criminal se presentó ayer cuando cientos de niños y adolescentes eran recogidos por sus padres",1,es,Colombian,twitter
Un criminal en el poder queriendo descriminalizar el crimen,1,es,Colombian,twitter
"Unas 6 familias salieron desplazadas del barrio Comuneros, oriente de #Cali, debido a que se negaron a ser extorsionadas por un grupo criminal conformado por 14 delincuentes.",0,es,Colombian,twitter
"En Luruaco, Atlántico, un sicario que vestía gorra y camiseta blanca no le importó que éste tendero tuviera una bebé en brazos y les disparó sin piedad. Ante ello, el criminal volvió a accionar la pistola y huyó del lugar",0,es,Colombian,twitter
La droga pertenecería a una red criminal señalada llevarla a la frontera entre Guatemala y México.,0,es,Colombian,twitter
"Capturado falso guarda de tránsito que extorsionaba a los conductores en Cali Este sujeto, cuyo prontuario criminal es extenso, ha sido detenido y puesto a disposición de las autoridades judiciales correspondientes.",0,es,Colombian,twitter
Necesitamos una política criminal para que la justicia sea eficiente.,0,es,Colombian,twitter
¿ Y para cuándo el CRIMINAL y genocida del uberrimo?,1,es,Colombian,twitter
Entre las víctimas se encuentra por lo menos una persona que había sido señalada de ser parte del grupo criminal...,0,es,Colombian,twitter
"Desde Derribando Fronteras estamos logrando que los jóvenes de las comunidades menos favorecidas tengan más posibilidades de vincularse a un grupo cultural, deportivo o al sistema laboral o educativo en lugar de a una organización criminal.",0,es,Colombian,twitter
"Hombres armados dispararon contra la oficina de un precandidato a la alcaldía de #Tuluá. Se trataría de una supuesta organización criminal en esa población vallecaucana, que también amenazó a los medios de comunicación que publiquen información sobre el político.",0,es,Colombian,twitter
"El Departamento de Policía Valle del Cauca, a través de la Seccional de Investigación Criminal, Seccional de Inteligencia y personal del Modelo Nacional de Vigilancia Comunitaria por Cuadrantes",0,es,Colombian,twitter
Preso en 'La Picota' de Bogotá lideraba una banda criminal en #Cali que estaría al servicio de disidentes del #Cauca.,0,es,Colombian,twitter
"Defensa Personal, autoproteccion, psicología criminal, lenguaje corporal criminal y otros.",0,es,Colombian,twitter
Duro golpe a organización criminal que habría arrasado con más de 8.000 hectáreas en área protegida del PNN Paramillo.,0,es,Colombian,twitter
"Vean a ⁦ PizarroMariaJo ⁩ como revendedora criminal haciendo honor a su partido y al criminal de su padre,amigo de ⁦ petrogustavo ⁩ y Pablo Escobar.",1,es,Colombian,twitter
"El criminal que usurpa la Casa de Nariño, quiere ahora pagarle un salario mensual a los integrantes de grupos criminales.",1,es,Colombian,twitter
El Ministro de Justicia radicó proyecto de ley que busca humanizar la política criminal y el sistema penitenciario.,0,es,Colombian,twitter
Esa banda criminal llamada pacto tiene a todas las ratas en su nómina,1,es,Colombian,twitter
"‘La Mona’ sería la jefa financiera de la estructura criminal, dinamizando la extorsión a comerciantes y empresarios, a quienes exigía entre $50 y $200 millone",0,es,Colombian,twitter
"La multitud hoy alzó la voz , recordándole a la oligarquía mafiosa y crimínal q con el pueblo no se juega.",0,es,Colombian,twitter
"Ivan Zuluaga comprometido en sobornos de Odebrecht y tenia q ser Uribista Del partido CENTRO DEMOCRÁTICO, toda una empresa crimínal.",1,es,Colombian,twitter
"BluRadioCo , otra cloaca criminal NestorMoralesC , otro terrorista de la información",1,es,Colombian,twitter
"El Tercer Seminario en Investigación de Incendios y Explosiones, organizado por el Programa de Investigación Criminal de la Facultad de Derecho, fue un evento de gran importancia que contó con la participación conjunta del Ejército Nacional,",0,es,Colombian,twitter
¿la señora cree que una persona con conducta homicida es humana? Todo criminal es inhumano.,0,es,Colombian,twitter
Cuando entre todos tus amigos se pagan una buena prostituta,0,es,Colombian,twitter
Hermosa putita de 16 años disponible hermosa cara y bonito cuerpo iniciando como prostituta super complaciente dispuesta a todo,0,es,Colombian,twitter
"El negrata y sus amigos habían llamado a una prostituta barata para usarla entre todos,",0,es,Colombian,twitter
vale mas un perro en el cartucho que vos para este gobierno. Lo tratan peor que la prostituta del baile.,1,es,Colombian,twitter
"HOY HE SIDO UNA PROSTITUTA DE POLIGONO,",0,es,Colombian,twitter
Imagínate comerme el puto ojete mientras mis pelotas te golpean la cara de prostituta que tienes,1,es,Colombian,twitter
Cuando estas plácidamente leyendo y el narrador asemeja a una prostituta francesa menor de edad con un pajarito…. y que se te aparece el pajarito en la ventana,0,es,Colombian,twitter
Bedetti siempre ha sido una prostituta qué se vende al mejor postor,1,es,Colombian,twitter
Mayer dice qué nunca a estado con prostituta,0,es,Colombian,twitter
"Quiero contratar a una prostituta para una noche de sexo intenso, pagare bien por su servicios y un extra si ella tiene fetiche que pueda disfrutar.",0,es,Colombian,twitter
yo a las 5 de la mañana mas borracho que tú padre con el hijo de la prostituta,0,es,Colombian,twitter
Y ya de la Corte penal internacional no los salva ni el putas,0,es,Colombian,twitter
Cómo putas este tierno abuelito puede ser TREMENDA GONORREA,1,es,Colombian,twitter
La mejor serie de la puta vida,0,es,Colombian,twitter
"cumpliendo, le encanta mamarmelo y que le frote el gallo como a una puta",1,es,Colombian,twitter
Taylor Swift eres la puta ama.,0,es,Colombian,twitter
"Detienen a inmigrante somalí por acosar mujeres, sin importar sus llantos y excusas, lo meten a un avión y lo mandan a su puta casa.",0,es,Colombian,twitter
"Mientras el pueblo comía mierda usted se gastaba el dinero de los trabajadores en viajes,licor y putas. Rata de Alcantarilla..",1,es,Colombian,twitter
LA PUTA SIMULACIÓN esto es lo mejor que ha pasado en mucho tiempo,0,es,Colombian,twitter
"Me encanta tiktok, por que demuestra la putas que son",0,es,Colombian,twitter
Susanna griso eres una hija de la gran puta.,1,es,Colombian,twitter
"Conmigo No quieres coger Pero cómo andas de caliente para allá Eres una puta ,",1,es,Colombian,twitter
"Me parece que el que no tiene ni puta idea de nada aparte de no tener RESPETO, eres tu gerardromero",1,es,Colombian,twitter
"En Cali, fue detenido presunto violador en serie.",0,es,Colombian,twitter
Entonces los faros de la MORALIDAD PETRISTA salieron a marchar?? Uno violador y el otro creador de falsos positivos mediaticos,1,es,Colombian,twitter
"La Policía Metropolitana de Santa Marta, logró la captura de un presunto violador de mujeres en el sector de la subida de Taganga, trocha Playaca.",0,es,Colombian,twitter
Violador petrista violó una niña de tan solo 4 años,1,es,Colombian,twitter
"Luego de los desmanes en el Centro de Desarrollo Infantil, las autoridades confirmaron que el presunto abusador de una niña de cuatro años, está retenido.",1,es,Colombian,twitter
"|Ayer, usuarios del MIO capturaron a este presunto abusador quien es acusado de tocarle las partes intimas a una mujer.",1,es,Colombian,twitter
"Ismael Darió Lopera, presunto abusador sexual de niños en Medellín, no ""fue capturado en tiempo record"" como dijo FiscaliaCol Barbosa",0,es,Colombian,twitter
aquí el video del abusador placa TZO-447,1,es,Colombian,twitter
"Abro hilo, denuncia pública para el abusador de mi ex pareja sentimental Carlos Fernando Montenegro Hernandez quien abuso de mi por meses tanto psicológica como físicamente",1,es,Colombian,twitter
"Freddy Carrion es un abusador acostumbra a hacerse el machito con las mujeres, maltrata a su esposa y ella lo defiende, la pobre está segada y no ve razones.",1,es,Colombian,twitter
"El 14 de Junio nos hace recordar la valentía de esos héroes que fueron abusados, torturados y asesinados por el dictador Trujillo, el tirano, abusador y criminal.",1,es,Colombian,twitter
"Blanca Paredes es una mujer que denunció a su ex pareja hace más de 2 años por abusar de su sobrina, sin embargo la constante lucha por hacer justicia ha sido en vano, pues las autoridades le han brindado protección al abusador",1,es,Colombian,twitter
SOS señor fiscal funcionario policial abusador,1,es,Colombian,twitter
"Mujeres, denuncien y salgan a tiempo de esas relaciones de maltratos y abusos. Háblenlo con sus familiares y amigos, no se aíslen (lo que quiere el abusador).",1,es,Colombian,twitter
"La saxofonista y sobreviviente de feminicidio _ElenaRios denunció públicamente al actor Tenoch Huerta y lo califica de ""abusador, manipulador y depredador sexual"".",0,es,Colombian,twitter
Este ABUSADOR padre de javiermacaya abuso de sus propias nietas y más encima tiene el PRIVILEGIO de ir al hospital penitenciario en vez de a una celda común y corriente.,1,es,Colombian,twitter
"¿Hasta cuando las autoridades van a seguir protegiendo , apoyando a un abusador en lugar de cuidar y proteger los derechos de los niños ?",1,es,Colombian,twitter
"El término ""acosador"" ha cobrado relevancia en la última década y hace mucha más referencia a hombres, pero en realidad hay mujeres que también lo hacen.",0,es,Colombian,twitter
ATENCIÓN este señor no merece el respeto de nadie Carrión merece estar en la cárcel por abusador agresivo compulsivo y acosador de mujeres MariuxiL,1,es,Colombian,twitter
"Ahí está completo, nunca se refirió a Dalas como acosador porque en ningún momento está hablando de él, lo deja claro al principio y al final",0,es,Colombian,twitter
"Oye FirulaisOFC eres un enfermo de mierda, acosador hijo de puta",1,es,Colombian,twitter
Alumnas y ex alumnas del Bachillerato General Oficial Antonio Garfias en Atlixco se manifiestan pacifícamente afuera de la escuela; denuncian a un maestro acosador y acusan que fueron ignoradas por la institución.,0,es,Colombian,twitter
"He visto que lo mencionan a él, Dieter Sarg, es un acosador, no se dejen llevar por el físico cuando el cerebro está quemado.",1,es,Colombian,twitter
¡Se busca! Acosador en bicicleta manosea a joven en plena calle,1,es,Colombian,twitter
Vean al ladrón lo buenito e inocente que resulta ser este depravado acosador,1,es,Colombian,twitter
Así es como actúa el acosador CristianAlvarez con sus exalumnas,1,es,Colombian,twitter
No hay q buscar mucho para saber q José Linares Cerón es un pedófilo.,1,es,Colombian,twitter
Si esto te parece “normal” eres un monstruo pervertido pedofilo y Pederasta!,1,es,Colombian,twitter
¿Por qué los medios occidentales no publican la verdad sobre el hijo pedófilo de Biden?,1,es,Colombian,twitter
"Tú eres el retrógrada, el genocida, el pedófilo... que se escuda en la biblia. Por fin se alza la voz ante el fundamentalismo del Pastor Soto.",1,es,Colombian,twitter
Dime la definición de pedofilo,0,es,Colombian,twitter
El testimonio de los niños abusados. Seguramente algún Pedófilo dirá que mienten.,0,es,Colombian,twitter
Que caigan todos estos degenerados complices de un pedófilo!!!!,0,es,Colombian,twitter
Cuando va a aceptar la gente que Tom Hanks es un pedofilo? Sigue haciendo películas para niños este depredador,1,es,Colombian,twitter
Defienden a un pedófilo!!!! Están grabados y documentados!!!! Asqueorosos!,1,es,Colombian,twitter
Este pedofilo mando un video diciendo que queria mata r a su gato,1,es,Colombian,twitter
Pedófilo aclamado por la prensa y padres con retraso mental,1,es,Colombian,twitter
Este degenerado pedófilo a la cárcel!! Junto con todos los psicópatas del gobierno!!,1,es,Colombian,twitter
Jesús decretó pena de muerte a pedófilos:,0,es,Colombian,twitter
el pedofilo Biden permite la aberración de los pervertidos maricones,1,es,Colombian,twitter
"Que puede promover un PEDÓFILO? Joe Biden dice que las leyes que prohíben los cambios de sexo en los niños son peligrosas leyes ""anti-LGBTQ"" dirigidas a los niños trans.",1,es,Colombian,twitter
ya me dirás qué harías tu si te llaman pedófilo por la putísima cara payaso,0,es,Colombian,twitter
ALERTA DE ESTÉ PEDÓFILO VIOLADOR NARCOTRAFICANTE NORBERTO DANIEL STRIGER Y SUS NOVIOS PABLO GUSTAVO TAPIA Y FÉLIX JULIO LEZCANO PIRATA DEL ASFALTO,1,es,Colombian,twitter
"| ÚLTIMA HORA: Se suicida pedófilo al lanzarse del 3er piso de la Fiscalía, en Medellín, Colombia.",0,es,Colombian,twitter
Todo ser vivo que se vuelve medianamente famoso en internet se vuelve pedófilo,0,es,Colombian,twitter
"Acá el acusado de pedófilo les recuerda que al partido nacional no lo representa la causa de los derechos humanos, la verdad y la justicia.",1,es,Colombian,twitter
"Dalai Lama es un pedófilo que se escuda detrás de una ideología religiosa aprovechándose del supuesto poder espiritual, para abusar impunemente de los niños asqueroso degenerado, con el beneplácito de los que lo rodean",1,es,Colombian,twitter
"pedófilo se iba a encontrar con una niña de 14 años, en su lugar llegó su hermano a darle esta hermosa y sorpresiva recepción",0,es,Colombian,twitter
Si fuera Biden la estaría abrazando y olfateandola como todo un pedofilo !,1,es,Colombian,twitter
"El dictador iraní besa en la boca a una niña, está siguiendo los pasos del pédofilo @DalaiLama",1,es,Colombian,twitter
EN ESTE VIDEO HABLA UN PEDOFILO,1,es,Colombian,twitter
“Le exijo al cobarde pedofilo de Pastrana que muestre pruebas”: Álvaro Uribe,0,es,Colombian,twitter
El PEDÓFILO de Jey Mammón volvió al país y sigue caminando libremente en nuestra sociedad.,1,es,Colombian,twitter
"El pedofilo DYLAN MULVANEY, el de la cerveza , pide arresto para las personas que lo llamen hombre",1,es,Colombian,twitter
"No hay q buscar mucho para saber q José Linares Cerón es un pedófilo. Aparte de su hija, hay más víctimas. En 1990 violó a una menor q iba a su Iglesia y la embarazó. Nunca respondió a la justicia. Tiene también denuncias de actos contra el pudor. ¿Cómo es q estaba libre?",1,es,Colombian,twitter
"Maldito Pedófilo transgénero de 42 años en Perú, vestido como una colegiala, se metia en los baños a filmar a niñas pequeñas en el baño de una escuela.",1,es,Colombian,twitter
"Bajo la lógica del papa, un pedófilo y pederasta puede ser parte de la iglesia y seguír siendo eso sin necesidad de cambiar y arrepentirse. ES DIFÍCIL ENTENDER QUE EL PAPA HACE PARTE DE LA SECTA GLOBALISTA Y SATÁNICA QUE ESTÁ IMPONIENDO LA IDEOLOGÍA DE GÉNERO DE LA #Agenda2030",1,es,Colombian,twitter
Éste viejo pederasta cagalitroso junto con #LaBandaGuaido causó mucho daño,1,es,Colombian,twitter
"Hoy el oligarca fascista, pederasta y mafioso italiano Silvio Berlusconi, dueño de Mediaset, se reunió con su idolo Mussolini.",1,es,Colombian,twitter
"Flor Gómez estudió en un colegio religioso y a los 15 años fue abusada por su profesor, un seminarista. Después de cada abuso el pederasta pedía que se confiese haciéndole sentir culpable. La rspt. del Obispo ante este hecho fue que como dios es misericordioso, lo perdonaron.",1,es,Colombian,twitter
"La felicidad que da saber vivir en un país aletargado, donde dar leche con caca y hacer happy birthday a un pederasta es normal y no pasa nada",1,es,Colombian,twitter
Ella envenenó a sus hijos porque el marido se los quitó. Era un pederasta y abusaba de los pequeños,0,es,Colombian,twitter
El escritor como disc jockey. Bret y sus amigos van en el convertible de un viejo pederasta escuchando esta canción,0,es,Colombian,twitter
Viva la tierra narco paramilitar de Uribe - Lafaurie,1,es,Colombian,twitter
"El exjefe paramilitar, Salvatore Mancuso, pidió a las autoridades proteger la evidencia que denunció ante la JEP_Colombia.",0,es,Colombian,twitter
"Llegan las primeras imágenes de los ""Comandos"", grupo paramilitar creado por el general zapateiro, pleno entrenamiento físico militar.",1,es,Colombian,twitter
. Barbosa PARAMILITAR renuncie,1,es,Colombian,twitter
Esto era lo que opinaba antes la nuera del clan paramilitar Gnecco Vicky Dávila sobre la libertad de expresión.,1,es,Colombian,twitter
"y ud Zapateito, investigado por la participación en masacre paramilitar, admirador de POPEYE, y edecán de traquetos.",1,es,Colombian,twitter
"Q dirá la diputada del UCDemocratico Claudia Margarita Zuleta Primero su padre Poncho Zuleta abiertamente demuestra su afinidad por el Paramilitarismo (Que viva Colombia tierra paramilitar, fue su frase) y ahora su tío FabioZuleta esta jugando a ser Paraco",1,es,Colombian,twitter
Este hijueputa fue el mismo que repudiaron en el parlamento Europeo El mismo que subió a la presidencia con Plata del socio Narco Paramilitar Ñeñe Y supuestamente no sabia q Ñeñe fue socio de Uribe y Narco Paramilitar de toda la vid,1,es,Colombian,twitter
¿Se acuerdan cuando el GENOCIDA PARAMILITAR Álvaro Uribe Vélez sacó de un auditorio a los periodistas de NoticiasUno en Santa Marta? ¿Y el respeto por la libertad de prensa?,1,es,Colombian,twitter
Grupos vestido de negro con pinta paramilitar en rectoría,1,es,Colombian,twitter
"a fiscalía en su afán de dar resultados han capturado y o retenido de manera arbitraria a un joven quien en compañía de otros , se encontraban adelantando la campaña contra el paramilitar ismo,",0,es,Colombian,twitter
El tinterillo tiene entre la espada y la pared al genocida paramilitar más grande de colombia esta asustado,1,es,Colombian,twitter
yo no espero dinero de la teta del gbno aquí se trabaja duro PERO SE DEJA DE TENER UN PENDAMIENTO PARAMILITAR BARCO ASESINO Y CORRUPTO COMO EL DE LA DERECHA COLOMBIANA.,0,es,Colombian,twitter
Esta vieja es del clan mafioso paramilitar de la costa! Ojalá termine en lA CÁRCEL,1,es,Colombian,twitter
"¿Quién es la esposa de un jefe de convivir, una paramilitar y financiadora de la campaña del 2002 de Alvaro Uribe? Alias La Gata",1,es,Colombian,twitter
Asi de grande es el paramilitarismo en colombia hacker Fiscalia,0,es,Colombian,twitter
"CON EL PARAMILITARISMO VIGENTE EN COLOMBIA FINANCIADO POR URIBE VELEZ, CLAN GNNECO, FEDEGAN Y MEDIOS DE COMUNICACIÓN QUE AYUDARON A LEGITIMAR LAS AUC Y LAS CONVIVIR QUE HAN CAUSADO TANTAS MASACRES EN COLOMBIA, DECLARADO POR UN JEFE PARAMILITAR MANCUSO Y DE ESTO SI AY PRUEBAS.",1,es,Colombian,twitter
Ahora lanza el sicario paramilitar de arriba atentado a nuestra salud ya Lo k nos han hecho con nuestra ropa ya,1,es,Colombian,twitter
"Mis apuntes: establece esa tesis de la brutalización, de cómo la experiencia de guerra había brutalizado y deshumanizado a millones de soldados, estando esto detrás de la extensión de una violencia paramilitar",0,es,Colombian,twitter
A la marcha de paramilitar con MariaFdaCabal y jflafaurie con encubrimiento de Fedegan que desplazo y desapareció a muchos campesinos en Colombia,1,es,Colombian,twitter
Por la defensa de la vida y permanencia en el territorio. Exigimos el desmonte del paramilitarismo,0,es,Colombian,twitter
En conjunto con el representante ante el consejo directivo del ITM Esteban Ospina y yo como consejera de juventud y perteneciente a la ACEU_Colombia rechazamos rotundamente las declaraciones. Lo único que se debe desmantelar dentro de las IES es el paramilitarismo,0,es,Colombian,twitter
Para Carlos Cataño de NoticiasCaracol la apología al paramilitarismo es una irónica analogia,0,es,Colombian,twitter
"Quienes eran realmente las Águilas Negras en Colombia? El Presidente Petro presenta un documento oficial, en relación a la actividad que en su tiempo ejercía el paramilitarísmo en Colombia, asesinando líderes sociales mal llamados falsos +s",0,es,Colombian,twitter
¿María Fernanda Cabal a Juicio por Paramilitarismo y Fraude procesal?,0,es,Colombian,twitter
"Tiembla el paramilitarismo genocida. Recibimos a Daniel Mendoza en el aeropuerto de Medellín. La gente gritaba Antioquia no es del Matarife, no más narcotráFICO.",0,es,Colombian,twitter
De manera unánime la Sala Penal de la Corte Suprema compulsó copias a la Comisión de Acusación para que determine si investiga al expresidente Uribe por sus relaciones con el paramilitarismo (2013),0,es,Colombian,twitter
"Señores RevistaSemana ¿a ustedes no les da pena tener como directora a una calumniadora profesional, con vínculos directos con el paramilitarismo, como Vicky de Gnecco?",1,es,Colombian,twitter
Nace el paramilitarismo Petrista?,1,es,Colombian,twitter
"Inaudito es tener qué comprar tierras posiblemente robadas por clan Lafaurie, Uribe con paramilitarismo.",1,es,Colombian,twitter
El Pacto Histórico y los vinculados con el paramilitarismo en carnavales,0,es,Colombian,twitter
"La historia de la exfiscal Mónica Gaitán es la encarnación del absurdo. Su viacrucis comenzó hace 22 años, cuando le correspondió investigar la masacre de Chengue, en Sucre, perpetrada en 2001 por el paramilitarismo.",0,es,Colombian,twitter
"El Sr. Barbosa FiscaliaCol, el 7 de Jun 2021 dijo muy claro que el individuo 𝗔𝗻𝗱𝗿é𝘀 𝗘𝘀𝗰𝗼𝗯𝗮𝗿 cometió el crimen paramilitarismo.Hoy 22 de abril 2023 no ha sido arrestado y está en campaña. ¿Para los paramilitares no hay justicia? ¿Ese es el mensaje de la FiscaliaCol?",0,es,Colombian,twitter
Germán Vargas Lleras confirma que Uribe y su hermano santiago son aliados de Mancuso y el paramilitarismo,0,es,Colombian,twitter
"Entre más se conoce la verdad del paramilitarismo más involucrado está AlvaroUribeVel . El miedo del expresidente a la JUSTICIA es una amenaza para la estabilidad del país y puede derivar, como lo han dicho, en un golpe de Estado al presidente Petro",1,es,Colombian,twitter
No es gratis el matoneo de Vicky Dávila hacia el pte petrogustavo quien ha sido inclemente contra el paramilitarismo.,0,es,Colombian,twitter
"¡Atención! William Vélez, la mega contratista que lleva 20 años manejando el alumbrado público de Cali, acaba de ser señalado por el ex jefe paramilitar Salvatore Mancuso de ser financiador del paramilitarismo. Además de comprar tierras donde incursionaban los paras.",0,es,Colombian,twitter
Los menonitas en Colombia han hecho negocios con familias fundadoras del paramilitarismo. El 15 de junio presentaré las pruebas de estos millonarios negocios con tierras.,1,es,Colombian,twitter
El pueblo Antioqueño no merece volver a caer en manos del narcotrafico y el paramilitarismo genocida.,0,es,Colombian,twitter
"Por uno oponerse al paramilitarismo en gobiernos Uribistas, el Uribismo decía que uno era de extrema izquierda. Por uno oponerse a guerrillas como el ELN en el gobierno Petro, el petrismo dice que uno es de extrema derecha.",0,es,Colombian,twitter
Bienvenido a Medellín Daniel. Nunca más el paramilitarismo genocida gobernando nuestra ciudad.,0,es,Colombian,twitter
Todas las multinacionales en Colombia financiaron el paramilitarismo,1,es,Colombian,twitter
"Por eso el bandido EEZapateiro se apresuró a renunciar, obedeciendo a sus patrones mafiosos, se quitó el uniforme y se puso a entera disposición del paramilitarismo. Toda esta seguidilla de petardos mediáticos, no tienen carga jurídica, sino puramente propagandística.",1,es,Colombian,twitter
"Este sí es el escándalo político más grande en la historia de Colombia estimado Andrew. El estado narco paramilitar de Álvaro Uribe y el suyo asesinó y desapareció a miles de personas junto con el paramilitarismo, esto sí es un escándalo mundial.",1,es,Colombian,twitter
Así es! En Medellín ya no queremos mas paramilitarismo ni al uribismo. Chao Fico,0,es,Colombian,twitter
"Estaba cantado desde 2019, Los medios de Sarmiento, Gilinsky,GEA, en contubernio con la derecha y el paramilitarismo, montaron la comedia de Guaidó por una tajada del saqueo de Trump",1,es,Colombian,twitter
"Petro paraco, creaste un narcoestado.",1,es,Colombian,twitter
Jajajajajakakak por aletoso gonorrea paraco hijueputa.,1,es,Colombian,twitter
"Ay paraquito, uno recoge la que siembra. Eso es lo que hoy estás recogiendo. Odio y más odio hacia usted Paraco Uribe. Ya en Colombia la gente, en especial, la juventud ya no te respetamos",1,es,Colombian,twitter
Entonces la reunión denunciada por Betocoralg donde el paraco admirador de sicarios EEZapateiro y el delincuente IvanDuque estaban al parecer planeando un magnicidio o golpe de Estado; resultó ser cierta.,1,es,Colombian,twitter
Hace unos días no salió a decir Andrés Escobar que ya lo iban a declarar inocente? Jajajajajaja esta gente no da sino risa. Ojalá vaya a la cárcel por PARACO.,1,es,Colombian,twitter
"La ""valentía"" de VickyDavilaH es la del paraco que hace rugir la motosierra ante el campesino amarrado, la del corrupto que se roba el PAE o la conexión de internet de los niños campesinos o la del mafioso que firma una resolución que ordena asesinar a cambio de estímulos.",1,es,Colombian,twitter
"Mira quién habla de honradez, jajjaja, paraco farsante de ñoña.",1,es,Colombian,twitter
"Cuando la propuesta la hacia el paraco mayor, todos con la jeta cerrada",1,es,Colombian,twitter
"PARACOS de Medellín, qué son muchos, asustados con la llegada de Daniel Mendoza Tiemblan Fico y Uribe e insisten en que ellos no son Paracos ni Mafioso!",1,es,Colombian,twitter
"El Paraco de Uribe, el MATARIFE, piensa q todos los gobernantes hacen lo mismo que él hacía y que hacen los del CD y lo peor de todo, es q no solo utilizan los recursos públicos, ellos también utiliza el narcotráfico para sus campañas",1,es,Colombian,twitter
"Ustedes saben leer? El mismo paraco de Uribe, el cual ustedes apoyan estuvo de acuerdo en crear un fondo para evitar los secuestr*s de los ""elenos"". Hay si se hacen los que no saben nada. Ignorantes!",1,es,Colombian,twitter
"Este triple Paraco de dónde saca criterio para trinar. Gente, esta LACRA debería estar en cárcel.",1,es,Colombian,twitter
"Que pereza que mi Colombia la esté llevando al abismo un paraco narcoguerrillero chuzador, alcohólico y vicioso",1,es,Colombian,twitter
Manipuladora y mitómana con las típicas practicas del bajo mundo de la Neo Paraco Mafia del siglo XXI . Digna representante y secretaria ( y el esposo el cargamaletas ) del patrón.,1,es,Colombian,twitter
"Usted don paraco debería estar calladito... No tiene respaldo moral,social ni siquiera humano,para opinar sobre las acciones del Pdte. Petro.",1,es,Colombian,twitter
Un asadito de tira bien paraco para el frio.,0,es,Colombian,twitter
"Sí, es la nuera de un paraco.",1,es,Colombian,twitter
Barbosa paraco el pueblo está Berraco.,0,es,Colombian,twitter
"Podemos tener muchas diferencias, pero todos estamos de acuerdo en que: Uribe paraco Hpta.",1,es,Colombian,twitter
"En Colombia, los grandes capitales y sus medios de comunicación nos tenían acostumbrados al discurso paraco del uribismo.",0,es,Colombian,twitter
estos malparidos en Twiterr me mantienen tan azarado que a veces me miro en el espejo y me digo … que cara de paraco y de traqueto la que tengo tan malparida.,0,es,Colombian,twitter
"Esa mascota asquerosa de él clan LAFOURIE-CABAL, no sabe si es indio,blanco,negro,nazi,gay,demócrata,paraco,ETC",0,es,Colombian,twitter
"Y éso que no estamos en marchas. El 20 el paráco narcogobierno del señor petrogustavo , mirará desde su balcón del odio lo que es una verdadera marcha.",1,es,Colombian,twitter
"Todo un terrorista, el paraco: si no es con plomo y motosierra, es con palabras intimidantes.",1,es,Colombian,twitter
"Pa"" fuera pa"" la calle, este es el matarife, paraco y genocida que puede hacer lo que quiera",1,es,Colombian,twitter
Estamos a esto de ver a CathyJuvinao tomandose fotos con el paraco Andrés Escobar.,1,es,Colombian,twitter
"Tan parecido este Trump al Paraco de Colombia Álvaro Uribe Vélez. Claro que Uribe tiene más de 270 casos engavetados, pero los tiene",1,es,Colombian,twitter
"¿Ustedes en serio entienden que los políticos trabajan para el pueblo, para ustedes? ¿O es que no han entendido eso?",0,es,Colombian,twitter
"¿Gracias? Al chófer del bus que arriesgo mi vida, pero no mi puntualidad",0,es,Colombian,twitter
"Polo Polo, paraco",1,es,Colombian,twitter
"La actitud de Daniel samper es niño mimado se hizo con dinero robado del estado por su familia. Pensamiento paraco , arribita y asesino.",1,es,Colombian,twitter
Si es imposible teniendo a un delincuente de su calaña !! Paraco y sicario será muy consentido de la narca Cabal pero del canazo no lo salva!!En la carcel puede sacar sus dotes de gladiador de pueblo y ponerse su falda ois ya te tienen listo el equipaje para que te visiten !!,1,es,Colombian,twitter
El uribismo admitió peligrosos guerrilleros para que fueran parte del CD y del gobierno del anciano paraco.,1,es,Colombian,twitter
¡Miércoles de fútbol en el Templo!,1,es,Colombian,twitter
"Daniel bienvenido a la familia de Medellín, acá todavía hay mucho paraco pero ya muchos abrimos los ojos también y te damos una calurosa acogida.",0,es,Colombian,twitter
"Veo como mucho desespero, como mucho instinto paraco brotando en el ambiente, un fanátismo ciego e imprudente que es muy peligroso.Recordemos que faltan 3 años y 2 meses y así va a ser todo el tiempo ojo se revientan pendejos.",0,es,Colombian,twitter
Tan poca empatía tiene el paraco que mandó matar a más de 10.000 personas y sigue durmiendo como si nada en su narcofinca.,1,es,Colombian,twitter
Fueron atacados por paramilitares al servicio del narco paraco Uribe,1,es,Colombian,twitter
Paraco crimínal debería estar preso,1,es,Colombian,twitter
"no he visto ni un graffiti insultando a petro mientras q todavía se ven por ahí los q dicen duque hp y uribe paraco, las paredes de la ciudad son fiel reflejo de la opinión del pueblo, más q las noticias prepago q dicen q estamos mal",0,es,Colombian,twitter
El paraco mayor oponiéndose a cualquier intento de lograr la paz.,1,es,Colombian,twitter
"O sea soy opositor por defender a la prensa? Así de bajo ha caído Beto? Qué sigue? Decir que soy Uribista o paraco así como lo dicen los demás fanáticos extremistas a los que no les gusta que uno opine? Pilas, ud también ha sido señalado por esos mismos FANÁTICOS, no caiga en lo mismo!",0,es,Colombian,twitter
Ella fue llevo a ellos una reclamante de tierras Caucasia. Cayó jeque Paraco.,1,es,Colombian,twitter
1) lo suicidaron por decir q las narcoguerrillas obligaron a le gente a votar por el paráco petrogustavo . 2) lo suicidaron por filtrar el vídeo llenando dineros ILÍCITOS dl paráco petrogustavo . 3) lo suicidaron por querer contar la verdad d las chuzadas dl paraco petrogustavo .,1,es,Colombian,twitter
"Montoya es más paraco que el mismo mancuso. Les juro que es verdad. Es un completo loco fanático. Esta en la sombra por ahora, pero es peor que zapateiro.",1,es,Colombian,twitter
Hoy petrogustavo Es señalado como el peor presidente y el más corrupto de la historia de La diferencia: Hay pruebas,1,es,Colombian,twitter
"Es que creen que diciendo guerrillero te ofenden, te ofenden si te dicen uribista, paraco, periodista de semana",0,es,Colombian,twitter
"Se equivocó, debe estar hablando del matarife y él no es guerrillero, es paraco",1,es,Colombian,twitter
"Uribistas 100% lo q les gusta es el plomo,la guerra y el desorden para hacer de las suyas. Y pensar q hay gente descerebrada q los sigue y los apoya",0,es,Colombian,twitter
Los capuchos me sacan mi lado paraco,0,es,Colombian,twitter
"Sin saber qué es trabajar, sin saber qué es generar empleo, la politiquería aprueba una reforma laboral destinada a empanicar la creación de empleo",0,es,Colombian,twitter
"¿A que idiota se le puede ocurrir que un grupo terrorista va a dejar de secuestrar, extorsionar y traficar cocaína a cambio de un subsidio?,",0,es,Colombian,twitter
"Increíble que los colombianos honestos y trabajadores tengan que sustentar con sus impuestos al delincuente, al terrorista",0,es,Colombian,twitter
Un fondo para Financiar un grupo terrorista,0,es,Colombian,twitter
"El M19 era un grupo terrorista que secuestraba, asesinaba, saqueaba. Indultaron a sus miembros.El pueblo que olvida su historia está condenado a repetirla.",0,es,Colombian,twitter
"En el gobierno del guerrillero lo único rentable es ser delincuente; entre más sanguinario y terrorista, mejor. A VIVIR SABROSO. Genios los q votaron x el guerrillero",1,es,Colombian,twitter
"Atención: ataque terrorista contra una patrulla de la Policía en Saravena, Arauca",0,es,Colombian,twitter
"Son terrorista, no estudiantes.",1,es,Colombian,twitter
¿Por qué Twitter no le cierra la cuenta a ese terrorista?,1,es,Colombian,twitter
"PATETICO, UN PEDOFILO DEFENEDIENDO UN TERRORISTA!",1,es,Colombian,twitter
"Y que #felizdiadelamadre a todas las Mamás del mundo, en especial a la mía 🥰: la amiga, la cómplice, la alcahueta, la enfermera de los pandilleritos, la terrorista de la razón",0,es,Colombian,twitter
Porque olvidar que ⁦petrogustavo ⁩ ha hecho parte de esta desastrosa historia como terrorista del M19 y amigo íntimo de Pablo Escobar,1,es,Colombian,twitter
"¿Ya podemos decir narcogobierno, gobierno terrorista, gobierno complice de la violencia, gobierno complice de asesinato de lideres, niños, hombres y mujeres inocentes, o toca esperar el primer giro al ELN?",0,es,Colombian,twitter
"A partir del 20 de junio a todo aquel q dice amar su Patria y su democracia le queda prohibido regresar a su casa,hasta tanto no se haya hecho renunciar al terrorista y delincuente de @petrogustavo y ha todo su concierto para delinquir q lo rodea, es hora de rescatar Colombia",1,es,Colombian,twitter
Posa como PRESIDENTE pero no es más que un vulgar payaso terrorista,1,es,Colombian,twitter
Este sirvergienza parasito de alvarouribevel que no se resiste que ya esta fumigado con un plagicida por Asesino que hasta la comunidad intternacional lo rechazan,1,es,Colombian,twitter
Asesinó a su hijastro de dos años en el centro de Bogotá y mintió diciendo que se había ahogado,0,es,Colombian,twitter
Las universidades no pueden ser refugio de criminales. Las universidades hacen parte del territorio nacional. No son embajadas. La fuerza pública no puede estar vetada para ingresar a perseguir a un asesino en flagrancia.,1,es,Colombian,twitter
"Primera persona asesinada en el nuevo proceso 15000, comenzaron a silenciar a testigos, Dios nos proteja de este gobierno asesino",1,es,Colombian,twitter
Feminicidio en Soacha: hombre asesinó a su expareja ante la mirada de sus vecinos. La mujer murió en un centro médico tras recibir diez puñaladas en su cuerpo.,1,es,Colombian,twitter
Las minas antipersonales son un asesino bajo tierra que atentan contra la vida de civiles y militares. E,0,es,Colombian,twitter
"Capturan a Camilo Pinzón, el hombre que asesinó a Helena Laserna, nieta del fundador de UniAndes",0,es,Colombian,twitter
Vale la Pena Volver a Compartirlo.El Gbno Nefasto del Ex-Convicto Drogadicto ⁦petrogustavo ⁩ ASESINÓ al TC. DÁVILA.,1,es,Colombian,twitter
“El 19 de agosto se cumplen 12 años del día en que un policía asesinó a un pelado de 16 años que hacía grafitis”: Alfredo Molano Jimeno,0,es,Colombian,twitter
Soñé que descubría el lugar en que un asesino en serie enterraba a sus víctimas,0,es,Colombian,twitter
Que ASCO ser petrista. Adular a un próximo dictador y actual asesino.,1,es,Colombian,twitter
Amo a Wilson y lo van a encontrar pero encontremos al asesino del Coronel ah verdad usted si lo debe conocer,0,es,Colombian,twitter
"Quien se afecta con lo que sabía el Policía? Pues el HDP Gobierno del asesino de Petro Asesino , ahí es dónde está el culpable",1,es,Colombian,twitter
un asesino de colombianos libre gracias al gobierno criminal del guerrillero,1,es,Colombian,twitter
Esta payasa sabrá el historial criminal y asesino de los ingresos de la fuerza pública a las universidades en Colombia?,0,es,Colombian,twitter
"Ahora Gustavo Petro da dictámenes como medicina legal, el setenta hijueputa guerrillero habla como si fuera un sabelotodo pero realmente solo es un habla mierda y asesino",1,es,Colombian,twitter
"Nuevamente aplazaron la audiencia en contra del asesino de Luisa, la joven madrileña que fue asesinada en el cerro de Madrid, Cundinamarca.",0,es,Colombian,twitter
"ajajaj pero que dice este asesino de hamburguesas, anda dónde el nutricionista más bien.",0,es,Colombian,twitter
Cuando el abogado es un asesino o cómplice de asesinato la justicia debe actuar. Colombia apoya a Barbosa,0,es,Colombian,twitter
como es q no se está hablando de q descubrieron quien era el asesino del zodiaco,0,es,Colombian,twitter
Eso mismo hizo Paloma Valencia e hizo un hashtag que decía Petro asesino.,0,es,Colombian,twitter
"Quiero contarles que tengo 3 libros muy buenos, a mis seguidores les agradezco la acogida a mis poemas, que lo está haciendo mi nuera Valentina y los pueden conseguir por medio de ella:-Instinto Asesino, Poemas de una Alma Cautiva Y El dolor de los muertos.",0,es,Colombian,twitter
"Andrés Escobar es un asesino, gatillero sicario es la verdad, puede denunciar a quien quiera pero no prosperará",1,es,Colombian,twitter
Se trata de delincuencia desbordada y persistir en la estupides de dar impunidad a un asesino o ladrón solo porque tiene menos de 18 años,0,es,Colombian,twitter
"Olé asesino de niños y comisionista de los aviones,y sus contratos como van rata miserable dizque aspirando a la alcaldía jajaja",1,es,Colombian,twitter
Diego_Molano Bogotá necesita...un asesino de niños,0,es,Colombian,twitter
El único asesino con poder es usted petrogustavo,1,es,Colombian,twitter
"Si esta el asesino intelectual, debe estar el asesino material...digo no?",0,es,Colombian,twitter
"Estamos expuestos a un gobierno completamente tiránico, lo de asesino ya se sabía. Que tristeza",1,es,Colombian,twitter
Lo asesinó la derecha corrupta que esta detrás de este show asesino,1,es,Colombian,twitter
Y lo mejor es que todo el mundo insulta al homofobico asesino y no bloquea a nadie,1,es,Colombian,twitter
Si decirle asesino es una amenaza señor ud tiene amenazado a medio pais,1,es,Colombian,twitter
"Asi como su papa le conto la cantidad de ""gestas gloriosas"" que hizo x el pais supuestamente. El eufemismo de asesino y guerrillero",1,es,Colombian,twitter
"Y dice que es antifascista, jajajaja y al mismo tiempo idolatra a un asesino de homosexuales, la ironía en el comentario es digna de un fanático del comunismo",1,es,Colombian,twitter
Eso compartir para hacer famoso al asesino de fico perico,1,es,Colombian,twitter
"Vuelve y juega, ven la importancia de respetar el PARE El del carro es un asesino en potencia!!!",0,es,Colombian,twitter
Ojalá den con el paradero del asesino y que caiga todo el peso de la ley.,0,es,Colombian,twitter
"Yo no veo amenazas, solo le dicen una verdad: y lo consideran asesino!! Ahora si le molesta al sicario de esas redes para quien todos son ladrones, narcos y corruptos!!! Disfruto jajaja",1,es,Colombian,twitter
"FernanMartinez El debe saber de escoltas, el viajó acompañando al Asesino u Narcotraficante del Ñeñe Hernadez",0,es,Colombian,twitter
"Ahí tienen sus listas cerradas, meten a cualquier degenerado... con este, la boreal, la hija del asesino pizarro y otros, todos juntos, no se saca medio j",1,es,Colombian,twitter
Sigue la señora davila.junto al asesino zapateiro confabulando el golpe de estado,1,es,Colombian,twitter
"Desgraciadamente no será el único cesado por ese caso, estoy seguro que por culpa de este gobierno asesino, habrán más.",1,es,Colombian,twitter
"No estaría sembrando café cuando le paso eso. lo lamento pero eso le paso por asesino y bandolero, no por ser un angelito del señor.",1,es,Colombian,twitter
"La peor escoria que ha mal parido está tierra latina, un aprovechado de la revolución y descontento de tantos, para con discursos de resentidos e incapaces, con armas llegar al poder y hacer las peores porquerías que un ser humano puede hacer. Asesino, homofobico y secuestrador.",1,es,Colombian,twitter
Los bandidos no tenemos suerte dijo feid,0,es,Colombian,twitter
Te descuidas un segundo y feid te revive la carrera,0,es,Colombian,twitter
Sicario ingresa a una vivienda y asesina a un hombre en la sala de la casa,0,es,Colombian,twitter
"Antaño fuí llamada FORTUNA por los clérigos mientras que tú, Francisco, me llamas y nombras asesina... no debes lamentarte... vendí a Julio Cesar al Senado..",0,es,Colombian,twitter
"No entiendo, usted está pretendiendo decir que, intentar besar a una mujer y sentir nostalgia de una ideología asesina y su muro es lo mismo?",0,es,Colombian,twitter
"A ver si por lo menos así gratis estudia alguna carrera, pero primero a terminar el Bachillerato. Asesina",1,es,Colombian,twitter
Esos escándalos sin fundamento de los medios prepagos no impide el nombramiento de un fiscal que destape toda las otrosidades de esa plaga corrupta asesina de extrema derecha,1,es,Colombian,twitter
"La supuesta dictadura no tiene guerrillas, ni asesina periodistas ni opositores… pero tú si eres un malparido",0,es,Colombian,twitter
Mátame asesina con esos ojazos,0,es,Colombian,twitter
Este calor diario cada dia me asesina un poco mas.,0,es,Colombian,twitter
"Increíble, exclusivo, alerta, una fuente de alto nivel q me ha pedido proteger su identidad me confirma q debajo de la media q cubre mi pie izquierdo se esconde una pecueca asesina de lesa humanidad.",0,es,Colombian,twitter
"Deje de incendiar al país con sus estupideces, deben enviarte presa, asesina psicológica",0,es,Colombian,twitter
"El desespero de esta clase corrupta y asesina, le suma más sal en la herida con el asesinato del coronel",0,es,Colombian,twitter
Victoria Eugenia es igual de asesina que los demás miembros del clan Gnecco,1,es,Colombian,twitter
Es más usted no debería ni estar en el congreso de la república guerrillera asesina pague por sus delitos,1,es,Colombian,twitter
"Hablar contigo no hará que aparezcan, ¿ piensas que los pitbull son una raza asesina?",0,es,Colombian,twitter
"No le crea a esa asesina de los peces, editó el mensaje.",0,es,Colombian,twitter
NOS EMPEZO A SEGUIR UN HOMBRE CAMINANDO LENTAMENTE CON MIRADA ASESINA EN MEDIO DE UNA CALLE SOLA Y NOS ACABAMOS DE METER EN UN TAXI DIOS MIO SENTI QUE NOS IBAN A MATAR AHI MISMO,0,es,Colombian,twitter
"La VICEPRESIDENTA Francia Marquez dice toda la VERDAD.. Semana es un antro de DESINFORMACIÓN Y MENTIRAS.. Ah y al TAPEN, TAPEN, a la CLASE CORRUPTA Y ASESINA del país..",1,es,Colombian,twitter
Aquí le perdonan a la oposición corrupta y asesina pero no a una mentirosa,0,es,Colombian,twitter
"Que los críes de buena manera no quiere decir que lo sea, por naturaleza son una raza asesina yo tengo uno también Nunca me ha atacado pero siempre estoy al pendiente del bozal y la correa.",0,es,Colombian,twitter
"Qué vergüenza de congresista, todos los días vemos una propuesta peor que la anterior, además a una velocidad asesina, van con toda.",0,es,Colombian,twitter
"No sólo se asesina con un arma, con la lengua engañosa se mata a todo un psis.",0,es,Colombian,twitter
si le llevo la contraria me asesina,0,es,Colombian,twitter
"Increíble, reprochable, vergonzoso y humillante que una criminal y asesina como ud sea congresista.",1,es,Colombian,twitter
"Tibios y asolapados Corruptos, asesina de la madre tierra no tienen que ver con árboles con tal de sacar dinero.",0,es,Colombian,twitter
El machismo asesina muchas mujetes cada año. Se puede ser feminista sin llevar la agenda de la ONU. O incluyente sin apoyar la agenda lgtbi,0,es,Colombian,twitter
Jjajajajaa toca es quemar l hijueputa empresa asesina de tranquilidad,0,es,Colombian,twitter
Corte suprema asesina reforma a la justicia ya,0,es,Colombian,twitter
Es Bogota la qué dcide y no la burguesía rancia y asesina y el pueblo manda y punto,1,es,Colombian,twitter
Miserable aquel que asesina a una criatura indefensa.,0,es,Colombian,twitter
yo si metía una parla asesina en esas exposiciones oiga,0,es,Colombian,twitter
"Fui muy asesina lo reconozco, 3 horas de sueño y pal gym, ni Bobo man se tira esa pues, casi le toco las campanas a San pedro",0,es,Colombian,twitter
Estoy obsesionada con esa canción y se me hace imposible escucharla y no poner Asesina de La Factoría,0,es,Colombian,twitter
Boba hp asesina vieja malparida usted no tiene derecho a absolutamente nada,1,es,Colombian,twitter
Cómo se le llama al padre que asesina y le roba a sus hijos?,0,es,Colombian,twitter
Asesina! Merece ser juzgada y tratada como tal!,1,es,Colombian,twitter
"Si usted que es una criminal, asesina y terrorista. Esta de parte del gobierno!!! Para mi es suficiente razón para saber que están haciendo las cosas mal",1,es,Colombian,twitter
Soñé que era asesina jajaja yo bn miedosa que soy que tierna,0,es,Colombian,twitter
no jodas sí yo la trato de ladrona y asesina a usted lo primero que hace es denunciarme y yo tengo que probar eso,0,es,Colombian,twitter
"Salieron los pobretones petristas esos mismos gusanos RASTREROs que no tienen nada que son vagos hasta de cerebro que apoyan todo lo que es RESENTIMIENTO SOCIAL y odio,que defienden la marihuana la corrupción y el aborto, que defienden a quien roba y asesina.",1,es,Colombian,twitter
Es de la banda guerrillera terrorista asesina de países comunista el hdp,1,es,Colombian,twitter
Está inadaptada divinamente representa a una asesina en potencia,1,es,Colombian,twitter
"Sí, es verdad. La verdad le dolió mucho a la tal ""fiscal de hierro"" que con su trino amenazante confirma y ratifica lo que el país y el mundo entero ya saben; que la cultura paisa sufre de una grave enfermedad llamada corrupción inescrupulosa, mafiosa, traqueta y asesina.",1,es,Colombian,twitter
Danny siempre dio indicios de asesina.,1,es,Colombian,twitter
"No mk, esa vaina me da es miedo, cule potencial asesina en serie",1,es,Colombian,twitter
"No existe una palabra que defina esta barbaridad, financiar a quien asesina, secuestra, extorsiona o roba, sin palabras.",0,es,Colombian,twitter
"Oiste bobolivar, ya no sabes que sacar? definitivamente una rata y fuera de eso asesina! cuando se ve a corralada trata de sacar por una y mil veces a los que se le ponen en el camino, jajajaj que pesar!",1,es,Colombian,twitter
Toda una rata asesina,1,es,Colombian,twitter
"intiasprilla es una rata igual que su sucio padre. La genética asesina y criminal q heredó pone en riesgo a todos los que no estamos de acuerdo con legalizar sus vicios y aberraciones. Con esa calaña progresista, todos los buenos y decentes estamos amenazados.",1,es,Colombian,twitter
"Pero Paola; su clan de matones y cobradores amenaza, asesina y desplaza con el fin de mantener tener el poder en 'su tierra'... Usted qué va a decir sobre ética su su ralea o tiene principios.",1,es,Colombian,twitter
están haciendo hasta lo imposible por no caer presos la derecha en Colombia es asesina.,1,es,Colombian,twitter
"Y sobre todo quien lo dice, una bestia criminal, asesina, genocida, corrupto como el que más, despojador, sicopata, mentiroso mitomano, calumniador; la mayor desgracia de colombia y que fue cagada en tierra antioqueña...vea una descripción acertada",1,es,Colombian,twitter
"Gustavo Petro, el que sí tiene gūevas para enfrentarse a la oligarquía ladrona y asesina que siempre ha mandado en este país.",1,es,Colombian,twitter
GustavoBolivar es un terrorista creador y financiador de una banda criminal asesina la primera línea que recibe dinero de eln farc comunes clan del golfo,1,es,Colombian,twitter
"Usted si es un hijo de puta payasa cree que eso es para hacer chistes ignorante de mierda, asesina guerrillera hija de puta",1,es,Colombian,twitter
Me cogió la gripa asesina de temporada,1,es,Colombian,twitter
"Usted representa a la izquierda digna de Colombia. No la izquierda retrógrada, criminal y asesina de petrogustavo",1,es,Colombian,twitter
No se equivoquen ustedes ni amenacen esta prensa criminal quiere levantar cortinas de humo para evadir lo que dijo mancuso prensa criminal y asesina,1,es,Colombian,twitter
Pobres criaturas con esa mamá una asesina por qué los muertos del famoso estallido social son suyos. MALDITA!!!,1,es,Colombian,twitter
La asesina que tomaba fotos pero con tiros de fusil...genocida inmunda y asquerosa.,1,es,Colombian,twitter
"Y se olvida que usted es narcotraficante , guerrillera, asesina,corrupta, mire su prontuario , de Dios usted no se burla y DIOS SOBERANO Y AUTORIDAD YA SE ENCARGO DE HACER JUSTICIA EN USTED AQUI EN LA TIERRA Y DE TODA SUS GENERACIONES",1,es,Colombian,twitter
La Sirenita Negra y Gladis la Orca Asesina,1,es,Colombian,twitter
"Y asesina a sangre fría, le faltaron varios ítems",1,es,Colombian,twitter
"Estamos muy Pendientes viendo cómo este gobierno asesina, amenaza , chuza, al que le da la gana , el Coronel no se suicidó.",1,es,Colombian,twitter
Qué le pasa a esta humanidad tan indolente y asesina?,1,es,Colombian,twitter
Siempre ha pasado y no por eso da menos asco. Las comunidades que viven en zona de conflicto son víctimas del estado. Primero los abandona y luego los asesina.,1,es,Colombian,twitter
Su risa frenética asesina,0,es,Colombian,twitter
"Pero usted no es consecuente ,a los que apoya o sigue son de la misma élite asesina y corrupta de Colombia.. entonces de que hablas viejo",1,es,Colombian,twitter
"Y porqué le dice Doctora? Ahh es que la genocida tiene Doctorado en Terrorismo, Asesinato y Cinismo. Esta asesina es la misma que demandó a la de Rosa Blanca, su víctima, y disque le prohibe q no mancillen su buen nombre. Asi o más especializada en Cinismo?",1,es,Colombian,twitter
"Es más elocuente un poema que una ráfaga. El primero alienta, mientras la otra, asesina",0,es,Colombian,twitter
Claro que están debe reclamar más.Pero no se hace porque el establecimiento asesina a quienes se atreven pacíficamente a reclamar.,1,es,Colombian,twitter
Resulta que la guerrilla secuestra y asesina pero vale la palabra del grupo guerrillero por encima de la voz de la víctima?,1,es,Colombian,twitter
"Usted no es más que una criminal, alcahuete de criminales de lesa humanidad,",1,es,Colombian,twitter
"Que símbolos los que usa para justificar a alguien que extorsiona, secuestra y asesina",1,es,Colombian,twitter
Va a hacer falta mi gimnasio que me asesina en cada rutina,1,es,Colombian,twitter
Que triste matar al arcangel que ama para liberar a la bestia asesina,0,es,Colombian,twitter
EL COMUNISMO ES UN ARMA ASESINA DICE MI TAXISTA ESTOY GRITANDO,0,es,Colombian,twitter
Este gobierno asesina policías,1,es,Colombian,twitter
Un molino para moler carne de res Me recordaba una serie mujeres asesinas donde la asesina molia la carne de su marido muerto mirando la cámara,1,es,Colombian,twitter
Miserable asesina caníbal a usted no deberían ni dejarla entrar a los baños del Senado,1,es,Colombian,twitter
"Soy periodista y no me siento amenazada por este gobierno. Amenazada me sentía antes, cuando tocaba medir cada palabra para hablar, por ejemplo, de falsos positivos, de desapariciones y de crímenes de Estado. El actual gobierno controvierte, pero no persigue ni asesina.",0,es,Colombian,twitter
"Retrocedería llevando la mano a su herida mientras le dirige una mirada asesina. —¿Pero qué te crees que eres, un vampiro? No soy asustadizo, pero joder, si apareces así de la nada como si fueses un fantasma, ¿Quién en su sano juicio se lo toma a cachondeo?",0,es,Colombian,twitter
Nada malo dejo la caída de eso muro. Nada absolutamente nada. Hoy millones de Alemanes viven felices y su desorrollo económico es de los mejores con modelos lejanos al que representaba esa Alemania retrógrada y asesina. Petro tiene su mente en los años 80.,1,es,Colombian,twitter
"Es falso, está buscando como justificar a la asesina.",0,es,Colombian,twitter
"Siiii de acuerdo…. Esa señora mínimo merece cárcel, una asesina de pasquin",1,es,Colombian,twitter
"Toda la cúpula asesina del coronel se fue a tomar fotos, mientras dejaron unos niños huérfanos, donde están los valores.",1,es,Colombian,twitter
Habla el tipo cuyo partido asesina jóvenes por deporte.,1,es,Colombian,twitter
"Al perro animal, el otro es simplemente una rata asesina",1,es,Colombian,twitter
Mejor un marihuanero qué una sabandija asesina,1,es,Colombian,twitter
"Babosa asesina a dávila, mancuso demuestra la culpabilidad de auv, se pacta cese al fuego con eln ¿y lo de mayor importancia es la auto-critica?",1,es,Colombian,twitter
La primer sustancia adictiva y mas asesina se llama AZUCAR.,0,es,Colombian,twitter
Desmovilizarse es la mejor opción!!!Despojadora asesina,1,es,Colombian,twitter
"El asesinato por parte de terroristas en la UN de unos policías desarmados, es el inicio de una larga historia en la que la izquierda comunista, guerrillera, adoctrinada y asesina se adueña del poder, de las instituciones y en el proceso hace miserable a una nación.",1,es,Colombian,twitter
se puso sentimental esta cucarracha asesina,1,es,Colombian,twitter
"Pues ya es hora. Suficiente con 2mil años de una ideología totalmente machista, antinatural, asesina e irracional",0,es,Colombian,twitter
La banda asesina de moral,0,es,Colombian,twitter
Una rata lamentando la muerte de otra de su misma calaña.,1,es,Colombian,twitter
En este caso botaron a la rata del barco,0,es,Colombian,twitter
ajajja fueron a apoyarlo con la plata que le pago el coronel rata,1,es,Colombian,twitter
"Que feo debe ser una rata, literal te odian por ser feo mientras a los humanos les vale verga convivir con pájaros al lado como si nada.",1,es,Colombian,twitter
"Maldita rata Vicky Dávila y su medio criminal como lo es semana, no hallan como tumbar este gobierno, pero no pasaran, tendrán que hacerlo por encima de nuestros cadáveres. Se van a quedar viendo un chispero. Viva @petrogustavo .",1,es,Colombian,twitter
Hay muchas pero Mujer amante de Rata blanca es otro nivel.,0,es,Colombian,twitter
"Todo tipo y especie de rata, debe estar muerta..",0,es,Colombian,twitter
"Su padre es una pobre rata que se murió siendo investigado, o es mentira",1,es,Colombian,twitter
"En el Transmilenio que voy hay un chico con una rata y la bichita es toda bonita, y lo busca y juegan. Me dio ternura",1,es,Colombian,twitter
"Maldita rata, debe ser juzgado por doble militancia",1,es,Colombian,twitter
"Rata desgraciado usted y su falso discurso de ""tenemos la gasolina mas cara del mundo"" desgraciado cinico narconovelas hipócrita",1,es,Colombian,twitter
Cielo Rusinque otra rata más que se suma al pacto criminal de la picota,1,es,Colombian,twitter
Está puta rata debería estar en la cárcel,1,es,Colombian,twitter
da risa el Uribismo vanagloriando a uno de los principales cabecillas de su secta.... Lo necesitamos señor fiscal pero tras las rejas rata Hpta!,1,es,Colombian,twitter
Amigo diga las cosas por su nombre. Esa rata de abogducho de Miguel Angel Del Río y Gustavo Petro tienen mucho que ver con el asecinato del coronel Davila.,1,es,Colombian,twitter
"Ese triple hp guerrillero ojibrotado malnacido, es la peor rata que tiene este mundo y sus alrededores.",1,es,Colombian,twitter
uno nunca deja de conocer a la gente y cuando medio uno ve las cosas ve que la gente es una rata,0,es,Colombian,twitter
"Dios mándame un mansito que me dé como a rata, amén.",0,es,Colombian,twitter
"Como se cuela una rata, como se cuela un ratón",0,es,Colombian,twitter
"Bueno, parece que mi era social ya terminó y vuelvo a ser una rata banquera.",0,es,Colombian,twitter
"Una rata como usted no deberia tener voz, como puede ser tan cínico después del daño que le ha hecho a Bogotá",1,es,Colombian,twitter
"Olé asesino de niños y comisionista de los aviones,y sus contratos como van rata miserable dizque aspirando a la alcaldía jajaja",1,es,Colombian,twitter
"Dios me quiere ver gastando plata en conciertos este año, Kiss, Rata Blanca, Enrique Bunbury y ahora Los Fabulosos Cadillacs",0,es,Colombian,twitter
"Lo dice la fórmula vicepresidencial de una rata corrupta como el cucho Rodolfo... mucha cínica descerebrada, calle la jeta más bien.",1,es,Colombian,twitter
Me hiciste acordar cuando ingresé a un almacén con mi hijo de 4 años. Vale decir que le tengo asco a las ratas y mucho miedo. Pasó una rata y mi hijo la perseguía para cogerla y acariciarla porque era Michy Mouse,1,es,Colombian,twitter
Que hacia la rata inmunda de Daniel Mendoza en el Club El Nogal??!,1,es,Colombian,twitter
“Hay gente muy rata” es lo que ha dicho,1,es,Colombian,twitter
Estamos llenos de niños rata,1,es,Colombian,twitter
Te odio sapo catretahijueputa malparido asqueroso gonorrea inmunda rata malparida,1,es,Colombian,twitter
Tras de ladrón bufón ? Rata !!,1,es,Colombian,twitter
"Yo admiraba a su padre, yo odio a una RATA oportunista como USTED!",1,es,Colombian,twitter
"Definitivamente este hpta no puede ser alcalde de Tunja, que porquería, apoyando a esa rata asquerosa que acabo con el buen funcionamiento que tenía el Hospital San Rafael y que desfinancio de que manera la UPTC",1,es,Colombian,twitter
Habla desde su experiencia criminal?? Rata inmunda,1,es,Colombian,twitter
Y cuanto recibio la rata de Duque que también viajo,1,es,Colombian,twitter
"Uribe Hpta sus argumentos fueron plomo para el que piense diferente, rata desgraciada.....",1,es,Colombian,twitter
Usted sabe cuánto cuesta el esquema de seguridad de esa rata?,1,es,Colombian,twitter
Esa rata miserable no merece llamarse periodista,1,es,Colombian,twitter
"Falta la Autopsia, y juicio político a la rata Petro",1,es,Colombian,twitter
Ojalá allá le hagan protestas a esa rata,1,es,Colombian,twitter
NO ESA ES OTRA RATA NARCOURIBISTA,1,es,Colombian,twitter
"Dios los hace y ellos se juntan... Las ratas buscan su propia especie para hacer sus nidos, entonces en ese orden de ideas. Las ratas que gobiernan hoy están buscando aliarse con las ratas menos favorecidas para obtener beneficios pero como toda rata luego se comeran unas a otras",1,es,Colombian,twitter
Yo matando una rata,0,es,Colombian,twitter
Que hermoso para darle como a rata en barde,0,es,Colombian,twitter
"suerte para el exámen, no dejes que la rata te desconcentre!",0,es,Colombian,twitter
"Esta rata es dizque del partido verde, que se autodenomina de centro, y no hace sino lamberle las patas a Peñalosa y compañía. Esta vieja es uno de los mayores desprestigios de ese partido desechable. Guacala",1,es,Colombian,twitter
Que tomen todas las medidas contra esa rata,1,es,Colombian,twitter
Una cosa es su padre otra la rata inmunda que es ud hijueputa arrodillado,1,es,Colombian,twitter
Ud rata debería estar en una cárcel no trinando,1,es,Colombian,twitter
"El PUEBLO COLOMBIANO, tiene que sacar ésa RATA",1,es,Colombian,twitter
La rata noruega lo consiguió de nuevo grande!!!,1,es,Colombian,twitter
Esto es muy grave y todos los bogotanos agüevados dejando que la bandida de ClaudiaLopez en contubernio con la rata del vende-volvos nos mangoneen a su antojo. ¡Malparidos!,1,es,Colombian,twitter
"Que le importa, porque usted los quiere? Con esa cara de rata no lo dudo",1,es,Colombian,twitter
Los ratones juzgando a la rata: nadie vio el queso ni se lo comió y en fin no hubo nunca hubo un queso ¿Cuál queso?,0,es,Colombian,twitter
"Siempre maltratando a su pobre madre por ponerle la cara a las mujeres que usted robo en Ibague y despues huyo como rata a esconderse, eso si es ser muy malparido",1,es,Colombian,twitter
"Semana es un chiste que se cuenta solo, igual que usted payaso desteñido. Y los petristas estamos contentos viendo llorar a tanta rata Uribestia. Y como dijo Francia: , puede llorar! Y puede seguir llorando con ama la perra Cabal... Esclavo.",1,es,Colombian,twitter
Pues le va a tocar quedarse por allá porque lo echaron como un perro zarnoso. Rata vendida!,1,es,Colombian,twitter
La rata está despeinada en este caso,0,es,Colombian,twitter
"Siempre lo digo el ""Profesional"" que falsifica un titulo es una rata",1,es,Colombian,twitter
Ojala lo echen como una rata,1,es,Colombian,twitter
Hipocresía en su máxima expresión... Cómo si no supieramos su historia señora rata,1,es,Colombian,twitter
La rata escondida responde virtualmente,1,es,Colombian,twitter
"A la Dra. Caída del zarzo no le gusta nada, solo que la alaben y le digan cuan inteligente es.",1,es,Colombian,twitter
"Hijueputa marrano, miserable rata, inútil de mierda IvanDuque",1,es,Colombian,twitter
"No sea animal! Todo el mundo sabe que darles plomo y meterlos a la cárcel funcionó hasta que la rata de Santos acabó con todo, dándoles privilegios y dejándolos recuperar territorio y cultivos ilícitos.",1,es,Colombian,twitter
"No trabaja un domingo pero si se la pasa trinando, vaya a celebrar el día del padre con los hijos que todavía no está investigados por recibir plata de narcos, bueno si los hijos que le quedan lo quieren, rata.",1,es,Colombian,twitter
"Ahora se las da de héroe, rata asquerosa, deshonesto.",1,es,Colombian,twitter
"Viejo rata, diciendo los atropellos que cometió, será que se está mirando al espejo ? Desgraciado burlándose del pueblo",1,es,Colombian,twitter
"Este viejo si es muy cínico,no le corre sangre por la jeta, usted fue el que trajo a Odebrecht a Colombia y la recomendó y santos, Zuluaga y el cerdo están untados,no nos venga a creer huevones,por eso te vas a poder en la cárcel,RATA.",1,es,Colombian,twitter
"Lo único malo de Villavicencio es su administración una rata de alcalde que tiene que no ha servido para nada en 4 años, tiene estancada la ciudad seguimos sin agua, los semáforos nunca funcionan, el alumbrado público y la malla vial deteriorados, la inseguridad desbordada",1,es,Colombian,twitter
"es de las peores basuras que se nos coló al Congreso! Es que ni manguito llegó a tanto como está porqueria, infeliz! Rata falsa y mentirosa",1,es,Colombian,twitter
la rata que dirige al nuevo centro democrático vestidos de verde,1,es,Colombian,twitter
"Le gritan ‘rata’, ‘pájara pinta’ a Luis Carlos Vélez en Miami",0,es,Colombian,twitter
de camino al gym a esta hora un domingo. cule rata,0,es,Colombian,twitter
Todos son hombres hasta que la cucaracha vuela o la rata se devuelve,0,es,Colombian,twitter
cuando le das a una Rata comida para que deje de comerse la de tu alacena la rata se come la comida que le das y la q tienes guardada en la alacena es más atrae más Ratas para q las alimentes. Pero nunca deja de ser rata ni de actuar como Rata,0,es,Colombian,twitter
"Como dijo Pablito, dependiendo de la rata, se pone el veneno en el cebo.",0,es,Colombian,twitter
pensé que era una rata,0,es,Colombian,twitter
Ella no entendía con la rata,0,es,Colombian,twitter
"Joda señor, no entiendo como es que la gente que tiene cule rata muerta en la boca le cae la habladera, jueputa",0,es,Colombian,twitter
"Y lo que yo estoy atacando es que ciertas personas pretenden darle dignidad humana a ciertos animales. Por ponerte un ejemplo exagerado, un ser humano para vivir con dignidad necesita una cama cómoda y un techo, una rata no necesita una cama cómoda, la dignidad ni es la misma",0,es,Colombian,twitter
Que rata eres??? Yo soy la rata gay,0,es,Colombian,twitter
Busquemos uno mejor q ellos. Pero q no sea de la cuerda de la Rata del Cura,0,es,Colombian,twitter
"busco y trato de salir de la rueda de la rata, para adentrarme al mundo de la programación. pero es casi imposible. No Bebo, no fumo. no tengo malos hábitos, pero no sé qué estoy haciendo mal que las cosas no se dan",0,es,Colombian,twitter
"Cuando no hay argumentos para debatir, procedes a insultar, puro niño rata",0,es,Colombian,twitter
Y ahora que se está destapando todas las porquerías de su famoso hampón el mentiroso con su cuento del cambio que piensa sigue apoyando esa rata,1,es,Colombian,twitter
"El ladrón juzga por su condición, la Difamadora mayor... No tiene la menor vergüenza.... Esta Rata inmunda",1,es,Colombian,twitter
Lo tragada que estaba de esa rata por Dios,0,es,Colombian,twitter
Un poco de síndrome del impostor para variar,0,es,Colombian,twitter
"Lidiar con el síndrome del impostor es algo horrible, no lo he vivido en carne propia nunca pero si me imagino la situación",0,es,Colombian,twitter
Atrás síndrome del impostor.,0,es,Colombian,twitter
A este impostor le asignaron un avión para sus traslados a través del mundo,1,es,Colombian,twitter
"Así es my ""presidente"" usted es el verdadero, el otro guerrillero es un impostor",1,es,Colombian,twitter
"Hoy se me juntó la ansiedad, el síndrome de impostor y haber mezclado por error un energizante con un café con leche. Odio cuando me estreso demasiado por una tarea sencilla y me vuelvo un 8. Internamente soy este tipo ahora mismo.",0,es,Colombian,twitter
"Respéteme, yo no me pongo a pelear con gente que jamás y nunca me va a leer. Menos con un prócer como el doctor Uribe. Ese impostor con foto de mi perfil no me representa",1,es,Colombian,twitter
Ya es hora que manden al mierda a ese impostor,1,es,Colombian,twitter
"Si señores… no es un sueño, pellízquense, abofetéense, es la realidad. ¡HOY DUQUE SE VA!, ¡HOY SACAMOS AL IMPOSTOR COMO UN PERRO",1,es,Colombian,twitter
"Desde la campaña, por impostor, mafioso y mentiroso. Lo peor que ha llegado al máximo cargo, ya va a caer, menos mal que nos está ayudando",1,es,Colombian,twitter
petrogustavo hasta ahora no has echo nada de verdad que si eres un impostor.,1,es,Colombian,twitter
Como así que lo llaman “impostor de comunidades negras”!! No tienen respeto por nada!,0,es,Colombian,twitter
"No le llamaron ""negro"", le llamaron ""impostor"", le falta Comprensión lectora "" jopoloco"", la denuncia sería por calumnias e injurias ñ, no por racismo.",0,es,Colombian,twitter
"Eso por mi lado no sucederá jamás. Para mí, es un impostor y hampón de siete suelas. Se quiere robar todo",1,es,Colombian,twitter
Suplantador denunciado y bloqueado.,1,es,Colombian,twitter
"Los pájaros tirándole a las escopetas. El uno suplantador de personalidad para estafar, y el otro multado por pertenecer a un cartel!",1,es,Colombian,twitter
"Nuestro gran caricaturista matadoreltiempo está siendo suplantado. El suplantador cambia la ""o"" final por un cero ""0"". ¡A denunciarlo! Aquí lo explica Matador, el verdadero",0,es,Colombian,twitter
"Un arbitrario suplantador de la autoridad de tránsito, y de paso altanero.",1,es,Colombian,twitter
Hola. No entiendo. A quien cancelaron su cuenta. A usted? Ó al suplantador?,0,es,Colombian,twitter
"Querido suplantador: que Dios te bendiga, y que su mano no permita que yo te encuentre.",1,es,Colombian,twitter
"Ah pero como sale a defender a ese suplantador de funciones policiales. Sin armas no son nada, cagones.",1,es,Colombian,twitter
"DICE SER REPORTERO DE NTN24..SE LA PASA EN CHACAO..ES UN SAPO ROJO..RT MASIVO"" @NTN24 Suplantador!",1,es,Colombian,twitter
"que rico ver cómo sufres por lo q no puedes impedir, ya no eres gobierno bruja, ya no mandas, eres una vieja fascista, clasista, racista, déspota, ignorante, jejeejje",1,es,Colombian,twitter
"De pronto se me da por ver los comentarios en una publicación en Instagram y me encuentro con este comentario, de un personaje célebre de la farsándula criolla. Primero que todo: deja de ser racista",0,es,Colombian,twitter
"Sí, pero no se puede ser progresista y defender causas sociales como derechos LGBT y andar con un homofóbico, racista, misógino, machista...",1,es,Colombian,twitter
"La verdad es que me estoy quedando sin amigos de Facebook porque cada vez que veo que alguien comparte una publicación racista, misógina, homofóbica, transfóbica o bigoted en general, lo voy eliminando. No como de familia ni de nadie.",0,es,Colombian,twitter
Daniel la construcción de las amistades está en el rango personal. Yo puedo hablar con todo el mundo pero no me siento a tomar con un putero o con una racista. No llevo a mi casa a una mujer que piense que las putas son sinverguenzas. Opto por afinidades para construir amistad,0,es,Colombian,twitter
"Relaciones civilizadas con un racista, homofóbico, clasista y misógino, mo gracias.",0,es,Colombian,twitter
"Yo después de decir la vaina más hptamente clasista, racista y funable de la historia",0,es,Colombian,twitter
"No es por ser racista, pero ser blanca es una bendición",0,es,Colombian,twitter
"Acaso ella llegó al congreso por arte de magia? No, se debe a sus votantes, y no creo que por ella hayan votado uribistas. Y no me parece leal que ande de ""amiga"" con un tipejo que además de racista y sectario, ataca, calumnia y pordebajea a la gente que votó por ella.",1,es,Colombian,twitter
"Qué se puede esperar de este sujeto que siendo afrocolombiano dice que Colombia NO es racista e inferioriza la lucha de las personas afro? Polo Polo es igual al loro que dejó de volar y se dedicó a pergonar verdades ajenas, olvidando sus propias verdades.",0,es,Colombian,twitter
"Estar rodeado de negros y tener amigos negros no quiere decir que entiendas el racismo estructural y simbólico... Vuelvo y repito solo los negros podemos hablar de racismo, y el man es racista porque no representa las luchas de quién debería representar. Cada día más blanqueado",1,es,Colombian,twitter
Aparte de racista eres muy tonto!,1,es,Colombian,twitter
Aquí la tiene...La acosadora racista que odian a Francia Márquez,1,es,Colombian,twitter
La narrativa de alguien claramente racista que solamente le gusta ver a los negros para su entretencion y no en posiciones que cuestionen su marcado racismo y clasismo,1,es,Colombian,twitter
"Dicen que cada pueblo elige el gobernante que merece, pero daulaw, se pasa de calidad. Tal vez sea el karma acumulado del profundo dolor de tantos africanos maltratados por la esclavitud en Cartagena, el mayor puerto negrero de América Lo estamos pagando caro",1,es,Colombian,twitter
"Indignante la actitud de esta persona contra la candidata a la alcaldía Catalina Ortiz, cataortizco a quien le expreso mi solidaridad. Este es un comportamiento machista y misógino fuertemente arraigado en nuestra sociedad y que tenemos que cambiar.",1,es,Colombian,twitter
"Wow, que triste leer esto y que decepción que venga de otras mujeres. A parte de ser un discurso muy primitivo, es vergonzoso ver cómo se sigue minimizando y normalizando el acoso. Basta con leer un par de cap para darse cuenta que este tipo raya en lo misógino y homofogo",1,es,Colombian,twitter
"Bien porque ganó Ayeley, pero me sigue pareciendo misógino y violento que las mujeres jóvenes tengan que exhibir sus cuerpos y someterse a las críticas en redes de gente sin oficio, solo por lograr alguito de movilidad social y visibilizar sus barrios...",1,es,Colombian,twitter
"Mi jefe homofobico, misógino, machista, Hpta, mal padre, mal jefe, infiel, descuidado: “Dios si me ama”.",1,es,Colombian,twitter
"Relaciones civilizadas con un racista, homofóbico, clasista y misógino, no gracias.",0,es,Colombian,twitter
Osea hermano que necesidad de decir estás estupideces ... Quédese callado misógino hp !!,1,es,Colombian,twitter
"Los anticorruptos llevaron 201 personas a Egipto,incluyendo 4 depravados ?. 2 acosadores,el violador profe-Sanabria y el misógino de @NoticiasUno ,El CAMBIO",1,es,Colombian,twitter
Uyyyy no socio deje el machismo a un lado que las mujeres pueden hacer bien las cosas. No las maltrates MISÓGINO,1,es,Colombian,twitter
"Lo invito a que investigue sobre mi; nunca he tenido OPS. Yo trabajo en investigación de desaparecidos en el marco del conflicto armado para la JET, soy Consejero de Juventudes, Delegado de la Mesa de Víctimas, Dirijo Jóvenes Por Cartagena, CREO QUE APORTO MAS QUE USTED MISOGINO",1,es,Colombian,twitter
"Ni tendrás nada de eso, porque con esa forma de “pensar” que te levantes una. Complicado 🥲🤣. Suerte Solteron misógino.",1,es,Colombian,twitter
Deberían sacarlo @CaracolRadio por machista y misógino.,1,es,Colombian,twitter
No soy misogino No soy misogino No soy misogino,0,es,Colombian,twitter
"yo aquí solo veo a un misógino, abusador, feminicida en potencia. educación 0, respeto 0, patriarcado",1,es,Colombian,twitter
"De esa cagada de los trapºs lo único que diré es que no pueden volver a cantar el peor canto misógino y homofóbico que tenían y me gustaba, qué triste.",0,es,Colombian,twitter
"El único idiota que ve inclusión forzada en un mundo de multiversos Aaah pero si fueran humanoides azules, no pasaba nada. El gran problema es que son mujeres y son negras .Nada misógino, ni racista .. que va",0,es,Colombian,twitter
Veamos el exacto momento del impacto de un proyectil de un tanque Ruso sobre un grupo de soldados ucranianos que despejaban una casa en Pyatikhatki (Zaporozhye).,0,es,Colombian,twitter
El comandante del pelotón de las Fuerzas Armadas de Ucrania gravemente herido da las gracias a los médicos militares del Ejército ruso,0,es,Colombian,twitter
El ejército ruso en Zaporozhye destruyó al campeón de Ucrania en kickboxing Maxim Bordus.,0,es,Colombian,twitter
"El tanque ruso ataca a un grupo de militantes ucranianos que trataron de despejar una casa en el pueblo de Piatijatki, en la dirección de Zaporozhye. Al menos un militante resultó herido.",0,es,Colombian,twitter
"Aquí te dejo otro testigo, Salvatore Mancuso, que dijo que en la casa de Lucas Gnecco, TU SUEGRO, se reunieron todas las familias más ricas del Cesar para ejectuar operaciones paramilitares.",0,es,Colombian,twitter
"Hola Vicky, ""siendo leal solo a la verdad, a mis principios"" o leal a los intereses de Gilinski y el uribismo? Sus jefes con intereses económicos y políticos.",0,es,Colombian,twitter
"muchos ""hola"" por IG y ninguno es el suyo",0,es,Colombian,twitter
"buenos días, en el momento la vía se encuentra habilitada con alto flujo vehicular. Cualquier novedad se publicará en nuestros canales oficiales de información.",0,es,Colombian,twitter
hola me llamo lesbiana,0,es,Colombian,twitter
"hola, me interesa una si aún la tienes. me escribes por DM no me sale la opción de mandarte.",0,es,Colombian,twitter
"Vimos tu comentario y lamentamos lo sucedido con tu pedido. Permítenos revisarlo. Porfa, pásanos tus datos asociados a la app, recuerda que son: el correo y número de teléfono. Quedamos muy atentos.",0,es,Colombian,twitter
"Hola, que tal el finde",0,es,Colombian,twitter
Mi plan favorito este finde fue dormir abrazadita a mi novio,0,es,Colombian,twitter
"nenissssss, alguien está vendiendo boletas para la final?",0,es,Colombian,twitter
"buenas noches, el jugador determinante será mi negro Dorlan Mauricio Pabon Ríos y Nacional campeón saludos cracks los quiero..",0,es,Colombian,twitter
"En ""animes"" solo llegué hasta Gokú. Y me gustaba más cuando tenía cola.",0,es,Colombian,twitter
Nadie está diciendo que una organización estudiantil no pueda hacer asamblea.,0,es,Colombian,twitter
"hermanas llegando tarde🥹cómo están? me place saludarlas , un abrazo fraternal para todas",0,es,Colombian,twitter
Hola disculpa tienes boletas?,0,es,Colombian,twitter
"Alexis, de lo rescatable en Win, que nos puedes contar de Juan Pablo Vargas, es posible que pueda llegar al partido de vuelta, no hay una mínima posibilidad",0,es,Colombian,twitter
"Sin ir a consultar a ningún lado, cual fue la última obra de Mozart y cual de sus canciones piezas es muy famosa hoy en día ?",0,es,Colombian,twitter
"La casa de subastas Christie's sacará a subasta una carta autografiada de Wolfgang Amadeus Mozart (1756-1791) dirigida a su amiga la baronesa Marta Elisabeth von Waldstätten, sobre su inminente matrimonio con Constanze Weber.",0,es,Colombian,twitter
"Bueno ya mucho tweets por hoy ,ya me apercollaron. Bye",0,es,Colombian,twitter
BUENAS NOCHES MAÑANA HAY NOVELA Y ES SEMANA DE RECONCILIACIÓN BYE,0,es,Colombian,twitter
Bueno hoy me dedican señal de vida por que me les perdí,0,es,Colombian,twitter
"Normalito, sin darme mala vida, lo que Dios mande welcome!! Y lo que quite, Pues good bye!!!",0,es,Colombian,twitter
"Bye inestabilidades, hola emociones firmes",0,es,Colombian,twitter
pues si a usted le gustan así chimba por usted mami jaja bye,0,es,Colombian,twitter
"Por tú biografía, creo que al que dejaron caer cuando chico fue a ti, bye, besis.",0,es,Colombian,twitter
Bye mafe callejera hola mafe que va pasar neuro,0,es,Colombian,twitter
"Buenos días muchachos, ya me ajuiciaron, bye bye",0,es,Colombian,twitter
"Jajaja pontelos siempre que quieras! Te ves muy bella, pero si los necesitas permanentes mejor no te los pongas tanto! Esa es una mentira del oftalmólogo, mejor haz ejercicios oculares, y mira temprano la luz solar. 💏 Besito!",0,es,Colombian,twitter
Gracias a que me aceptaras. Ya no seguir con cosas de política.,0,es,Colombian,twitter
"Pobre ser humano. La secta del Uribismo afectó tanto tu cerebro, que crees que el mundo gira alrededor de tu existencia, pero no es así, es solo el trastorno narcisista que te vendieron, y crees que eres el único que sufre! Pobre ser. Que lástima debe ser vivir tu vida",0,es,Colombian,twitter
"Mi gordo, si ves este tweet, quiero que sepas que creo que muy en el fondo de mi corazón sí me gustaría algún día reunirnos a hablar de lo que pasó y perdonar.",0,es,Colombian,twitter
Ahora sí me voy de vacaciones. Pero les dejo esta noticia que acaba de publicar Semana donde están todos los chats de Nicolás Petro con su exesposa.,0,es,Colombian,twitter
"De tonto no tengo ni un solo pelo me quieren coger de pendejo, me alejo. Yo le digo ""bye"" y nos vemos",0,es,Colombian,twitter
"Nada me hace odiarme más que darme cuenta que estoy haciendo un copiar y pegar de los comportamientos de mi papá, que asco",0,es,Colombian,twitter
Y es que uno le va perdiendo el gustito a forzar las cosas,0,es,Colombian,twitter
Y se supone que le crea esa mentira?,0,es,Colombian,twitter
"El caso es que usted quiere criticarla por criticarla, válido, todo el mundo tiene derecho a escribir pendejadas y tu eres uno de ellos. Bye, lo dejo solo.",0,es,Colombian,twitter
Sabes? La gente es transicional... Van y vienen a nuestra vida a enseñar. Toma lo mejor,0,es,Colombian,twitter
ay no qué man tan aburrido,0,es,Colombian,twitter
"soy una enamorada del amor que se enamoró de otro enamorado del amor y vive su amor romántico en paz, la deconstrucción la dejo para otra vida",0,es,Colombian,twitter
"Bueno, ya no quiero hablar más con hinchas de equipos que no estén en finales",0,es,Colombian,twitter
Ahora quiero comerme el mundo y espero conocerte pronto sere youtuber tambien a si que se paciente chao crack saludos desde colombia,0,es,Colombian,twitter
Necesito 5 millones de pesos,0,es,Colombian,twitter
Trate de pelear contra el machismo de la industria y la miseria de la cultura de la cancelación pero quiero ir a cine entonces me iré a ver flash,0,es,Colombian,twitter
"El martes íbamos a iniciar contratación con una chica que se entrevistó el viernes, ese día salió con que otra empresa también le estaba ofreciendo contrato y que tenía mejores beneficios allá",0,es,Colombian,twitter
Con ganas de unirme al trend de las parejas o triejas pero es muy temprano para hacerlo. En unos dos años lo hago,0,es,Colombian,twitter
Es mejor dormir que salir con los más hipócritas y corruptos de este país,0,es,Colombian,twitter
Bueno no me voy a dormir pero no creo q vaya a revisar twt por el resto de la noche bye y descansen,0,es,Colombian,twitter
Jajajja los argumentos más pobres que he leído en toda mi historia,0,es,Colombian,twitter
Ganosa de un blanquito que sepa bailar salsa para que nos tiremos los pases,0,es,Colombian,twitter
vuelvan a poner de moda la salsa choke,0,es,Colombian,twitter
Yo te invito para cali colombia la ciudad de la salsa yo te asepto en mi apto si dises que si me escribes,0,es,Colombian,twitter
Que ganas de bailar salsa toda la noche,0,es,Colombian,twitter
Como cree tanto cuento y llego al huila?,0,es,Colombian,twitter
Voten por mi se más de cali que estos oportunistas,0,es,Colombian,twitter
"Vida malparida se me cayo la salsa de ajo y esa mierda me vale 16 lks , la vida del salado no tiene denscanso",0,es,Colombian,twitter
"Yo puedo pasar de escuchar Salsa a Reggaetón, Reggaetón a Vallenato, Vallenato a Rocksito, Rocksito a Bachata sin ningún problema",0,es,Colombian,twitter
Salsa de la vieja guardia,0,es,Colombian,twitter
"Mi papá escucha tangos y música para beber,, mi mamá escucha baladas...pero yo salí salsero y también me gusta el rock... Mejor dicho soy un mero sancocho.…",0,es,Colombian,twitter
"sexto en Vuelta a Suiza, que cerró con una cronoescalada de 25 kilómetros, donde Rigo brilló. Campeón Skjelmose, segundo Ayuso y tercero Evenepoel... En general fue un carrerón de Rigo... Tejada quedó en décimo lugar... Rigo es de acero",0,es,Colombian,twitter
"Que a mí, un animalista del centro del país, me diga que no puedo consumir tollo, siendo oriundo, respetando las vedas , conociendo de la pesca responsable y artesanal. se gana su cerro de mierda, con esa gente no se puede llegar a puntos medios.",0,es,Colombian,twitter
"Por Dios que uno tiene q saber que habla, el comentario chistoso le cerró una puerta; igual espero le abra otras pero lejos de mi",0,es,Colombian,twitter
Majestuosa es la vista desde nuestro Cerro de las Tres Cruces!,0,es,Colombian,twitter
Hoy desde el cerro de alcanzó a ver,0,es,Colombian,twitter
"Se me cerró una puerta del carro en la oreja que me operaron, y creo que es lo más cercano al dolor más hp que he sentido en mi vida",0,es,Colombian,twitter
Mk Obvio eso es el cerro de las tres cruces jajaja,0,es,Colombian,twitter
América de Cali cerró con triunfo el primer semestre de la Liga: le remontó al Boyacá Chicó en el Pascual,0,es,Colombian,twitter
Me volví a abrir el huequito de la oreja que se me cerró y confírmamos once again que soy una gallina,0,es,Colombian,twitter
Mañana subo al cerro así sea solo,0,es,Colombian,twitter
Convoco amigos para subir un cerro,0,es,Colombian,twitter
El próximo 26 de junio anunciaré una NOTICIA POSITIVA a todos los dueños de establecimientos comerciales en funcionamiento que los cerró la Alcaldía por medio de los inspectores de Policía… ¡Pendientes!,0,es,Colombian,twitter
"En recorrido por el Parque Ambiental ‘Corazón de Pance’ y el ecoparque cerro La Bandera, compartimos experiencias de restauración ecológica, un intercambio de experiencias entre sistemas de Áreas Protegidas de Cali y Calima-Darién",0,es,Colombian,twitter
"Por eso los abuelos van al cerro a pelearse con el diablo, se hace con su sangre",0,es,Colombian,twitter
Cali cerró el 2022 como el año con menos muertes violentas durante los últimos 35 años en su historia.,0,es,Colombian,twitter
Cerro no llegó a la final y nosotros perdimos otra final. El meme está hecho,0,es,Colombian,twitter
"A las 5 de la mañana solo se va al cerro, o se va al Gym, se va de paseo, pero trabajar nuuu Jajajaja",0,es,Colombian,twitter
Cali necesita otro cerro pero con 25 cruces para ahuyentar todos los demonios.,0,es,Colombian,twitter
Hoy me di cuenta que no solo se cerró 1 ciclo si no 2 ciclos de mi vida muy importante.,0,es,Colombian,twitter
Desde ya te mando un abrazo inmenso y mis mejores deseos en esta nueva vuelta al sol.,0,es,Colombian,twitter
Uff con ese sol de hoy aguantaba durisimo,0,es,Colombian,twitter
"Pasará igual como los gobiernos corruptos, NADA porque si algo es seguro es que los más poderosos que pelean por sus propios intereses es que sacan a un monton de idiotas accionistas de Transmilenio a chupar sol o agua sin saber que reclaman, en especial los payasos reservistas",0,es,Colombian,twitter
un buen dia a pesar del sol tan hpta,0,es,Colombian,twitter
"Como dice la frase, al final el sol brillara nuevamente. Ánimo",0,es,Colombian,twitter
"Que bajo a caído el periodismo Otrora época donde el periodista narraba hechos, sin sesgos, solo hechos Negar que hay una línea tendenciosa es como negar el sol",0,es,Colombian,twitter
"En Puertas del Sol escuchando las peticiones de los caleños, y su primer solicitud es seguridad, poder salir a la calle y disfrutar los espacios públicos, irse en el MÍO sin el miedo a que sea un paseo de la muerte, presencia institucional y oportunidades.",0,es,Colombian,twitter
"Bajo la luna, baila la luna con el sol de abril, la rosa baila con el colibrí.",0,es,Colombian,twitter
Hermoso un sol totalmente delicioso que recarga a cualquiera,0,es,Colombian,twitter
Ver cómo se esconde el sol en la playa uuffff placeres de la vida,0,es,Colombian,twitter
Por fin el sol se fue a la mierda.,0,es,Colombian,twitter
Oiga y este solazo ????,0,es,Colombian,twitter
"Con este solazo, solicitando piscina con niños grandes",0,es,Colombian,twitter
Gas ese solazo y la gente que come mondongo,0,es,Colombian,twitter
"Quien se apiada de mi y me trae al trabajo una jarrita de Champus, pa este solazo tan hpta…",0,es,Colombian,twitter
Aguanta como pance para este solazo,0,es,Colombian,twitter
Me pasa lo mismo en Bogotá. No me quemo con el solazo de Cali para irme a quemar en la nevera de la capital,0,es,Colombian,twitter
La piscina pega muy rico con este solazo,0,es,Colombian,twitter
Uy no vení pero qué es este solazo,0,es,Colombian,twitter
"Si ya está haciendo el solazo de la vida a esta hora, no me quiero imaginar cómo va a estar al mediodía",0,es,Colombian,twitter
La musica cura el alma,0,es,Colombian,twitter
Johanna escucha música muy bacana,0,es,Colombian,twitter
y así se gastan el presupuesto en cositas y uno añorando 2 milloncitos para hacer realidad el proyecto de escuela de música rural,0,es,Colombian,twitter
"La Negra Grande de Colombia, Leonor González Mina,la más grande de la música Colombiana. Y cuando hablo de racismo?",0,es,Colombian,twitter
Me agradan las mujeres que suben música no comercial,0,es,Colombian,twitter
"La felicidad del viejo, la tranquilidad de la vieja y la conexión total con la música y conmigo, eso ha sido lo mejor de esta etapa de break en el pueblo",0,es,Colombian,twitter
Alguien que le ponga música de Mozart por favor,0,es,Colombian,twitter
"Diosito, extraño la música de los hermanos Medina y Néctar, amén",0,es,Colombian,twitter
"Uno de los lugares favoritos para visitar es Popayán, una ciudad que se vive a pie, donde cada calle tiene su encanto y su propia historia. Popayán y Cali son ciudades que se abrazan, y comparten su amor por la música, la comida y la vida.",0,es,Colombian,twitter
Ya puedes tomar cerveza?,0,es,Colombian,twitter
"Cielo, que ha pasado?",0,es,Colombian,twitter
"Unas vacaciones al cielo, no pido mucho",0,es,Colombian,twitter
quisiera tanto poder verte de nuevo y corroborar que te fuiste pa’ vivir en algún cielo,0,es,Colombian,twitter
En el cielo se te olvidan los modales,0,es,Colombian,twitter
Mañana juega Colombia y si muero el cielo puede esperar!,0,es,Colombian,twitter
Vos te merecés el cielo,0,es,Colombian,twitter
"El cielo todo el día despejado, sin una nube, mucho calor. La noche igual. Solo quiere decir que mañana hara un calor del demonio.",0,es,Colombian,twitter
"Una belleza de cielo el de hoy en Cali, aunque mucho calor",0,es,Colombian,twitter
"Desde ayer en la tarde hemos tenido este cielo, anoche ví montones de estrellas, no recuerdo hace cuántas ví tantas.",0,es,Colombian,twitter
Nunca había visto el cielo tan despejado como hoy,0,es,Colombian,twitter
y los que lo tenemos en el cielo no participamos saludos a Sheila,0,es,Colombian,twitter
"Adelante, sin miedo a nada ni a nadie!",0,es,Colombian,twitter
De vuelta en la encantadora ciudad reflejo del cielo.,0,es,Colombian,twitter
"Lo MEJOR del plan de este lunes? La compañía de ALAIA, hija de nuestro compañero Pipe 💙. Ella me recordó que es por ellos, los niños y su felicidad, que trabajaremos con ORDEN y AUTORIDAD para volver a ser la Sucursal del Cielo.",0,es,Colombian,twitter
"Uno de los mejores planes caleños es visitar Pance. Esta vez estuvimos caminando con nuestro equipo por el Parque de la Salud. Así nos recargamos para seguir trabajando para que, con orden y autoridad, Cali vuelva a ser la ‘Sucursal del Cielo’.",0,es,Colombian,twitter
"Hace mucho tiempo no veía un día con el cielo tan despejado, tan azul y con una luz del sol tan dorada como hoy. El día parece portada de revista de los testigos de Jehová 😅. Puede ser un halago, quizá no.",0,es,Colombian,twitter
El cielo ha estado increíblemente despejado hoy en Cali. Que lindo día,0,es,Colombian,twitter
"Lunes festivo soleado, con cielo azul, al fondo: el imponente Nevado del Huila que pudo observarse desde varias zonas de la capital del Valle.",0,es,Colombian,twitter
"19 de junio de 2023 gente en la calles celebrando, 20 de junio de 2023 gente en las calles protestando por un gobierno corrupto",0,es,Colombian,twitter
Con Armitage estábamos en el cielo,0,es,Colombian,twitter
"Esperemos que esas mayorías se den en las próximas elecciones de alcaldes, concejales, gobernadores y diputados…",0,es,Colombian,twitter
Rico nosotros también estuvimos en rio pero no pudimos grabar,0,es,Colombian,twitter
Un día de rio eso lo fue lo mejor para mis vibras,0,es,Colombian,twitter
Con razón pance ya no es un río !! Ya es un caño !! Q tristeza 😢 GENTE TAN COCHINA !!,0,es,Colombian,twitter
Móntese al carro que vamos 2 km rio arriba más.,0,es,Colombian,twitter
Ir a Río un domingo es muy humilde,0,es,Colombian,twitter
jajaja y es que pensaban que el río era limpio o qué?,0,es,Colombian,twitter
"La verdad eso es lo de menos, más se contamina con plásticos y objetos que dejan tirados al lado del río",0,es,Colombian,twitter
"Si usted ve gente en el río pegada como sanguijuela de un mango, una guayaba, una hojaldra, a una oblea, seguro que están calmando la gorobeta, la popular monchis",0,es,Colombian,twitter
Ir al río pance es un plan tan perdible,0,es,Colombian,twitter
Mi familia se enoja conmigo porque me siento triste,0,es,Colombian,twitter
Yo ya fui a que el rio se llevara toda esa sal que tenía🤞🏼 ahora siiiii,0,es,Colombian,twitter
Usted cree en este teatro ? O quieres aprovechar el momento para pescar en río revuelto? Entienda que solo va conseguir votos Uribistas ! Esta de acuerdo con eso ? Ósea que usted piensa como Uribe ? Jummmm mwjor ni se vuelva a lanzar .,0,es,Colombian,twitter
"No se que es más aterrador , si el pescado que parece recién sacado del Río o que se lo coman con Arepa sin Sal",0,es,Colombian,twitter
"Caos vehicular por celebración del Día del Padre en el río Santa Teresita, oeste de Cali. Acceso colapsado por gran cantidad de personas en la zona.",0,es,Colombian,twitter
"Los estudiante que llevan a cabo su labor social en la Cruz Roja Valle y los voluntarios Juveniles llevaron a cabo una jornada de sensibilización a la comunidad caleña en el Boulevard del Río, en temas como donación voluntaria de sangre, mitos de la donación y sus beneficios.",0,es,Colombian,twitter
Terrible: hallan una cabeza humana en el río Guatapurí en Cesar,0,es,Colombian,twitter
La vía a Pance colapsa y la presencia de las autoridades es poca. La zona gastronómica de la Vorágine se queja por la falta de orden.,0,es,Colombian,twitter
"Aquí te contamos las acciones que desde la agroindustria de la caña impulsamos en pro de la productividad sostenible, el medio ambiente y el bienestar de la región",0,es,Colombian,twitter
Necesito ir a un rio ya.,0,es,Colombian,twitter
Dónde está la autoridad en cali?? Los carros parqueados en la mitad de la vía en avenida cañasgordas,0,es,Colombian,twitter
Debe ser la primera vez en mi vida que me río de esa risa de mierda,0,es,Colombian,twitter
"Para gastar en rumba lo pienso dos y tres veces, en cambio cuando se trata de planes como ir al rio, al lago, al mar, saco plata hasta de donde no tengo.",0,es,Colombian,twitter
Primer viajo que lo pago 100% y cero patrocinadores jajaja viva el trabajo,0,es,Colombian,twitter
"Si son de avena, son hasta sabrosas",0,es,Colombian,twitter
Agua que recorre cada rincón de su cuerpo,0,es,Colombian,twitter
se tardo dos minutos en contestarme,0,es,Colombian,twitter
La asistencia en el senado debería ser obligatoria tanta plata que cobran y como así que no están cuando van a votar?,0,es,Colombian,twitter
"recuerdan que día que casi me muero pq terminé remando en mar abierto?? pues volvimos a salir al mar y llegamos a un lugar con olas, de esas sapas que casi me matan del susto que día y yo estaba cagada pq hoy no usé chaleco salvavidas porque sentí el kayak muy mío",0,es,Colombian,twitter
"hoy fui al manglar, aunque tomé la ruta de salida al mar, encontré unos lugares increíbles y me acosté en el kayak, me dejé ir con los ojos abiertos y agradecí por haberle ganado a la depresión tantas veces y vivir para sentirme como me sentí hoy",0,es,Colombian,twitter
Castración y cadena perpetua.,0,es,Colombian,twitter
"LA CVC SEMBRÓ EN ULLOA EL ÁRBOL 7 MILLONES DEL PROGRAMA ""VALLE MÁS VERDE"" Y ENTREGÓ KITS DE AGROECOLOGIA",0,es,Colombian,twitter
Impresionante: una persona murió luego de que le cayera encima un árbol de diez metros,0,es,Colombian,twitter
"Un saludito para la señora que me grabó orinando en el árbol del parque anoche, si me voy viral la invito a una salchipapa",0,es,Colombian,twitter
"Buenos días, solo a la gente que va para la casa del árbol a rumbear hoy.",0,es,Colombian,twitter
Es mi último fincho en Palmira💗 los quiero ver a todos bailando en Casa del árbol!,0,es,Colombian,twitter
"Usted crea en la honestidad, dude de las noticias falsas. De eso dan todos los días. Porque al árbol 🌳 que más frutos dá, es al que más piedras le tiran.",0,es,Colombian,twitter
"Jajajaja ahora toca pedirles permiso a estos progres para poder hacer reuniones, al peor estilo de la Gestapo, sin su autorización no se mueve ni la hoja de un árbol.",0,es,Colombian,twitter
Yo la verdad pienso que Jesús debe ser un parche.,0,es,Colombian,twitter
Alguien sabe para qué es que sirve la infusión de hojas del árbol de mango?,0,es,Colombian,twitter
"Totalmente, este tipo llegó al senado con votación de progresistas y ahora vemos un personaje que ya se hace al árbol donde más sombra le da y como dicen por ahí el vota igual como lo hace la cabal, ya lo veré hacerle campaña, solo se aprovechó como muchos del estallido.",0,es,Colombian,twitter
"La verdad, una que promueva campañas como incitar a la cultura ciudadana y cuidado del medio ambiente, hoy en día pocas emisoras lo realizan y les ha salido favorable: ya sea sembrando un árbol, reciclaje, entre otros. Y sería mejor si lo hicieran con los más jóvenes.",0,es,Colombian,twitter
"Eso! O cuando veas que depositan residuos (basuras, escombros, muebles) en las vías y en días u horas que no son o un árbol caido o talado sin permiso o un taponamiento de un ducto de aguas por basuras o un manejo inadecuado de vertimentos o trafico ilegal de flora o fauna, etc.",0,es,Colombian,twitter
Cuando la mitad del grupo ya tiene 30 y la otra sigue en los 20,0,es,Colombian,twitter
Si me ven el sábado en la casa del árbol me abrazan y me dicen que todo va a estar bien,0,es,Colombian,twitter
Un hombre estaba sobre una rama de un árbol quedando atrapado a una altura de 5 metros y sin poder descender. Los bomberos rescataron al hombre con una máquina de altura en la Carrera 4 con Calle 12 B.,0,es,Colombian,twitter
Con el diablo no existe condena ? Judas no se colgó de un árbol después que lo compraron con unas monedas de oro?,0,es,Colombian,twitter
"O sea que pq no voy a donar $3.700 para un tal árbol, la tienda me vacío todo el carrito de compra?",0,es,Colombian,twitter
"""Para que las ramas de un árbol lleguen hasta el cielo, sus raíces deben llegar hasta el infierno"".",0,es,Colombian,twitter
El mejor jugo después del tomate de árbol,0,es,Colombian,twitter
Hermoso animal! Que lindo verlo encaramado en ese árbol.,0,es,Colombian,twitter
Ese es el nivel de educación de algunos exmilitar y para lo único que servían era para cambiar la vida una persona por una caja de arroz chino ... Nunca le pida frutos aún árbol que no tiene raíz,0,es,Colombian,twitter
En mi casa hay un árbol lleno de mango,0,es,Colombian,twitter
En ninguna cuadra si viches con sal y limón melos. Lo único es agradecer al hermano árbol por sus frutos,0,es,Colombian,twitter
"Y se supone que son prohibidos, está administración los va dejando por todos lados.",0,es,Colombian,twitter
"Cuatro jóvenes se accidentaron en la Cl13 Kr66, sur de Cali. El copiloto murió y tres jóvenes están graves en una clínica de la ciudad luego que el vehículo quedara destrozado tras chocar contra un árbol. Al parecer el vehículo iba a toda velocidad.",0,es,Colombian,twitter
"Sabias que? Cali fue distinguida por la ONU, como Ciudad Árbol... ? Nuestra ciudad registró la siembra de 150k árboles. Te esperamos en la Ciudad Árbol.",0,es,Colombian,twitter
Esa gente de árbol genealógico busca crear empatía para que no les señalen su racismo,0,es,Colombian,twitter
"Reportamos accidente a esta hora en Barrio Bochalema Cali, automóvil hizo giro a alta velocidad desde la Calle 42 hacia la Carrera 109 impactando tangencialmente árbol, perdiendo llanta izquierda se detuvo 50 metros más adelante quedando atravesado en la vía",0,es,Colombian,twitter
Fui por un vaso con agua a la cocina y regresé con dos tortillas con huevos revueltos y milo caliente.,0,es,Colombian,twitter
"Lo siento pero para mí no tiene ningún puto sentido un hombre de agua nobinario. No es una película para niños, es para todo público o familia. ¿Es que acaso usted ve a los niños pagando las boletas y entrando a las salas solos?",0,es,Colombian,twitter
Para que me des agua cuando me de sed,0,es,Colombian,twitter
"Agua hirviendo y listo o vinagre ,todas las verduras son asi",0,es,Colombian,twitter
Que envidia no poder ser ese agua que te acaricia,0,es,Colombian,twitter
Yo me tomo como 5 litros de agua al día,0,es,Colombian,twitter
"Increíble que el país con tantos problemas serios por resolver, como lo dice el mismo presidente ""la falta de agua en la Guajira"" y debatiendo como tener la juventud más perdida para así hacer lo que les da la gana!",0,es,Colombian,twitter
"Pasará igual como los gobiernos corruptos, NADA porque si algo es seguro es que los más poderosos que pelean por sus propios intereses es que sacan a un monton de idiotas accionistas de Transmilenio a chupar sol o agua sin saber que reclaman, en especial los payasos reservistas",0,es,Colombian,twitter
Mal hay tenía que llevarla a un punto con más corriente dónde fluya más el agua,0,es,Colombian,twitter
"Lo único seguro en esta vida es que por cada vaso de arroz, son dos de agua.",0,es,Colombian,twitter
"Mi prima: tío, enséñenos a nadar bajo el agua. Mi papá en su momento menos esquizofrénico: primero que todo, deben respirar por los oídos.",0,es,Colombian,twitter
"Normal, es como los ricos viviendo en ""zona rural"" pagando como 5mil de agua y luz",0,es,Colombian,twitter
